Data;Dia;month;is_holiday;is_pre_holiday;is_post_holiday;is_black_friday;is_christmas;is_mothers_day;is_month_start;is_month_end;is_pre_bf_dip;is_pre_bf_peak ;is_post_black_friday
01/01/2021;Friday;1;1;0;1;0;0;0;0;0;0;0;0
02/01/2021;Saturday;1;0;0;0;0;1;0;0;0;0;0;0
03/01/2021;Sunday;1;0;0;0;0;0;0;0;0;0;0;0
04/01/2021;Monday;1;0;0;0;0;0;0;0;0;0;0;0
05/01/2021;Tuesday;1;0;0;0;0;0;0;0;0;0;0;0
06/01/2021;Wednesday;1;0;0;0;0;0;0;0;0;0;0;0
07/01/2021;Thursday;1;0;0;0;0;0;0;0;0;0;0;0
08/01/2021;Friday;1;0;0;0;0;0;0;0;0;0;0;0
09/01/2021;Saturday;1;0;0;0;0;0;0;0;0;0;0;0
10/01/2021;Sunday;1;0;0;0;0;0;0;0;0;0;0;0
11/01/2021;Monday;1;0;0;0;0;0;0;0;0;0;0;0
12/01/2021;Tuesday;1;0;0;0;0;0;0;0;0;0;0;0
13/01/2021;Wednesday;1;0;0;0;0;0;0;0;0;0;0;0
14/01/2021;Thursday;1;0;0;0;0;0;0;0;0;0;0;0
15/01/2021;Friday;1;0;0;0;0;0;0;0;0;0;0;0
16/01/2021;Saturday;1;0;0;0;0;0;0;0;0;0;0;0
17/01/2021;Sunday;1;0;0;0;0;0;0;0;0;0;0;0
18/01/2021;Monday;1;0;0;0;0;0;0;0;0;0;0;0
19/01/2021;Tuesday;1;0;0;0;0;0;0;0;0;0;0;0
20/01/2021;Wednesday;1;0;0;0;0;0;0;0;0;0;0;0
21/01/2021;Thursday;1;0;0;0;0;0;0;0;0;0;0;0
22/01/2021;Friday;1;0;0;0;0;0;0;0;0;0;0;0
23/01/2021;Saturday;1;0;0;0;0;0;0;0;0;0;0;0
24/01/2021;Sunday;1;0;0;0;0;0;0;0;0;0;0;0
25/01/2021;Monday;1;0;0;0;0;0;0;0;0;0;0;0
26/01/2021;Tuesday;1;0;0;0;0;0;0;0;0;0;0;0
27/01/2021;Wednesday;1;0;0;0;0;0;0;0;0;0;0;0
28/01/2021;Thursday;1;0;0;0;0;0;0;0;0;0;0;0
29/01/2021;Friday;1;0;0;0;0;0;0;0;0;0;0;0
30/01/2021;Saturday;1;0;0;0;0;0;0;0;0;0;0;0
31/01/2021;Sunday;1;0;1;0;0;0;0;0;0;0;0;0
01/02/2021;Monday;2;1;0;0;0;0;0;0;0;0;0;0
02/02/2021;Tuesday;2;0;0;0;0;0;0;0;0;0;0;0
03/02/2021;Wednesday;2;0;0;0;0;0;0;0;0;0;0;0
04/02/2021;Thursday;2;0;0;0;0;0;0;0;0;0;0;0
05/02/2021;Friday;2;0;0;0;0;0;0;0;0;0;0;0
06/02/2021;Saturday;2;0;0;0;0;0;0;0;0;0;0;0
07/02/2021;Sunday;2;0;0;0;0;0;0;0;0;0;0;0
08/02/2021;Monday;2;0;0;0;0;0;0;0;0;0;0;0
09/02/2021;Tuesday;2;0;0;0;0;0;0;0;0;0;0;0
10/02/2021;Wednesday;2;0;0;0;0;0;0;0;0;0;0;0
11/02/2021;Thursday;2;0;0;0;0;0;0;0;0;0;0;0
12/02/2021;Friday;2;0;0;0;0;0;0;0;0;0;0;0
13/02/2021;Saturday;2;0;0;0;0;0;0;0;0;0;0;0
14/02/2021;Sunday;2;0;0;0;0;0;0;0;0;0;0;0
15/02/2021;Monday;2;0;0;0;0;0;0;0;0;0;0;0
16/02/2021;Tuesday;2;0;0;0;0;0;0;0;0;0;0;0
17/02/2021;Wednesday;2;0;0;0;0;0;0;0;0;0;0;0
18/02/2021;Thursday;2;0;0;0;0;0;0;0;0;0;0;0
19/02/2021;Friday;2;0;0;0;0;0;0;0;0;0;0;0
20/02/2021;Saturday;2;0;0;0;0;0;0;0;0;0;0;0
21/02/2021;Sunday;2;0;0;0;0;0;0;0;0;0;0;0
22/02/2021;Monday;2;0;0;0;0;0;0;0;0;0;0;0
23/02/2021;Tuesday;2;0;0;0;0;0;0;0;0;0;0;0
24/02/2021;Wednesday;2;0;0;0;0;0;0;0;0;0;0;0
25/02/2021;Thursday;2;0;0;0;0;0;0;0;0;0;0;0
26/02/2021;Friday;2;0;0;0;0;0;0;0;0;0;0;0
27/02/2021;Saturday;2;0;0;0;0;0;0;0;0;0;0;0
28/02/2021;Sunday;2;0;1;0;0;0;0;0;0;0;0;0
01/03/2021;Monday;3;1;0;0;0;0;0;0;0;0;0;0
02/03/2021;Tuesday;3;0;0;0;0;0;0;0;0;0;0;0
03/03/2021;Wednesday;3;0;0;0;0;0;0;0;0;0;0;0
04/03/2021;Thursday;3;0;0;0;0;0;0;0;0;0;0;0
05/03/2021;Friday;3;0;0;0;0;0;0;0;0;0;0;0
06/03/2021;Saturday;3;0;0;0;0;0;0;0;0;0;0;0
07/03/2021;Sunday;3;0;0;0;0;0;0;0;0;0;0;0
08/03/2021;Monday;3;0;0;0;0;0;0;0;0;0;0;0
09/03/2021;Tuesday;3;0;0;0;0;0;0;0;0;0;0;0
10/03/2021;Wednesday;3;0;0;0;0;0;0;0;0;0;0;0
11/03/2021;Thursday;3;0;0;0;0;0;0;0;0;0;0;0
12/03/2021;Friday;3;0;0;0;0;0;0;0;0;0;0;0
13/03/2021;Saturday;3;0;0;0;0;0;0;0;0;0;0;0
14/03/2021;Sunday;3;0;0;0;0;0;0;0;0;0;0;0
15/03/2021;Monday;3;0;0;0;0;0;0;0;0;0;0;0
16/03/2021;Tuesday;3;0;0;0;0;0;0;0;0;0;0;0
17/03/2021;Wednesday;3;0;0;0;0;0;0;0;0;0;0;0
18/03/2021;Thursday;3;0;0;0;0;0;0;0;0;0;0;0
19/03/2021;Friday;3;0;0;0;0;0;0;0;0;0;0;0
20/03/2021;Saturday;3;0;0;0;0;0;0;0;0;0;0;0
21/03/2021;Sunday;3;0;0;0;0;0;0;0;0;0;0;0
22/03/2021;Monday;3;0;0;0;0;0;0;0;0;0;0;0
23/03/2021;Tuesday;3;0;0;0;0;0;0;0;0;0;0;0
24/03/2021;Wednesday;3;0;0;0;0;0;0;0;0;0;0;0
25/03/2021;Thursday;3;0;0;0;0;0;0;0;0;0;0;0
26/03/2021;Friday;3;0;0;0;0;0;0;0;0;0;0;0
27/03/2021;Saturday;3;0;0;0;0;0;0;0;0;0;0;0
28/03/2021;Sunday;3;0;0;0;0;0;0;0;0;0;0;0
29/03/2021;Monday;3;0;0;0;0;0;0;0;0;0;0;0
30/03/2021;Tuesday;3;0;0;0;0;0;0;0;0;0;0;0
31/03/2021;Wednesday;3;0;1;0;0;0;0;0;0;0;0;0
01/04/2021;Thursday;4;1;0;0;0;0;0;0;0;0;0;0
02/04/2021;Friday;4;0;0;0;0;0;0;0;0;0;0;0
03/04/2021;Saturday;4;0;0;0;0;0;0;0;0;0;0;0
04/04/2021;Sunday;4;0;0;0;0;0;0;0;0;0;0;0
05/04/2021;Monday;4;0;0;0;0;0;0;0;0;0;0;0
06/04/2021;Tuesday;4;0;0;0;0;0;0;0;0;0;0;0
07/04/2021;Wednesday;4;0;0;0;0;0;0;0;0;0;0;0
08/04/2021;Thursday;4;0;0;0;0;0;0;0;0;0;0;0
09/04/2021;Friday;4;0;0;0;0;0;0;0;0;0;0;0
10/04/2021;Saturday;4;0;0;0;0;0;0;0;0;0;0;0
11/04/2021;Sunday;4;0;0;0;0;0;0;0;0;0;0;0
12/04/2021;Monday;4;0;0;0;0;0;0;0;0;0;0;0
13/04/2021;Tuesday;4;0;0;0;0;0;0;0;0;0;0;0
14/04/2021;Wednesday;4;0;0;0;0;0;0;0;0;0;0;0
15/04/2021;Thursday;4;0;0;0;0;0;0;0;0;0;0;0
16/04/2021;Friday;4;0;0;0;0;0;0;0;0;0;0;0
17/04/2021;Saturday;4;0;0;0;0;0;0;0;0;0;0;0
18/04/2021;Sunday;4;0;0;0;0;0;0;0;0;0;0;0
19/04/2021;Monday;4;0;0;0;0;0;0;0;0;0;0;0
20/04/2021;Tuesday;4;0;0;0;1;0;0;0;0;0;0;0
21/04/2021;Wednesday;4;0;0;1;0;0;0;0;0;0;0;0
22/04/2021;Thursday;4;0;0;0;0;1;0;0;0;0;0;0
23/04/2021;Friday;4;0;0;0;0;0;0;0;0;0;0;0
24/04/2021;Saturday;4;0;0;0;0;0;0;0;0;0;0;0
25/04/2021;Sunday;4;0;0;0;0;0;0;0;0;0;0;0
26/04/2021;Monday;4;0;0;0;0;0;0;0;0;0;0;0
27/04/2021;Tuesday;4;0;0;0;0;0;0;0;0;0;0;0
28/04/2021;Wednesday;4;0;0;0;0;0;0;0;0;0;0;0
29/04/2021;Thursday;4;0;0;0;0;0;0;0;0;0;0;0
30/04/2021;Friday;4;0;1;0;1;0;0;0;0;0;0;0
01/05/2021;Saturday;5;1;0;1;0;0;0;0;0;0;0;0
02/05/2021;Sunday;5;0;0;0;0;1;0;0;0;0;0;0
03/05/2021;Monday;5;0;0;0;0;0;0;0;0;0;0;0
04/05/2021;Tuesday;5;0;0;0;0;0;0;0;0;0;0;0
05/05/2021;Wednesday;5;0;0;0;0;0;0;0;0;0;0;0
06/05/2021;Thursday;5;0;0;0;0;0;0;0;0;0;0;0
07/05/2021;Friday;5;0;0;0;0;0;0;0;0;0;0;0
08/05/2021;Saturday;5;0;0;0;0;0;0;0;0;0;0;0
09/05/2021;Sunday;5;0;0;0;0;0;0;1;0;0;0;0
10/05/2021;Monday;5;0;0;0;0;0;0;0;0;0;0;0
11/05/2021;Tuesday;5;0;0;0;0;0;0;0;0;0;0;0
12/05/2021;Wednesday;5;0;0;0;0;0;0;0;0;0;0;0
13/05/2021;Thursday;5;0;0;0;0;0;0;0;0;0;0;0
14/05/2021;Friday;5;0;0;0;0;0;0;0;0;0;0;0
15/05/2021;Saturday;5;0;0;0;0;0;0;0;0;0;0;0
16/05/2021;Sunday;5;0;0;0;0;0;0;0;0;0;0;0
17/05/2021;Monday;5;0;0;0;0;0;0;0;0;0;0;0
18/05/2021;Tuesday;5;0;0;0;0;0;0;0;0;0;0;0
19/05/2021;Wednesday;5;0;0;0;0;0;0;0;0;0;0;0
20/05/2021;Thursday;5;0;0;0;0;0;0;0;0;0;0;0
21/05/2021;Friday;5;0;0;0;0;0;0;0;0;0;0;0
22/05/2021;Saturday;5;0;0;0;0;0;0;0;0;0;0;0
23/05/2021;Sunday;5;0;0;0;0;0;0;0;0;0;0;0
24/05/2021;Monday;5;0;0;0;0;0;0;0;0;0;0;0
25/05/2021;Tuesday;5;0;0;0;0;0;0;0;0;0;0;0
26/05/2021;Wednesday;5;0;0;0;0;0;0;0;0;0;0;0
27/05/2021;Thursday;5;0;0;0;0;0;0;0;0;0;0;0
28/05/2021;Friday;5;0;0;0;0;0;0;0;0;0;0;0
29/05/2021;Saturday;5;0;0;0;0;0;0;0;0;0;0;0
30/05/2021;Sunday;5;0;0;0;0;0;0;0;0;0;0;0
31/05/2021;Monday;5;0;1;0;0;0;0;0;0;0;0;0
01/06/2021;Tuesday;6;1;0;0;0;0;0;0;0;0;0;0
02/06/2021;Wednesday;6;0;0;0;0;0;0;0;0;0;0;0
03/06/2021;Thursday;6;0;0;0;0;0;0;0;0;0;0;0
04/06/2021;Friday;6;0;0;0;0;0;0;0;0;0;0;0
05/06/2021;Saturday;6;0;0;0;0;0;0;0;0;0;0;0
06/06/2021;Sunday;6;0;0;0;0;0;0;0;0;0;0;0
07/06/2021;Monday;6;0;0;0;0;0;0;0;0;0;0;0
08/06/2021;Tuesday;6;0;0;0;0;0;0;0;0;0;0;0
09/06/2021;Wednesday;6;0;0;0;0;0;0;0;0;0;0;0
10/06/2021;Thursday;6;0;0;0;0;0;0;0;0;0;0;0
11/06/2021;Friday;6;0;0;0;0;0;0;0;0;0;0;0
12/06/2021;Saturday;6;0;0;0;0;0;0;0;0;0;0;0
13/06/2021;Sunday;6;0;0;0;0;0;0;0;0;0;0;0
14/06/2021;Monday;6;0;0;0;0;0;0;0;0;0;0;0
15/06/2021;Tuesday;6;0;0;0;0;0;0;0;0;0;0;0
16/06/2021;Wednesday;6;0;0;0;0;0;0;0;0;0;0;0
17/06/2021;Thursday;6;0;0;0;0;0;0;0;0;0;0;0
18/06/2021;Friday;6;0;0;0;0;0;0;0;0;0;0;0
19/06/2021;Saturday;6;0;0;0;0;0;0;0;0;0;0;0
20/06/2021;Sunday;6;0;0;0;0;0;0;0;0;0;0;0
21/06/2021;Monday;6;0;0;0;0;0;0;0;0;0;0;0
22/06/2021;Tuesday;6;0;0;0;0;0;0;0;0;0;0;0
23/06/2021;Wednesday;6;0;0;0;0;0;0;0;0;0;0;0
24/06/2021;Thursday;6;0;0;0;0;0;0;0;0;0;0;0
25/06/2021;Friday;6;0;0;0;0;0;0;0;0;0;0;0
26/06/2021;Saturday;6;0;0;0;0;0;0;0;0;0;0;0
27/06/2021;Sunday;6;0;0;0;0;0;0;0;0;0;0;0
28/06/2021;Monday;6;0;0;0;0;0;0;0;0;0;0;0
29/06/2021;Tuesday;6;0;0;0;0;0;0;0;0;0;0;0
30/06/2021;Wednesday;6;0;1;0;0;0;0;0;0;0;0;0
01/07/2021;Thursday;7;1;0;0;0;0;0;0;0;0;0;0
02/07/2021;Friday;7;0;0;0;0;0;0;0;0;0;0;0
03/07/2021;Saturday;7;0;0;0;0;0;0;0;0;0;0;0
04/07/2021;Sunday;7;0;0;0;0;0;0;0;0;0;0;0
05/07/2021;Monday;7;0;0;0;0;0;0;0;0;0;0;0
06/07/2021;Tuesday;7;0;0;0;0;0;0;0;0;0;0;0
07/07/2021;Wednesday;7;0;0;0;0;0;0;0;0;0;0;0
08/07/2021;Thursday;7;0;0;0;0;0;0;0;0;0;0;0
09/07/2021;Friday;7;0;0;0;0;0;0;0;0;0;0;0
10/07/2021;Saturday;7;0;0;0;0;0;0;0;0;0;0;0
11/07/2021;Sunday;7;0;0;0;0;0;0;0;0;0;0;0
12/07/2021;Monday;7;0;0;0;0;0;0;0;0;0;0;0
13/07/2021;Tuesday;7;0;0;0;0;0;0;0;0;0;0;0
14/07/2021;Wednesday;7;0;0;0;0;0;0;0;0;0;0;0
15/07/2021;Thursday;7;0;0;0;0;0;0;0;0;0;0;0
16/07/2021;Friday;7;0;0;0;0;0;0;0;0;0;0;0
17/07/2021;Saturday;7;0;0;0;0;0;0;0;0;0;0;0
18/07/2021;Sunday;7;0;0;0;0;0;0;0;0;0;0;0
19/07/2021;Monday;7;0;0;0;0;0;0;0;0;0;0;0
20/07/2021;Tuesday;7;0;0;0;0;0;0;0;0;0;0;0
21/07/2021;Wednesday;7;0;0;0;0;0;0;0;0;0;0;0
22/07/2021;Thursday;7;0;0;0;0;0;0;0;0;0;0;0
23/07/2021;Friday;7;0;0;0;0;0;0;0;0;0;0;0
24/07/2021;Saturday;7;0;0;0;0;0;0;0;0;0;0;0
25/07/2021;Sunday;7;0;0;0;0;0;0;0;0;0;0;0
26/07/2021;Monday;7;0;0;0;0;0;0;0;0;0;0;0
27/07/2021;Tuesday;7;0;0;0;0;0;0;0;0;0;0;0
28/07/2021;Wednesday;7;0;0;0;0;0;0;0;0;0;0;0
29/07/2021;Thursday;7;0;0;0;0;0;0;0;0;0;0;0
30/07/2021;Friday;7;0;0;0;0;0;0;0;0;0;0;0
31/07/2021;Saturday;7;0;1;0;0;0;0;0;0;0;0;0
01/08/2021;Sunday;8;1;0;0;0;0;0;0;0;0;0;0
02/08/2021;Monday;8;0;0;0;0;0;0;0;0;0;0;0
03/08/2021;Tuesday;8;0;0;0;0;0;0;0;0;0;0;0
04/08/2021;Wednesday;8;0;0;0;0;0;0;0;0;0;0;0
05/08/2021;Thursday;8;0;0;0;0;0;0;0;0;0;0;0
06/08/2021;Friday;8;0;0;0;0;0;0;0;0;0;0;0
07/08/2021;Saturday;8;0;0;0;0;0;0;0;0;0;0;0
08/08/2021;Sunday;8;0;0;0;0;0;0;0;0;0;0;0
09/08/2021;Monday;8;0;0;0;0;0;0;0;0;0;0;0
10/08/2021;Tuesday;8;0;0;0;0;0;0;0;0;0;0;0
11/08/2021;Wednesday;8;0;0;0;0;0;0;0;0;0;0;0
12/08/2021;Thursday;8;0;0;0;0;0;0;0;0;0;0;0
13/08/2021;Friday;8;0;0;0;0;0;0;0;0;0;0;0
14/08/2021;Saturday;8;0;0;0;0;0;0;0;0;0;0;0
15/08/2021;Sunday;8;0;0;0;0;0;0;0;0;0;0;0
16/08/2021;Monday;8;0;0;0;0;0;0;0;0;0;0;0
17/08/2021;Tuesday;8;0;0;0;0;0;0;0;0;0;0;0
18/08/2021;Wednesday;8;0;0;0;0;0;0;0;0;0;0;0
19/08/2021;Thursday;8;0;0;0;0;0;0;0;0;0;0;0
20/08/2021;Friday;8;0;0;0;0;0;0;0;0;0;0;0
21/08/2021;Saturday;8;0;0;0;0;0;0;0;0;0;0;0
22/08/2021;Sunday;8;0;0;0;0;0;0;0;0;0;0;0
23/08/2021;Monday;8;0;0;0;0;0;0;0;0;0;0;0
24/08/2021;Tuesday;8;0;0;0;0;0;0;0;0;0;0;0
25/08/2021;Wednesday;8;0;0;0;0;0;0;0;0;0;0;0
26/08/2021;Thursday;8;0;0;0;0;0;0;0;0;0;0;0
27/08/2021;Friday;8;0;0;0;0;0;0;0;0;0;0;0
28/08/2021;Saturday;8;0;0;0;0;0;0;0;0;0;0;0
29/08/2021;Sunday;8;0;0;0;0;0;0;0;0;0;0;0
30/08/2021;Monday;8;0;0;0;0;0;0;0;0;0;0;0
31/08/2021;Tuesday;8;0;1;0;0;0;0;0;0;0;0;0
01/09/2021;Wednesday;9;1;0;0;0;0;0;0;0;0;0;0
02/09/2021;Thursday;9;0;0;0;0;0;0;0;0;0;0;0
03/09/2021;Friday;9;0;0;0;0;0;0;0;0;0;0;0
04/09/2021;Saturday;9;0;0;0;0;0;0;0;0;0;0;0
05/09/2021;Sunday;9;0;0;0;0;0;0;0;0;0;0;0
06/09/2021;Monday;9;0;0;0;1;0;0;0;0;0;0;0
07/09/2021;Tuesday;9;0;0;1;0;0;0;0;0;0;0;0
08/09/2021;Wednesday;9;0;0;0;0;1;0;0;0;0;0;0
09/09/2021;Thursday;9;0;0;0;0;0;0;0;0;0;0;0
10/09/2021;Friday;9;0;0;0;0;0;0;0;0;0;0;0
11/09/2021;Saturday;9;0;0;0;0;0;0;0;0;0;0;0
12/09/2021;Sunday;9;0;0;0;0;0;0;0;0;0;0;0
13/09/2021;Monday;9;0;0;0;0;0;0;0;0;0;0;0
14/09/2021;Tuesday;9;0;0;0;0;0;0;0;0;0;0;0
15/09/2021;Wednesday;9;0;0;0;0;0;0;0;0;0;0;0
16/09/2021;Thursday;9;0;0;0;0;0;0;0;0;0;0;0
17/09/2021;Friday;9;0;0;0;0;0;0;0;0;0;0;0
18/09/2021;Saturday;9;0;0;0;0;0;0;0;0;0;0;0
19/09/2021;Sunday;9;0;0;0;0;0;0;0;0;0;0;0
20/09/2021;Monday;9;0;0;0;0;0;0;0;0;0;0;0
21/09/2021;Tuesday;9;0;0;0;0;0;0;0;0;0;0;0
22/09/2021;Wednesday;9;0;0;0;0;0;0;0;0;0;0;0
23/09/2021;Thursday;9;0;0;0;0;0;0;0;0;0;0;0
24/09/2021;Friday;9;0;0;0;0;0;0;0;0;0;0;0
25/09/2021;Saturday;9;0;0;0;0;0;0;0;0;0;0;0
26/09/2021;Sunday;9;0;0;0;0;0;0;0;0;0;0;0
27/09/2021;Monday;9;0;0;0;0;0;0;0;0;0;0;0
28/09/2021;Tuesday;9;0;0;0;0;0;0;0;0;0;0;0
29/09/2021;Wednesday;9;0;0;0;0;0;0;0;0;0;0;0
30/09/2021;Thursday;9;0;1;0;0;0;0;0;0;0;0;0
01/10/2021;Friday;10;1;0;0;0;0;0;0;0;0;0;0
02/10/2021;Saturday;10;0;0;0;0;0;0;0;0;0;0;0
03/10/2021;Sunday;10;0;0;0;0;0;0;0;0;0;0;0
04/10/2021;Monday;10;0;0;0;0;0;0;0;0;0;0;0
05/10/2021;Tuesday;10;0;0;0;0;0;0;0;0;0;0;0
06/10/2021;Wednesday;10;0;0;0;0;0;0;0;0;0;0;0
07/10/2021;Thursday;10;0;0;0;0;0;0;0;0;0;0;0
08/10/2021;Friday;10;0;0;0;0;0;0;0;0;0;0;0
09/10/2021;Saturday;10;0;0;0;0;0;0;0;0;0;0;0
10/10/2021;Sunday;10;0;0;0;0;0;0;0;0;0;0;0
11/10/2021;Monday;10;0;0;0;1;0;0;0;0;0;0;0
12/10/2021;Tuesday;10;0;0;1;0;0;0;0;0;0;0;0
13/10/2021;Wednesday;10;0;0;0;0;1;0;0;0;0;0;0
14/10/2021;Thursday;10;0;0;0;0;0;0;0;0;0;0;0
15/10/2021;Friday;10;0;0;0;0;0;0;0;0;0;0;0
16/10/2021;Saturday;10;0;0;0;0;0;0;0;0;0;0;0
17/10/2021;Sunday;10;0;0;0;0;0;0;0;0;0;0;0
18/10/2021;Monday;10;0;0;0;0;0;0;0;0;0;0;0
19/10/2021;Tuesday;10;0;0;0;0;0;0;0;0;0;0;0
20/10/2021;Wednesday;10;0;0;0;0;0;0;0;0;0;0;0
21/10/2021;Thursday;10;0;0;0;0;0;0;0;0;0;0;0
22/10/2021;Friday;10;0;0;0;0;0;0;0;0;0;0;0
23/10/2021;Saturday;10;0;0;0;0;0;0;0;0;0;0;0
24/10/2021;Sunday;10;0;0;0;0;0;0;0;0;0;0;0
25/10/2021;Monday;10;0;0;0;0;0;0;0;0;0;0;0
26/10/2021;Tuesday;10;0;0;0;0;0;0;0;0;0;0;0
27/10/2021;Wednesday;10;0;0;0;0;0;0;0;0;0;0;0
28/10/2021;Thursday;10;0;0;0;0;0;0;0;0;0;0;0
29/10/2021;Friday;10;0;0;0;0;0;0;0;0;0;0;0
30/10/2021;Saturday;10;0;0;0;0;0;0;0;0;0;0;0
31/10/2021;Sunday;10;0;1;0;0;0;0;0;0;0;0;0
01/11/2021;Monday;11;1;0;0;1;0;0;0;0;0;0;0
02/11/2021;Tuesday;11;0;0;1;0;0;0;0;0;0;0;0
03/11/2021;Wednesday;11;0;0;0;0;1;0;0;0;0;0;0
04/11/2021;Thursday;11;0;0;0;0;0;0;0;0;0;0;0
05/11/2021;Friday;11;0;0;0;0;0;0;0;0;0;0;0
06/11/2021;Saturday;11;0;0;0;0;0;0;0;0;0;0;0
07/11/2021;Sunday;11;0;0;0;0;0;0;0;0;0;0;0
08/11/2021;Monday;11;0;0;0;0;0;0;0;0;0;0;0
09/11/2021;Tuesday;11;0;0;0;0;0;0;0;0;0;0;0
10/11/2021;Wednesday;11;0;0;0;0;0;0;0;0;0;0;0
11/11/2021;Thursday;11;0;0;0;0;0;0;0;0;0;0;0
12/11/2021;Friday;11;0;0;0;0;0;0;0;0;0;0;0
13/11/2021;Saturday;11;0;0;0;0;0;0;0;0;0;0;0
14/11/2021;Sunday;11;0;0;0;1;0;0;0;0;0;0;0
15/11/2021;Monday;11;0;0;1;0;0;0;0;0;0;0;0
16/11/2021;Tuesday;11;0;0;0;0;1;0;0;0;0;0;0
17/11/2021;Wednesday;11;0;0;0;0;0;0;0;0;0;0;0
18/11/2021;Thursday;11;0;0;0;0;0;0;0;0;0;0;0
19/11/2021;Friday;11;0;0;0;0;0;0;0;0;1;0;0
20/11/2021;Saturday;11;0;0;0;0;0;0;0;0;0;0;0
21/11/2021;Sunday;11;0;0;0;0;0;0;0;0;0;0;0
22/11/2021;Monday;11;0;0;0;0;0;0;0;0;0;0;0
23/11/2021;Tuesday;11;0;0;0;0;0;0;0;0;0;0;0
24/11/2021;Wednesday;11;0;0;0;0;0;0;0;0;0;0;0
25/11/2021;Thursday;11;0;0;0;0;0;0;0;0;0;1;0
26/11/2021;Friday;11;0;0;0;0;0;0;0;1;0;0;0
27/11/2021;Saturday;11;0;0;0;0;0;0;0;0;0;0;1
28/11/2021;Sunday;11;0;0;0;0;0;0;0;0;0;0;0
29/11/2021;Monday;11;0;0;0;0;0;0;0;0;0;0;0
30/11/2021;Tuesday;11;0;1;0;0;0;0;0;0;0;0;0
01/12/2021;Wednesday;12;1;0;0;0;0;0;0;0;0;0;0
02/12/2021;Thursday;12;0;0;0;0;0;0;0;0;0;0;0
03/12/2021;Friday;12;0;0;0;0;0;0;0;0;0;0;0
04/12/2021;Saturday;12;0;0;0;0;0;0;0;0;0;0;0
05/12/2021;Sunday;12;0;0;0;0;0;0;0;0;0;0;0
06/12/2021;Monday;12;0;0;0;0;0;0;0;0;0;0;0
07/12/2021;Tuesday;12;0;0;0;0;0;0;0;0;0;0;0
08/12/2021;Wednesday;12;0;0;0;0;0;0;0;0;0;0;0
09/12/2021;Thursday;12;0;0;0;0;0;0;0;0;0;0;0
10/12/2021;Friday;12;0;0;0;0;0;0;0;0;0;0;0
11/12/2021;Saturday;12;0;0;0;0;0;0;0;0;0;0;0
12/12/2021;Sunday;12;0;0;0;0;0;0;0;0;0;0;0
13/12/2021;Monday;12;0;0;0;0;0;0;0;0;0;0;0
14/12/2021;Tuesday;12;0;0;0;0;0;0;0;0;0;0;0
15/12/2021;Wednesday;12;0;0;0;0;0;0;0;0;0;0;0
16/12/2021;Thursday;12;0;0;0;0;0;0;0;0;0;0;0
17/12/2021;Friday;12;0;0;0;0;0;0;0;0;0;0;0
18/12/2021;Saturday;12;0;0;0;0;0;0;0;0;0;0;0
19/12/2021;Sunday;12;0;0;0;0;0;0;0;0;0;0;0
20/12/2021;Monday;12;0;0;0;0;0;0;0;0;0;0;0
21/12/2021;Tuesday;12;0;0;0;0;0;0;0;0;0;0;0
22/12/2021;Wednesday;12;0;0;0;0;0;0;0;0;0;0;0
23/12/2021;Thursday;12;0;0;0;0;0;0;0;0;0;0;0
24/12/2021;Friday;12;0;0;0;1;0;0;0;0;0;0;0
25/12/2021;Saturday;12;0;0;1;0;0;1;0;0;0;0;0
26/12/2021;Sunday;12;0;0;0;0;1;0;0;0;0;0;0
27/12/2021;Monday;12;0;0;0;0;0;0;0;0;0;0;0
28/12/2021;Tuesday;12;0;0;0;0;0;0;0;0;0;0;0
29/12/2021;Wednesday;12;0;0;0;0;0;0;0;0;0;0;0
30/12/2021;Thursday;12;0;0;0;0;0;0;0;0;0;0;0
31/12/2021;Friday;12;0;1;0;1;0;0;0;0;0;0;0
01/01/2022;Saturday;1;1;0;1;0;0;0;0;0;0;0;0
02/01/2022;Sunday;1;0;0;0;0;1;0;0;0;0;0;0
03/01/2022;Monday;1;0;0;0;0;0;0;0;0;0;0;0
04/01/2022;Tuesday;1;0;0;0;0;0;0;0;0;0;0;0
05/01/2022;Wednesday;1;0;0;0;0;0;0;0;0;0;0;0
06/01/2022;Thursday;1;0;0;0;0;0;0;0;0;0;0;0
07/01/2022;Friday;1;0;0;0;0;0;0;0;0;0;0;0
08/01/2022;Saturday;1;0;0;0;0;0;0;0;0;0;0;0
09/01/2022;Sunday;1;0;0;0;0;0;0;0;0;0;0;0
10/01/2022;Monday;1;0;0;0;0;0;0;0;0;0;0;0
11/01/2022;Tuesday;1;0;0;0;0;0;0;0;0;0;0;0
12/01/2022;Wednesday;1;0;0;0;0;0;0;0;0;0;0;0
13/01/2022;Thursday;1;0;0;0;0;0;0;0;0;0;0;0
14/01/2022;Friday;1;0;0;0;0;0;0;0;0;0;0;0
15/01/2022;Saturday;1;0;0;0;0;0;0;0;0;0;0;0
16/01/2022;Sunday;1;0;0;0;0;0;0;0;0;0;0;0
17/01/2022;Monday;1;0;0;0;0;0;0;0;0;0;0;0
18/01/2022;Tuesday;1;0;0;0;0;0;0;0;0;0;0;0
19/01/2022;Wednesday;1;0;0;0;0;0;0;0;0;0;0;0
20/01/2022;Thursday;1;0;0;0;0;0;0;0;0;0;0;0
21/01/2022;Friday;1;0;0;0;0;0;0;0;0;0;0;0
22/01/2022;Saturday;1;0;0;0;0;0;0;0;0;0;0;0
23/01/2022;Sunday;1;0;0;0;0;0;0;0;0;0;0;0
24/01/2022;Monday;1;0;0;0;0;0;0;0;0;0;0;0
25/01/2022;Tuesday;1;0;0;0;0;0;0;0;0;0;0;0
26/01/2022;Wednesday;1;0;0;0;0;0;0;0;0;0;0;0
27/01/2022;Thursday;1;0;0;0;0;0;0;0;0;0;0;0
28/01/2022;Friday;1;0;0;0;0;0;0;0;0;0;0;0
29/01/2022;Saturday;1;0;0;0;0;0;0;0;0;0;0;0
30/01/2022;Sunday;1;0;0;0;0;0;0;0;0;0;0;0
31/01/2022;Monday;1;0;1;0;0;0;0;0;0;0;0;0
01/02/2022;Tuesday;2;1;0;0;0;0;0;0;0;0;0;0
02/02/2022;Wednesday;2;0;0;0;0;0;0;0;0;0;0;0
03/02/2022;Thursday;2;0;0;0;0;0;0;0;0;0;0;0
04/02/2022;Friday;2;0;0;0;0;0;0;0;0;0;0;0
05/02/2022;Saturday;2;0;0;0;0;0;0;0;0;0;0;0
06/02/2022;Sunday;2;0;0;0;0;0;0;0;0;0;0;0
07/02/2022;Monday;2;0;0;0;0;0;0;0;0;0;0;0
08/02/2022;Tuesday;2;0;0;0;0;0;0;0;0;0;0;0
09/02/2022;Wednesday;2;0;0;0;0;0;0;0;0;0;0;0
10/02/2022;Thursday;2;0;0;0;0;0;0;0;0;0;0;0
11/02/2022;Friday;2;0;0;0;0;0;0;0;0;0;0;0
12/02/2022;Saturday;2;0;0;0;0;0;0;0;0;0;0;0
13/02/2022;Sunday;2;0;0;0;0;0;0;0;0;0;0;0
14/02/2022;Monday;2;0;0;0;0;0;0;0;0;0;0;0
15/02/2022;Tuesday;2;0;0;0;0;0;0;0;0;0;0;0
16/02/2022;Wednesday;2;0;0;0;0;0;0;0;0;0;0;0
17/02/2022;Thursday;2;0;0;0;0;0;0;0;0;0;0;0
18/02/2022;Friday;2;0;0;0;0;0;0;0;0;0;0;0
19/02/2022;Saturday;2;0;0;0;0;0;0;0;0;0;0;0
20/02/2022;Sunday;2;0;0;0;0;0;0;0;0;0;0;0
21/02/2022;Monday;2;0;0;0;0;0;0;0;0;0;0;0
22/02/2022;Tuesday;2;0;0;0;0;0;0;0;0;0;0;0
23/02/2022;Wednesday;2;0;0;0;0;0;0;0;0;0;0;0
24/02/2022;Thursday;2;0;0;0;0;0;0;0;0;0;0;0
25/02/2022;Friday;2;0;0;0;0;0;0;0;0;0;0;0
26/02/2022;Saturday;2;0;0;0;0;0;0;0;0;0;0;0
27/02/2022;Sunday;2;0;0;0;0;0;0;0;0;0;0;0
28/02/2022;Monday;2;0;1;0;0;0;0;0;0;0;0;0
01/03/2022;Tuesday;3;1;0;0;0;0;0;0;0;0;0;0
02/03/2022;Wednesday;3;0;0;0;0;0;0;0;0;0;0;0
03/03/2022;Thursday;3;0;0;0;0;0;0;0;0;0;0;0
04/03/2022;Friday;3;0;0;0;0;0;0;0;0;0;0;0
05/03/2022;Saturday;3;0;0;0;0;0;0;0;0;0;0;0
06/03/2022;Sunday;3;0;0;0;0;0;0;0;0;0;0;0
07/03/2022;Monday;3;0;0;0;0;0;0;0;0;0;0;0
08/03/2022;Tuesday;3;0;0;0;0;0;0;0;0;0;0;0
09/03/2022;Wednesday;3;0;0;0;0;0;0;0;0;0;0;0
10/03/2022;Thursday;3;0;0;0;0;0;0;0;0;0;0;0
11/03/2022;Friday;3;0;0;0;0;0;0;0;0;0;0;0
12/03/2022;Saturday;3;0;0;0;0;0;0;0;0;0;0;0
13/03/2022;Sunday;3;0;0;0;0;0;0;0;0;0;0;0
14/03/2022;Monday;3;0;0;0;0;0;0;0;0;0;0;0
15/03/2022;Tuesday;3;0;0;0;0;0;0;0;0;0;0;0
16/03/2022;Wednesday;3;0;0;0;0;0;0;0;0;0;0;0
17/03/2022;Thursday;3;0;0;0;0;0;0;0;0;0;0;0
18/03/2022;Friday;3;0;0;0;0;0;0;0;0;0;0;0
19/03/2022;Saturday;3;0;0;0;0;0;0;0;0;0;0;0
20/03/2022;Sunday;3;0;0;0;0;0;0;0;0;0;0;0
21/03/2022;Monday;3;0;0;0;0;0;0;0;0;0;0;0
22/03/2022;Tuesday;3;0;0;0;0;0;0;0;0;0;0;0
23/03/2022;Wednesday;3;0;0;0;0;0;0;0;0;0;0;0
24/03/2022;Thursday;3;0;0;0;0;0;0;0;0;0;0;0
25/03/2022;Friday;3;0;0;0;0;0;0;0;0;0;0;0
26/03/2022;Saturday;3;0;0;0;0;0;0;0;0;0;0;0
27/03/2022;Sunday;3;0;0;0;0;0;0;0;0;0;0;0
28/03/2022;Monday;3;0;0;0;0;0;0;0;0;0;0;0
29/03/2022;Tuesday;3;0;0;0;0;0;0;0;0;0;0;0
30/03/2022;Wednesday;3;0;0;0;0;0;0;0;0;0;0;0
31/03/2022;Thursday;3;0;1;0;0;0;0;0;0;0;0;0
01/04/2022;Friday;4;1;0;0;0;0;0;0;0;0;0;0
02/04/2022;Saturday;4;0;0;0;0;0;0;0;0;0;0;0
03/04/2022;Sunday;4;0;0;0;0;0;0;0;0;0;0;0
04/04/2022;Monday;4;0;0;0;0;0;0;0;0;0;0;0
05/04/2022;Tuesday;4;0;0;0;0;0;0;0;0;0;0;0
06/04/2022;Wednesday;4;0;0;0;0;0;0;0;0;0;0;0
07/04/2022;Thursday;4;0;0;0;0;0;0;0;0;0;0;0
08/04/2022;Friday;4;0;0;0;0;0;0;0;0;0;0;0
09/04/2022;Saturday;4;0;0;0;0;0;0;0;0;0;0;0
10/04/2022;Sunday;4;0;0;0;0;0;0;0;0;0;0;0
11/04/2022;Monday;4;0;0;0;0;0;0;0;0;0;0;0
12/04/2022;Tuesday;4;0;0;0;0;0;0;0;0;0;0;0
13/04/2022;Wednesday;4;0;0;0;0;0;0;0;0;0;0;0
14/04/2022;Thursday;4;0;0;0;0;0;0;0;0;0;0;0
15/04/2022;Friday;4;0;0;0;0;0;0;0;0;0;0;0
16/04/2022;Saturday;4;0;0;0;0;0;0;0;0;0;0;0
17/04/2022;Sunday;4;0;0;0;0;0;0;0;0;0;0;0
18/04/2022;Monday;4;0;0;0;0;0;0;0;0;0;0;0
19/04/2022;Tuesday;4;0;0;0;0;0;0;0;0;0;0;0
20/04/2022;Wednesday;4;0;0;0;1;0;0;0;0;0;0;0
21/04/2022;Thursday;4;0;0;1;0;0;0;0;0;0;0;0
22/04/2022;Friday;4;0;0;0;0;1;0;0;0;0;0;0
23/04/2022;Saturday;4;0;0;0;0;0;0;0;0;0;0;0
24/04/2022;Sunday;4;0;0;0;0;0;0;0;0;0;0;0
25/04/2022;Monday;4;0;0;0;0;0;0;0;0;0;0;0
26/04/2022;Tuesday;4;0;0;0;0;0;0;0;0;0;0;0
27/04/2022;Wednesday;4;0;0;0;0;0;0;0;0;0;0;0
28/04/2022;Thursday;4;0;0;0;0;0;0;0;0;0;0;0
29/04/2022;Friday;4;0;0;0;0;0;0;0;0;0;0;0
30/04/2022;Saturday;4;0;1;0;1;0;0;0;0;0;0;0
01/05/2022;Sunday;5;1;0;1;0;0;0;0;0;0;0;0
02/05/2022;Monday;5;0;0;0;0;1;0;0;0;0;0;0
03/05/2022;Tuesday;5;0;0;0;0;0;0;0;0;0;0;0
04/05/2022;Wednesday;5;0;0;0;0;0;0;0;0;0;0;0
05/05/2022;Thursday;5;0;0;0;0;0;0;0;0;0;0;0
06/05/2022;Friday;5;0;0;0;0;0;0;0;0;0;0;0
07/05/2022;Saturday;5;0;0;0;0;0;0;0;0;0;0;0
08/05/2022;Sunday;5;0;0;0;0;0;0;1;0;0;0;0
09/05/2022;Monday;5;0;0;0;0;0;0;0;0;0;0;0
10/05/2022;Tuesday;5;0;0;0;0;0;0;0;0;0;0;0
11/05/2022;Wednesday;5;0;0;0;0;0;0;0;0;0;0;0
12/05/2022;Thursday;5;0;0;0;0;0;0;0;0;0;0;0
13/05/2022;Friday;5;0;0;0;0;0;0;0;0;0;0;0
14/05/2022;Saturday;5;0;0;0;0;0;0;0;0;0;0;0
15/05/2022;Sunday;5;0;0;0;0;0;0;0;0;0;0;0
16/05/2022;Monday;5;0;0;0;0;0;0;0;0;0;0;0
17/05/2022;Tuesday;5;0;0;0;0;0;0;0;0;0;0;0
18/05/2022;Wednesday;5;0;0;0;0;0;0;0;0;0;0;0
19/05/2022;Thursday;5;0;0;0;0;0;0;0;0;0;0;0
20/05/2022;Friday;5;0;0;0;0;0;0;0;0;0;0;0
21/05/2022;Saturday;5;0;0;0;0;0;0;0;0;0;0;0
22/05/2022;Sunday;5;0;0;0;0;0;0;0;0;0;0;0
23/05/2022;Monday;5;0;0;0;0;0;0;0;0;0;0;0
24/05/2022;Tuesday;5;0;0;0;0;0;0;0;0;0;0;0
25/05/2022;Wednesday;5;0;0;0;0;0;0;0;0;0;0;0
26/05/2022;Thursday;5;0;0;0;0;0;0;0;0;0;0;0
27/05/2022;Friday;5;0;0;0;0;0;0;0;0;0;0;0
28/05/2022;Saturday;5;0;0;0;0;0;0;0;0;0;0;0
29/05/2022;Sunday;5;0;0;0;0;0;0;0;0;0;0;0
30/05/2022;Monday;5;0;0;0;0;0;0;0;0;0;0;0
31/05/2022;Tuesday;5;0;1;0;0;0;0;0;0;0;0;0
01/06/2022;Wednesday;6;1;0;0;0;0;0;0;0;0;0;0
02/06/2022;Thursday;6;0;0;0;0;0;0;0;0;0;0;0
03/06/2022;Friday;6;0;0;0;0;0;0;0;0;0;0;0
04/06/2022;Saturday;6;0;0;0;0;0;0;0;0;0;0;0
05/06/2022;Sunday;6;0;0;0;0;0;0;0;0;0;0;0
06/06/2022;Monday;6;0;0;0;0;0;0;0;0;0;0;0
07/06/2022;Tuesday;6;0;0;0;0;0;0;0;0;0;0;0
08/06/2022;Wednesday;6;0;0;0;0;0;0;0;0;0;0;0
09/06/2022;Thursday;6;0;0;0;0;0;0;0;0;0;0;0
10/06/2022;Friday;6;0;0;0;0;0;0;0;0;0;0;0
11/06/2022;Saturday;6;0;0;0;0;0;0;0;0;0;0;0
12/06/2022;Sunday;6;0;0;0;0;0;0;0;0;0;0;0
13/06/2022;Monday;6;0;0;0;0;0;0;0;0;0;0;0
14/06/2022;Tuesday;6;0;0;0;0;0;0;0;0;0;0;0
15/06/2022;Wednesday;6;0;0;0;0;0;0;0;0;0;0;0
16/06/2022;Thursday;6;0;0;0;0;0;0;0;0;0;0;0
17/06/2022;Friday;6;0;0;0;0;0;0;0;0;0;0;0
18/06/2022;Saturday;6;0;0;0;0;0;0;0;0;0;0;0
19/06/2022;Sunday;6;0;0;0;0;0;0;0;0;0;0;0
20/06/2022;Monday;6;0;0;0;0;0;0;0;0;0;0;0
21/06/2022;Tuesday;6;0;0;0;0;0;0;0;0;0;0;0
22/06/2022;Wednesday;6;0;0;0;0;0;0;0;0;0;0;0
23/06/2022;Thursday;6;0;0;0;0;0;0;0;0;0;0;0
24/06/2022;Friday;6;0;0;0;0;0;0;0;0;0;0;0
25/06/2022;Saturday;6;0;0;0;0;0;0;0;0;0;0;0
26/06/2022;Sunday;6;0;0;0;0;0;0;0;0;0;0;0
27/06/2022;Monday;6;0;0;0;0;0;0;0;0;0;0;0
28/06/2022;Tuesday;6;0;0;0;0;0;0;0;0;0;0;0
29/06/2022;Wednesday;6;0;0;0;0;0;0;0;0;0;0;0
30/06/2022;Thursday;6;0;1;0;0;0;0;0;0;0;0;0
01/07/2022;Friday;7;1;0;0;0;0;0;0;0;0;0;0
02/07/2022;Saturday;7;0;0;0;0;0;0;0;0;0;0;0
03/07/2022;Sunday;7;0;0;0;0;0;0;0;0;0;0;0
04/07/2022;Monday;7;0;0;0;0;0;0;0;0;0;0;0
05/07/2022;Tuesday;7;0;0;0;0;0;0;0;0;0;0;0
06/07/2022;Wednesday;7;0;0;0;0;0;0;0;0;0;0;0
07/07/2022;Thursday;7;0;0;0;0;0;0;0;0;0;0;0
08/07/2022;Friday;7;0;0;0;0;0;0;0;0;0;0;0
09/07/2022;Saturday;7;0;0;0;0;0;0;0;0;0;0;0
10/07/2022;Sunday;7;0;0;0;0;0;0;0;0;0;0;0
11/07/2022;Monday;7;0;0;0;0;0;0;0;0;0;0;0
12/07/2022;Tuesday;7;0;0;0;0;0;0;0;0;0;0;0
13/07/2022;Wednesday;7;0;0;0;0;0;0;0;0;0;0;0
14/07/2022;Thursday;7;0;0;0;0;0;0;0;0;0;0;0
15/07/2022;Friday;7;0;0;0;0;0;0;0;0;0;0;0
16/07/2022;Saturday;7;0;0;0;0;0;0;0;0;0;0;0
17/07/2022;Sunday;7;0;0;0;0;0;0;0;0;0;0;0
18/07/2022;Monday;7;0;0;0;0;0;0;0;0;0;0;0
19/07/2022;Tuesday;7;0;0;0;0;0;0;0;0;0;0;0
20/07/2022;Wednesday;7;0;0;0;0;0;0;0;0;0;0;0
21/07/2022;Thursday;7;0;0;0;0;0;0;0;0;0;0;0
22/07/2022;Friday;7;0;0;0;0;0;0;0;0;0;0;0
23/07/2022;Saturday;7;0;0;0;0;0;0;0;0;0;0;0
24/07/2022;Sunday;7;0;0;0;0;0;0;0;0;0;0;0
25/07/2022;Monday;7;0;0;0;0;0;0;0;0;0;0;0
26/07/2022;Tuesday;7;0;0;0;0;0;0;0;0;0;0;0
27/07/2022;Wednesday;7;0;0;0;0;0;0;0;0;0;0;0
28/07/2022;Thursday;7;0;0;0;0;0;0;0;0;0;0;0
29/07/2022;Friday;7;0;0;0;0;0;0;0;0;0;0;0
30/07/2022;Saturday;7;0;0;0;0;0;0;0;0;0;0;0
31/07/2022;Sunday;7;0;1;0;0;0;0;0;0;0;0;0
01/08/2022;Monday;8;1;0;0;0;0;0;0;0;0;0;0
02/08/2022;Tuesday;8;0;0;0;0;0;0;0;0;0;0;0
03/08/2022;Wednesday;8;0;0;0;0;0;0;0;0;0;0;0
04/08/2022;Thursday;8;0;0;0;0;0;0;0;0;0;0;0
05/08/2022;Friday;8;0;0;0;0;0;0;0;0;0;0;0
06/08/2022;Saturday;8;0;0;0;0;0;0;0;0;0;0;0
07/08/2022;Sunday;8;0;0;0;0;0;0;0;0;0;0;0
08/08/2022;Monday;8;0;0;0;0;0;0;0;0;0;0;0
09/08/2022;Tuesday;8;0;0;0;0;0;0;0;0;0;0;0
10/08/2022;Wednesday;8;0;0;0;0;0;0;0;0;0;0;0
11/08/2022;Thursday;8;0;0;0;0;0;0;0;0;0;0;0
12/08/2022;Friday;8;0;0;0;0;0;0;0;0;0;0;0
13/08/2022;Saturday;8;0;0;0;0;0;0;0;0;0;0;0
14/08/2022;Sunday;8;0;0;0;0;0;0;0;0;0;0;0
15/08/2022;Monday;8;0;0;0;0;0;0;0;0;0;0;0
16/08/2022;Tuesday;8;0;0;0;0;0;0;0;0;0;0;0
17/08/2022;Wednesday;8;0;0;0;0;0;0;0;0;0;0;0
18/08/2022;Thursday;8;0;0;0;0;0;0;0;0;0;0;0
19/08/2022;Friday;8;0;0;0;0;0;0;0;0;0;0;0
20/08/2022;Saturday;8;0;0;0;0;0;0;0;0;0;0;0
21/08/2022;Sunday;8;0;0;0;0;0;0;0;0;0;0;0
22/08/2022;Monday;8;0;0;0;0;0;0;0;0;0;0;0
23/08/2022;Tuesday;8;0;0;0;0;0;0;0;0;0;0;0
24/08/2022;Wednesday;8;0;0;0;0;0;0;0;0;0;0;0
25/08/2022;Thursday;8;0;0;0;0;0;0;0;0;0;0;0
26/08/2022;Friday;8;0;0;0;0;0;0;0;0;0;0;0
27/08/2022;Saturday;8;0;0;0;0;0;0;0;0;0;0;0
28/08/2022;Sunday;8;0;0;0;0;0;0;0;0;0;0;0
29/08/2022;Monday;8;0;0;0;0;0;0;0;0;0;0;0
30/08/2022;Tuesday;8;0;0;0;0;0;0;0;0;0;0;0
31/08/2022;Wednesday;8;0;1;0;0;0;0;0;0;0;0;0
01/09/2022;Thursday;9;1;0;0;0;0;0;0;0;0;0;0
02/09/2022;Friday;9;0;0;0;0;0;0;0;0;0;0;0
03/09/2022;Saturday;9;0;0;0;0;0;0;0;0;0;0;0
04/09/2022;Sunday;9;0;0;0;0;0;0;0;0;0;0;0
05/09/2022;Monday;9;0;0;0;0;0;0;0;0;0;0;0
06/09/2022;Tuesday;9;0;0;0;1;0;0;0;0;0;0;0
07/09/2022;Wednesday;9;0;0;1;0;0;0;0;0;0;0;0
08/09/2022;Thursday;9;0;0;0;0;1;0;0;0;0;0;0
09/09/2022;Friday;9;0;0;0;0;0;0;0;0;0;0;0
10/09/2022;Saturday;9;0;0;0;0;0;0;0;0;0;0;0
11/09/2022;Sunday;9;0;0;0;0;0;0;0;0;0;0;0
12/09/2022;Monday;9;0;0;0;0;0;0;0;0;0;0;0
13/09/2022;Tuesday;9;0;0;0;0;0;0;0;0;0;0;0
14/09/2022;Wednesday;9;0;0;0;0;0;0;0;0;0;0;0
15/09/2022;Thursday;9;0;0;0;0;0;0;0;0;0;0;0
16/09/2022;Friday;9;0;0;0;0;0;0;0;0;0;0;0
17/09/2022;Saturday;9;0;0;0;0;0;0;0;0;0;0;0
18/09/2022;Sunday;9;0;0;0;0;0;0;0;0;0;0;0
19/09/2022;Monday;9;0;0;0;0;0;0;0;0;0;0;0
20/09/2022;Tuesday;9;0;0;0;0;0;0;0;0;0;0;0
21/09/2022;Wednesday;9;0;0;0;0;0;0;0;0;0;0;0
22/09/2022;Thursday;9;0;0;0;0;0;0;0;0;0;0;0
23/09/2022;Friday;9;0;0;0;0;0;0;0;0;0;0;0
24/09/2022;Saturday;9;0;0;0;0;0;0;0;0;0;0;0
25/09/2022;Sunday;9;0;0;0;0;0;0;0;0;0;0;0
26/09/2022;Monday;9;0;0;0;0;0;0;0;0;0;0;0
27/09/2022;Tuesday;9;0;0;0;0;0;0;0;0;0;0;0
28/09/2022;Wednesday;9;0;0;0;0;0;0;0;0;0;0;0
29/09/2022;Thursday;9;0;0;0;0;0;0;0;0;0;0;0
30/09/2022;Friday;9;0;1;0;0;0;0;0;0;0;0;0
01/10/2022;Saturday;10;1;0;0;0;0;0;0;0;0;0;0
02/10/2022;Sunday;10;0;0;0;0;0;0;0;0;0;0;0
03/10/2022;Monday;10;0;0;0;0;0;0;0;0;0;0;0
04/10/2022;Tuesday;10;0;0;0;0;0;0;0;0;0;0;0
05/10/2022;Wednesday;10;0;0;0;0;0;0;0;0;0;0;0
06/10/2022;Thursday;10;0;0;0;0;0;0;0;0;0;0;0
07/10/2022;Friday;10;0;0;0;0;0;0;0;0;0;0;0
08/10/2022;Saturday;10;0;0;0;0;0;0;0;0;0;0;0
09/10/2022;Sunday;10;0;0;0;0;0;0;0;0;0;0;0
10/10/2022;Monday;10;0;0;0;0;0;0;0;0;0;0;0
11/10/2022;Tuesday;10;0;0;0;1;0;0;0;0;0;0;0
12/10/2022;Wednesday;10;0;0;1;0;0;0;0;0;0;0;0
13/10/2022;Thursday;10;0;0;0;0;1;0;0;0;0;0;0
14/10/2022;Friday;10;0;0;0;0;0;0;0;0;0;0;0
15/10/2022;Saturday;10;0;0;0;0;0;0;0;0;0;0;0
16/10/2022;Sunday;10;0;0;0;0;0;0;0;0;0;0;0
17/10/2022;Monday;10;0;0;0;0;0;0;0;0;0;0;0
18/10/2022;Tuesday;10;0;0;0;0;0;0;0;0;0;0;0
19/10/2022;Wednesday;10;0;0;0;0;0;0;0;0;0;0;0
20/10/2022;Thursday;10;0;0;0;0;0;0;0;0;0;0;0
21/10/2022;Friday;10;0;0;0;0;0;0;0;0;0;0;0
22/10/2022;Saturday;10;0;0;0;0;0;0;0;0;0;0;0
23/10/2022;Sunday;10;0;0;0;0;0;0;0;0;0;0;0
24/10/2022;Monday;10;0;0;0;0;0;0;0;0;0;0;0
25/10/2022;Tuesday;10;0;0;0;0;0;0;0;0;0;0;0
26/10/2022;Wednesday;10;0;0;0;0;0;0;0;0;0;0;0
27/10/2022;Thursday;10;0;0;0;0;0;0;0;0;0;0;0
28/10/2022;Friday;10;0;0;0;0;0;0;0;0;0;0;0
29/10/2022;Saturday;10;0;0;0;0;0;0;0;0;0;0;0
30/10/2022;Sunday;10;0;0;0;0;0;0;0;0;0;0;0
31/10/2022;Monday;10;0;1;0;0;0;0;0;0;0;0;0
01/11/2022;Tuesday;11;1;0;0;1;0;0;0;0;0;0;0
02/11/2022;Wednesday;11;0;0;1;0;0;0;0;0;0;0;0
03/11/2022;Thursday;11;0;0;0;0;1;0;0;0;0;0;0
04/11/2022;Friday;11;0;0;0;0;0;0;0;0;0;0;0
05/11/2022;Saturday;11;0;0;0;0;0;0;0;0;0;0;0
06/11/2022;Sunday;11;0;0;0;0;0;0;0;0;0;0;0
07/11/2022;Monday;11;0;0;0;0;0;0;0;0;0;0;0
08/11/2022;Tuesday;11;0;0;0;0;0;0;0;0;0;0;0
09/11/2022;Wednesday;11;0;0;0;0;0;0;0;0;0;0;0
10/11/2022;Thursday;11;0;0;0;0;0;0;0;0;0;0;0
11/11/2022;Friday;11;0;0;0;0;0;0;0;0;0;0;0
12/11/2022;Saturday;11;0;0;0;0;0;0;0;0;0;0;0
13/11/2022;Sunday;11;0;0;0;0;0;0;0;0;0;0;0
14/11/2022;Monday;11;0;0;0;1;0;0;0;0;0;0;0
15/11/2022;Tuesday;11;0;0;1;0;0;0;0;0;0;0;0
16/11/2022;Wednesday;11;0;0;0;0;1;0;0;0;0;0;0
17/11/2022;Thursday;11;0;0;0;0;0;0;0;0;0;0;0
18/11/2022;Friday;11;0;0;0;0;0;0;0;0;1;0;0
19/11/2022;Saturday;11;0;0;0;0;0;0;0;0;0;0;0
20/11/2022;Sunday;11;0;0;0;0;0;0;0;0;0;0;0
21/11/2022;Monday;11;0;0;0;0;0;0;0;0;0;0;0
22/11/2022;Tuesday;11;0;0;0;0;0;0;0;0;0;0;0
23/11/2022;Wednesday;11;0;0;0;0;0;0;0;0;0;0;0
24/11/2022;Thursday;11;0;0;0;0;0;0;0;0;0;1;0
25/11/2022;Friday;11;0;0;0;0;0;0;0;1;0;0;0
26/11/2022;Saturday;11;0;0;0;0;0;0;0;0;0;0;1
27/11/2022;Sunday;11;0;0;0;0;0;0;0;0;0;0;0
28/11/2022;Monday;11;0;0;0;0;0;0;0;0;0;0;0
29/11/2022;Tuesday;11;0;0;0;0;0;0;0;0;0;0;0
30/11/2022;Wednesday;11;0;1;0;0;0;0;0;0;0;0;0
01/12/2022;Thursday;12;1;0;0;0;0;0;0;0;0;0;0
02/12/2022;Friday;12;0;0;0;0;0;0;0;0;0;0;0
03/12/2022;Saturday;12;0;0;0;0;0;0;0;0;0;0;0
04/12/2022;Sunday;12;0;0;0;0;0;0;0;0;0;0;0
05/12/2022;Monday;12;0;0;0;0;0;0;0;0;0;0;0
06/12/2022;Tuesday;12;0;0;0;0;0;0;0;0;0;0;0
07/12/2022;Wednesday;12;0;0;0;0;0;0;0;0;0;0;0
08/12/2022;Thursday;12;0;0;0;0;0;0;0;0;0;0;0
09/12/2022;Friday;12;0;0;0;0;0;0;0;0;0;0;0
10/12/2022;Saturday;12;0;0;0;0;0;0;0;0;0;0;0
11/12/2022;Sunday;12;0;0;0;0;0;0;0;0;0;0;0
12/12/2022;Monday;12;0;0;0;0;0;0;0;0;0;0;0
13/12/2022;Tuesday;12;0;0;0;0;0;0;0;0;0;0;0
14/12/2022;Wednesday;12;0;0;0;0;0;0;0;0;0;0;0
15/12/2022;Thursday;12;0;0;0;0;0;0;0;0;0;0;0
16/12/2022;Friday;12;0;0;0;0;0;0;0;0;0;0;0
17/12/2022;Saturday;12;0;0;0;0;0;0;0;0;0;0;0
18/12/2022;Sunday;12;0;0;0;0;0;0;0;0;0;0;0
19/12/2022;Monday;12;0;0;0;0;0;0;0;0;0;0;0
20/12/2022;Tuesday;12;0;0;0;0;0;0;0;0;0;0;0
21/12/2022;Wednesday;12;0;0;0;0;0;0;0;0;0;0;0
22/12/2022;Thursday;12;0;0;0;0;0;0;0;0;0;0;0
23/12/2022;Friday;12;0;0;0;0;0;0;0;0;0;0;0
24/12/2022;Saturday;12;0;0;0;1;0;0;0;0;0;0;0
25/12/2022;Sunday;12;0;0;1;0;0;1;0;0;0;0;0
26/12/2022;Monday;12;0;0;0;0;1;0;0;0;0;0;0
27/12/2022;Tuesday;12;0;0;0;0;0;0;0;0;0;0;0
28/12/2022;Wednesday;12;0;0;0;0;0;0;0;0;0;0;0
29/12/2022;Thursday;12;0;0;0;0;0;0;0;0;0;0;0
30/12/2022;Friday;12;0;0;0;0;0;0;0;0;0;0;0
31/12/2022;Saturday;12;0;1;0;1;0;0;0;0;0;0;0
01/01/2023;Sunday;1;1;0;0;0;0;0;1;0;0;0;0
02/01/2023;Monday;1;0;0;1;0;0;0;0;0;0;0;0
03/01/2023;Tuesday;1;0;0;0;0;0;0;0;0;0;0;0
04/01/2023;Wednesday;1;0;0;0;0;0;0;0;0;0;0;0
05/01/2023;Thursday;1;0;0;0;0;0;0;0;0;0;0;0
06/01/2023;Friday;1;0;0;0;0;0;0;0;0;0;0;0
07/01/2023;Saturday;1;0;0;0;0;0;0;0;0;0;0;0
08/01/2023;Sunday;1;0;0;0;0;0;0;0;0;0;0;0
09/01/2023;Monday;1;0;0;0;0;0;0;0;0;0;0;0
10/01/2023;Tuesday;1;0;0;0;0;0;0;0;0;0;0;0
11/01/2023;Wednesday;1;0;0;0;0;0;0;0;0;0;0;0
12/01/2023;Thursday;1;0;0;0;0;0;0;0;0;0;0;0
13/01/2023;Friday;1;0;0;0;0;0;0;0;0;0;0;0
14/01/2023;Saturday;1;0;0;0;0;0;0;0;0;0;0;0
15/01/2023;Sunday;1;0;0;0;0;0;0;0;0;0;0;0
16/01/2023;Monday;1;0;0;0;0;0;0;0;0;0;0;0
17/01/2023;Tuesday;1;0;0;0;0;0;0;0;0;0;0;0
18/01/2023;Wednesday;1;0;0;0;0;0;0;0;0;0;0;0
19/01/2023;Thursday;1;0;0;0;0;0;0;0;0;0;0;0
20/01/2023;Friday;1;0;0;0;0;0;0;0;0;0;0;0
21/01/2023;Saturday;1;0;0;0;0;0;0;0;0;0;0;0
22/01/2023;Sunday;1;0;0;0;0;0;0;0;0;0;0;0
23/01/2023;Monday;1;0;0;0;0;0;0;0;0;0;0;0
24/01/2023;Tuesday;1;0;0;0;0;0;0;0;0;0;0;0
25/01/2023;Wednesday;1;0;0;0;0;0;0;0;0;0;0;0
26/01/2023;Thursday;1;0;0;0;0;0;0;0;0;0;0;0
27/01/2023;Friday;1;0;0;0;0;0;0;0;0;0;0;0
28/01/2023;Saturday;1;0;0;0;0;0;0;0;0;0;0;0
29/01/2023;Sunday;1;0;0;0;0;0;0;0;0;0;0;0
30/01/2023;Monday;1;0;0;0;0;0;0;0;0;0;0;0
31/01/2023;Tuesday;1;0;0;0;0;0;0;0;1;0;0;0
01/02/2023;Wednesday;2;0;0;0;0;0;0;1;0;0;0;0
02/02/2023;Thursday;2;0;0;0;0;0;0;0;0;0;0;0
03/02/2023;Friday;2;0;0;0;0;0;0;0;0;0;0;0
04/02/2023;Saturday;2;0;0;0;0;0;0;0;0;0;0;0
05/02/2023;Sunday;2;0;0;0;0;0;0;0;0;0;0;0
06/02/2023;Monday;2;0;0;0;0;0;0;0;0;0;0;0
07/02/2023;Tuesday;2;0;0;0;0;0;0;0;0;0;0;0
08/02/2023;Wednesday;2;0;0;0;0;0;0;0;0;0;0;0
09/02/2023;Thursday;2;0;0;0;0;0;0;0;0;0;0;0
10/02/2023;Friday;2;0;0;0;0;0;0;0;0;0;0;0
11/02/2023;Saturday;2;0;0;0;0;0;0;0;0;0;0;0
12/02/2023;Sunday;2;0;0;0;0;0;0;0;0;0;0;0
13/02/2023;Monday;2;0;0;0;0;0;0;0;0;0;0;0
14/02/2023;Tuesday;2;0;0;0;0;0;0;0;0;0;0;0
15/02/2023;Wednesday;2;0;0;0;0;0;0;0;0;0;0;0
16/02/2023;Thursday;2;0;0;0;0;0;0;0;0;0;0;0
17/02/2023;Friday;2;0;0;0;0;0;0;0;0;0;0;0
18/02/2023;Saturday;2;0;0;0;0;0;0;0;0;0;0;0
19/02/2023;Sunday;2;0;1;0;0;0;0;0;0;0;0;0
20/02/2023;Monday;2;1;1;0;0;0;0;0;0;0;0;0
21/02/2023;Tuesday;2;1;0;1;0;0;0;0;0;0;0;0
22/02/2023;Wednesday;2;0;0;1;0;0;0;0;0;0;0;0
23/02/2023;Thursday;2;0;0;0;0;0;0;0;0;0;0;0
24/02/2023;Friday;2;0;0;0;0;0;0;0;0;0;0;0
25/02/2023;Saturday;2;0;0;0;0;0;0;0;0;0;0;0
26/02/2023;Sunday;2;0;0;0;0;0;0;0;0;0;0;0
27/02/2023;Monday;2;0;0;0;0;0;0;0;0;0;0;0
28/02/2023;Tuesday;2;0;0;0;0;0;0;0;1;0;0;0
01/03/2023;Wednesday;3;0;0;0;0;0;0;1;0;0;0;0
02/03/2023;Thursday;3;0;0;0;0;0;0;0;0;0;0;0
03/03/2023;Friday;3;0;0;0;0;0;0;0;0;0;0;0
04/03/2023;Saturday;3;0;0;0;0;0;0;0;0;0;0;0
05/03/2023;Sunday;3;0;0;0;0;0;0;0;0;0;0;0
06/03/2023;Monday;3;0;0;0;0;0;0;0;0;0;0;0
07/03/2023;Tuesday;3;0;0;0;0;0;0;0;0;0;0;0
08/03/2023;Wednesday;3;0;0;0;0;0;0;0;0;0;0;0
09/03/2023;Thursday;3;0;0;0;0;0;0;0;0;0;0;0
10/03/2023;Friday;3;0;0;0;0;0;0;0;0;0;0;0
11/03/2023;Saturday;3;0;0;0;0;0;0;0;0;0;0;0
12/03/2023;Sunday;3;0;0;0;0;0;0;0;0;0;0;0
13/03/2023;Monday;3;0;0;0;0;0;0;0;0;0;0;0
14/03/2023;Tuesday;3;0;0;0;0;0;0;0;0;0;0;0
15/03/2023;Wednesday;3;0;0;0;0;0;0;0;0;0;0;0
16/03/2023;Thursday;3;0;0;0;0;0;0;0;0;0;0;0
17/03/2023;Friday;3;0;0;0;0;0;0;0;0;0;0;0
18/03/2023;Saturday;3;0;0;0;0;0;0;0;0;0;0;0
19/03/2023;Sunday;3;0;0;0;0;0;0;0;0;0;0;0
20/03/2023;Monday;3;0;0;0;0;0;0;0;0;0;0;0
21/03/2023;Tuesday;3;0;0;0;0;0;0;0;0;0;0;0
22/03/2023;Wednesday;3;0;0;0;0;0;0;0;0;0;0;0
23/03/2023;Thursday;3;0;0;0;0;0;0;0;0;0;0;0
24/03/2023;Friday;3;0;0;0;0;0;0;0;0;0;0;0
25/03/2023;Saturday;3;0;0;0;0;0;0;0;0;0;0;0
26/03/2023;Sunday;3;0;0;0;0;0;0;0;0;0;0;0
27/03/2023;Monday;3;0;0;0;0;0;0;0;0;0;0;0
28/03/2023;Tuesday;3;0;0;0;0;0;0;0;0;0;0;0
29/03/2023;Wednesday;3;0;0;0;0;0;0;0;0;0;0;0
30/03/2023;Thursday;3;0;0;0;0;0;0;0;0;0;0;0
31/03/2023;Friday;3;0;0;0;0;0;0;0;1;0;0;0
01/04/2023;Saturday;4;0;0;0;0;0;0;1;0;0;0;0
02/04/2023;Sunday;4;0;0;0;0;0;0;0;0;0;0;0
03/04/2023;Monday;4;0;0;0;0;0;0;0;0;0;0;0
04/04/2023;Tuesday;4;0;0;0;0;0;0;0;0;0;0;0
05/04/2023;Wednesday;4;0;0;0;0;0;0;0;0;0;0;0
06/04/2023;Thursday;4;0;1;0;0;0;0;0;0;0;0;0
07/04/2023;Friday;4;1;0;0;0;0;0;0;0;0;0;0
08/04/2023;Saturday;4;0;0;1;0;0;0;0;0;0;0;0
09/04/2023;Sunday;4;0;0;0;0;0;0;0;0;0;0;0
10/04/2023;Monday;4;0;0;0;0;0;0;0;0;0;0;0
11/04/2023;Tuesday;4;0;0;0;0;0;0;0;0;0;0;0
12/04/2023;Wednesday;4;0;0;0;0;0;0;0;0;0;0;0
13/04/2023;Thursday;4;0;0;0;0;0;0;0;0;0;0;0
14/04/2023;Friday;4;0;0;0;0;0;0;0;0;0;0;0
15/04/2023;Saturday;4;0;0;0;0;0;0;0;0;0;0;0
16/04/2023;Sunday;4;0;0;0;0;0;0;0;0;0;0;0
17/04/2023;Monday;4;0;0;0;0;0;0;0;0;0;0;0
18/04/2023;Tuesday;4;0;0;0;0;0;0;0;0;0;0;0
19/04/2023;Wednesday;4;0;0;0;0;0;0;0;0;0;0;0
20/04/2023;Thursday;4;0;1;0;0;0;0;0;0;0;0;0
21/04/2023;Friday;4;1;0;0;0;0;0;0;0;0;0;0
22/04/2023;Saturday;4;0;0;1;0;0;0;0;0;0;0;0
23/04/2023;Sunday;4;0;0;0;0;0;0;0;0;0;0;0
24/04/2023;Monday;4;0;0;0;0;0;0;0;0;0;0;0
25/04/2023;Tuesday;4;0;0;0;0;0;0;0;0;0;0;0
26/04/2023;Wednesday;4;0;0;0;0;0;0;0;0;0;0;0
27/04/2023;Thursday;4;0;0;0;0;0;0;0;0;0;0;0
28/04/2023;Friday;4;0;0;0;0;0;0;0;0;0;0;0
29/04/2023;Saturday;4;0;0;0;0;0;0;0;0;0;0;0
30/04/2023;Sunday;4;0;1;0;0;0;0;0;1;0;0;0
01/05/2023;Monday;5;1;0;0;0;0;0;1;0;0;0;0
02/05/2023;Tuesday;5;0;0;1;0;0;0;0;0;0;0;0
03/05/2023;Wednesday;5;0;0;0;0;0;0;0;0;0;0;0
04/05/2023;Thursday;5;0;0;0;0;0;0;0;0;0;0;0
05/05/2023;Friday;5;0;0;0;0;0;0;0;0;0;0;0
06/05/2023;Saturday;5;0;0;0;0;0;0;0;0;0;0;0
07/05/2023;Sunday;5;0;0;0;0;0;0;0;0;0;0;0
08/05/2023;Monday;5;0;0;0;0;0;0;0;0;0;0;0
09/05/2023;Tuesday;5;0;0;0;0;0;0;0;0;0;0;0
10/05/2023;Wednesday;5;0;0;0;0;0;0;0;0;0;0;0
11/05/2023;Thursday;5;0;0;0;0;0;0;0;0;0;0;0
12/05/2023;Friday;5;0;0;0;0;0;0;0;0;0;0;0
13/05/2023;Saturday;5;0;0;0;0;0;0;0;0;0;0;0
14/05/2023;Sunday;5;0;0;0;0;0;1;0;0;0;0;0
15/05/2023;Monday;5;0;0;0;0;0;0;0;0;0;0;0
16/05/2023;Tuesday;5;0;0;0;0;0;0;0;0;0;0;0
17/05/2023;Wednesday;5;0;0;0;0;0;0;0;0;0;0;0
18/05/2023;Thursday;5;0;0;0;0;0;0;0;0;0;0;0
19/05/2023;Friday;5;0;0;0;0;0;0;0;0;0;0;0
20/05/2023;Saturday;5;0;0;0;0;0;0;0;0;0;0;0
21/05/2023;Sunday;5;0;0;0;0;0;0;0;0;0;0;0
22/05/2023;Monday;5;0;0;0;0;0;0;0;0;0;0;0
23/05/2023;Tuesday;5;0;0;0;0;0;0;0;0;0;0;0
24/05/2023;Wednesday;5;0;0;0;0;0;0;0;0;0;0;0
25/05/2023;Thursday;5;0;0;0;0;0;0;0;0;0;0;0
26/05/2023;Friday;5;0;0;0;0;0;0;0;0;0;0;0
27/05/2023;Saturday;5;0;0;0;0;0;0;0;0;0;0;0
28/05/2023;Sunday;5;0;0;0;0;0;0;0;0;0;0;0
29/05/2023;Monday;5;0;0;0;0;0;0;0;0;0;0;0
30/05/2023;Tuesday;5;0;0;0;0;0;0;0;0;0;0;0
31/05/2023;Wednesday;5;0;0;0;0;0;0;0;1;0;0;0
01/06/2023;Thursday;6;0;0;0;0;0;0;1;0;0;0;0
02/06/2023;Friday;6;0;0;0;0;0;0;0;0;0;0;0
03/06/2023;Saturday;6;0;0;0;0;0;0;0;0;0;0;0
04/06/2023;Sunday;6;0;0;0;0;0;0;0;0;0;0;0
05/06/2023;Monday;6;0;0;0;0;0;0;0;0;0;0;0
06/06/2023;Tuesday;6;0;0;0;0;0;0;0;0;0;0;0
07/06/2023;Wednesday;6;0;0;0;0;0;0;0;0;0;0;0
08/06/2023;Thursday;6;0;0;0;0;0;0;0;0;0;0;0
09/06/2023;Friday;6;0;0;0;0;0;0;0;0;0;0;0
10/06/2023;Saturday;6;0;0;0;0;0;0;0;0;0;0;0
11/06/2023;Sunday;6;0;0;0;0;0;0;0;0;0;0;0
12/06/2023;Monday;6;0;0;0;0;0;0;0;0;0;0;0
13/06/2023;Tuesday;6;0;0;0;0;0;0;0;0;0;0;0
14/06/2023;Wednesday;6;0;0;0;0;0;0;0;0;0;0;0
15/06/2023;Thursday;6;0;0;0;0;0;0;0;0;0;0;0
16/06/2023;Friday;6;0;0;0;0;0;0;0;0;0;0;0
17/06/2023;Saturday;6;0;0;0;0;0;0;0;0;0;0;0
18/06/2023;Sunday;6;0;0;0;0;0;0;0;0;0;0;0
19/06/2023;Monday;6;0;0;0;0;0;0;0;0;0;0;0
20/06/2023;Tuesday;6;0;0;0;0;0;0;0;0;0;0;0
21/06/2023;Wednesday;6;0;0;0;0;0;0;0;0;0;0;0
22/06/2023;Thursday;6;0;0;0;0;0;0;0;0;0;0;0
23/06/2023;Friday;6;0;0;0;0;0;0;0;0;0;0;0
24/06/2023;Saturday;6;0;0;0;0;0;0;0;0;0;0;0
25/06/2023;Sunday;6;0;0;0;0;0;0;0;0;0;0;0
26/06/2023;Monday;6;0;0;0;0;0;0;0;0;0;0;0
27/06/2023;Tuesday;6;0;0;0;0;0;0;0;0;0;0;0
28/06/2023;Wednesday;6;0;0;0;0;0;0;0;0;0;0;0
29/06/2023;Thursday;6;0;0;0;0;0;0;0;0;0;0;0
30/06/2023;Friday;6;0;0;0;0;0;0;0;1;0;0;0
01/07/2023;Saturday;7;0;0;0;0;0;0;1;0;0;0;0
02/07/2023;Sunday;7;0;0;0;0;0;0;0;0;0;0;0
03/07/2023;Monday;7;0;0;0;0;0;0;0;0;0;0;0
04/07/2023;Tuesday;7;0;0;0;0;0;0;0;0;0;0;0
05/07/2023;Wednesday;7;0;0;0;0;0;0;0;0;0;0;0
06/07/2023;Thursday;7;0;0;0;0;0;0;0;0;0;0;0
07/07/2023;Friday;7;0;0;0;0;0;0;0;0;0;0;0
08/07/2023;Saturday;7;0;0;0;0;0;0;0;0;0;0;0
09/07/2023;Sunday;7;0;0;0;0;0;0;0;0;0;0;0
10/07/2023;Monday;7;0;0;0;0;0;0;0;0;0;0;0
11/07/2023;Tuesday;7;0;0;0;0;0;0;0;0;0;0;0
12/07/2023;Wednesday;7;0;0;0;0;0;0;0;0;0;0;0
13/07/2023;Thursday;7;0;0;0;0;0;0;0;0;0;0;0
14/07/2023;Friday;7;0;0;0;0;0;0;0;0;0;0;0
15/07/2023;Saturday;7;0;0;0;0;0;0;0;0;0;0;0
16/07/2023;Sunday;7;0;0;0;0;0;0;0;0;0;0;0
17/07/2023;Monday;7;0;0;0;0;0;0;0;0;0;0;0
18/07/2023;Tuesday;7;0;0;0;0;0;0;0;0;0;0;0
19/07/2023;Wednesday;7;0;0;0;0;0;0;0;0;0;0;0
20/07/2023;Thursday;7;0;0;0;0;0;0;0;0;0;0;0
21/07/2023;Friday;7;0;0;0;0;0;0;0;0;0;0;0
22/07/2023;Saturday;7;0;0;0;0;0;0;0;0;0;0;0
23/07/2023;Sunday;7;0;0;0;0;0;0;0;0;0;0;0
24/07/2023;Monday;7;0;0;0;0;0;0;0;0;0;0;0
25/07/2023;Tuesday;7;0;0;0;0;0;0;0;0;0;0;0
26/07/2023;Wednesday;7;0;0;0;0;0;0;0;0;0;0;0
27/07/2023;Thursday;7;0;0;0;0;0;0;0;0;0;0;0
28/07/2023;Friday;7;0;0;0;0;0;0;0;0;0;0;0
29/07/2023;Saturday;7;0;0;0;0;0;0;0;0;0;0;0
30/07/2023;Sunday;7;0;0;0;0;0;0;0;0;0;0;0
31/07/2023;Monday;7;0;0;0;0;0;0;0;1;0;0;0
01/08/2023;Tuesday;8;0;0;0;0;0;0;1;0;0;0;0
02/08/2023;Wednesday;8;0;0;0;0;0;0;0;0;0;0;0
03/08/2023;Thursday;8;0;0;0;0;0;0;0;0;0;0;0
04/08/2023;Friday;8;0;0;0;0;0;0;0;0;0;0;0
05/08/2023;Saturday;8;0;0;0;0;0;0;0;0;0;0;0
06/08/2023;Sunday;8;0;0;0;0;0;0;0;0;0;0;0
07/08/2023;Monday;8;0;0;0;0;0;0;0;0;0;0;0
08/08/2023;Tuesday;8;0;0;0;0;0;0;0;0;0;0;0
09/08/2023;Wednesday;8;0;0;0;0;0;0;0;0;0;0;0
10/08/2023;Thursday;8;0;0;0;0;0;0;0;0;0;0;0
11/08/2023;Friday;8;0;0;0;0;0;0;0;0;0;0;0
12/08/2023;Saturday;8;0;0;0;0;0;0;0;0;0;0;0
13/08/2023;Sunday;8;0;0;0;0;0;0;0;0;0;0;0
14/08/2023;Monday;8;0;0;0;0;0;0;0;0;0;0;0
15/08/2023;Tuesday;8;0;0;0;0;0;0;0;0;0;0;0
16/08/2023;Wednesday;8;0;0;0;0;0;0;0;0;0;0;0
17/08/2023;Thursday;8;0;0;0;0;0;0;0;0;0;0;0
18/08/2023;Friday;8;0;0;0;0;0;0;0;0;0;0;0
19/08/2023;Saturday;8;0;0;0;0;0;0;0;0;0;0;0
20/08/2023;Sunday;8;0;0;0;0;0;0;0;0;0;0;0
21/08/2023;Monday;8;0;0;0;0;0;0;0;0;0;0;0
22/08/2023;Tuesday;8;0;0;0;0;0;0;0;0;0;0;0
23/08/2023;Wednesday;8;0;0;0;0;0;0;0;0;0;0;0
24/08/2023;Thursday;8;0;0;0;0;0;0;0;0;0;0;0
25/08/2023;Friday;8;0;0;0;0;0;0;0;0;0;0;0
26/08/2023;Saturday;8;0;0;0;0;0;0;0;0;0;0;0
27/08/2023;Sunday;8;0;0;0;0;0;0;0;0;0;0;0
28/08/2023;Monday;8;0;0;0;0;0;0;0;0;0;0;0
29/08/2023;Tuesday;8;0;0;0;0;0;0;0;0;0;0;0
30/08/2023;Wednesday;8;0;0;0;0;0;0;0;0;0;0;0
31/08/2023;Thursday;8;0;0;0;0;0;0;0;1;0;0;0
01/09/2023;Friday;9;0;0;0;0;0;0;1;0;0;0;0
02/09/2023;Saturday;9;0;0;0;0;0;0;0;0;0;0;0
03/09/2023;Sunday;9;0;0;0;0;0;0;0;0;0;0;0
04/09/2023;Monday;9;0;0;0;0;0;0;0;0;0;0;0
05/09/2023;Tuesday;9;0;0;0;0;0;0;0;0;0;0;0
06/09/2023;Wednesday;9;0;1;0;0;0;0;0;0;0;0;0
07/09/2023;Thursday;9;1;0;0;0;0;0;0;0;0;0;0
08/09/2023;Friday;9;0;0;1;0;0;0;0;0;0;0;0
09/09/2023;Saturday;9;0;0;0;0;0;0;0;0;0;0;0
10/09/2023;Sunday;9;0;0;0;0;0;0;0;0;0;0;0
11/09/2023;Monday;9;0;0;0;0;0;0;0;0;0;0;0
12/09/2023;Tuesday;9;0;0;0;0;0;0;0;0;0;0;0
13/09/2023;Wednesday;9;0;0;0;0;0;0;0;0;0;0;0
14/09/2023;Thursday;9;0;0;0;0;0;0;0;0;0;0;0
15/09/2023;Friday;9;0;0;0;0;0;0;0;0;0;0;0
16/09/2023;Saturday;9;0;0;0;0;0;0;0;0;0;0;0
17/09/2023;Sunday;9;0;0;0;0;0;0;0;0;0;0;0
18/09/2023;Monday;9;0;0;0;0;0;0;0;0;0;0;0
19/09/2023;Tuesday;9;0;0;0;0;0;0;0;0;0;0;0
20/09/2023;Wednesday;9;0;0;0;0;0;0;0;0;0;0;0
21/09/2023;Thursday;9;0;0;0;0;0;0;0;0;0;0;0
22/09/2023;Friday;9;0;0;0;0;0;0;0;0;0;0;0
23/09/2023;Saturday;9;0;0;0;0;0;0;0;0;0;0;0
24/09/2023;Sunday;9;0;0;0;0;0;0;0;0;0;0;0
25/09/2023;Monday;9;0;0;0;0;0;0;0;0;0;0;0
26/09/2023;Tuesday;9;0;0;0;0;0;0;0;0;0;0;0
27/09/2023;Wednesday;9;0;0;0;0;0;0;0;0;0;0;0
28/09/2023;Thursday;9;0;0;0;0;0;0;0;0;0;0;0
29/09/2023;Friday;9;0;0;0;0;0;0;0;0;0;0;0
30/09/2023;Saturday;9;0;0;0;0;0;0;0;1;0;0;0
01/10/2023;Sunday;10;0;0;0;0;0;0;1;0;0;0;0
02/10/2023;Monday;10;0;0;0;0;0;0;0;0;0;0;0
03/10/2023;Tuesday;10;0;0;0;0;0;0;0;0;0;0;0
04/10/2023;Wednesday;10;0;0;0;0;0;0;0;0;0;0;0
05/10/2023;Thursday;10;0;0;0;0;0;0;0;0;0;0;0
06/10/2023;Friday;10;0;0;0;0;0;0;0;0;0;0;0
07/10/2023;Saturday;10;0;0;0;0;0;0;0;0;0;0;0
08/10/2023;Sunday;10;0;0;0;0;0;0;0;0;0;0;0
09/10/2023;Monday;10;0;0;0;0;0;0;0;0;0;0;0
10/10/2023;Tuesday;10;0;0;0;0;0;0;0;0;0;0;0
11/10/2023;Wednesday;10;0;1;0;0;0;0;0;0;0;0;0
12/10/2023;Thursday;10;1;0;0;0;0;0;0;0;0;0;0
13/10/2023;Friday;10;0;0;1;0;0;0;0;0;0;0;0
14/10/2023;Saturday;10;0;0;0;0;0;0;0;0;0;0;0
15/10/2023;Sunday;10;0;0;0;0;0;0;0;0;0;0;0
16/10/2023;Monday;10;0;0;0;0;0;0;0;0;0;0;0
17/10/2023;Tuesday;10;0;0;0;0;0;0;0;0;0;0;0
18/10/2023;Wednesday;10;0;0;0;0;0;0;0;0;0;0;0
19/10/2023;Thursday;10;0;0;0;0;0;0;0;0;0;0;0
20/10/2023;Friday;10;0;0;0;0;0;0;0;0;0;0;0
21/10/2023;Saturday;10;0;0;0;0;0;0;0;0;0;0;0
22/10/2023;Sunday;10;0;0;0;0;0;0;0;0;0;0;0
23/10/2023;Monday;10;0;0;0;0;0;0;0;0;0;0;0
24/10/2023;Tuesday;10;0;0;0;0;0;0;0;0;0;0;0
25/10/2023;Wednesday;10;0;0;0;0;0;0;0;0;0;0;0
26/10/2023;Thursday;10;0;0;0;0;0;0;0;0;0;0;0
27/10/2023;Friday;10;0;0;0;0;0;0;0;0;0;0;0
28/10/2023;Saturday;10;0;0;0;0;0;0;0;0;0;0;0
29/10/2023;Sunday;10;0;0;0;0;0;0;0;0;0;0;0
30/10/2023;Monday;10;0;0;0;0;0;0;0;0;0;0;0
31/10/2023;Tuesday;10;0;0;0;0;0;0;0;1;0;0;0
01/11/2023;Wednesday;11;0;1;0;0;0;0;1;0;0;0;0
02/11/2023;Thursday;11;1;0;0;0;0;0;0;0;0;0;0
03/11/2023;Friday;11;0;0;1;0;0;0;0;0;0;0;0
04/11/2023;Saturday;11;0;0;0;0;0;0;0;0;0;0;0
05/11/2023;Sunday;11;0;0;0;0;0;0;0;0;0;0;0
06/11/2023;Monday;11;0;0;0;0;0;0;0;0;0;0;0
07/11/2023;Tuesday;11;0;0;0;0;0;0;0;0;0;0;0
08/11/2023;Wednesday;11;0;0;0;0;0;0;0;0;0;0;0
09/11/2023;Thursday;11;0;0;0;0;0;0;0;0;0;0;0
10/11/2023;Friday;11;0;0;0;0;0;0;0;0;0;0;0
11/11/2023;Saturday;11;0;0;0;0;0;0;0;0;0;0;0
12/11/2023;Sunday;11;0;0;0;0;0;0;0;0;0;0;0
13/11/2023;Monday;11;0;0;0;0;0;0;0;0;0;0;0
14/11/2023;Tuesday;11;0;1;0;0;0;0;0;0;0;0;0
15/11/2023;Wednesday;11;1;0;0;0;0;0;0;0;0;0;0
16/11/2023;Thursday;11;0;0;1;0;0;0;0;0;0;0;0
17/11/2023;Friday;11;0;0;0;0;0;0;0;0;0;0;0
18/11/2023;Saturday;11;0;0;0;0;0;0;0;0;0;0;0
19/11/2023;Sunday;11;0;0;0;0;0;0;0;0;0;0;0
20/11/2023;Monday;11;0;0;0;0;0;0;0;0;1;0;0
21/11/2023;Tuesday;11;0;0;0;0;0;0;0;0;0;1;0
22/11/2023;Wednesday;11;0;0;0;0;0;0;0;0;0;1;0
23/11/2023;Thursday;11;0;0;0;0;0;0;0;0;0;1;0
24/11/2023;Friday;11;0;0;0;1;0;0;0;0;0;0;0
25/11/2023;Saturday;11;0;0;0;0;0;0;0;0;0;0;0
26/11/2023;Sunday;11;0;0;0;0;0;0;0;0;0;0;0
27/11/2023;Monday;11;0;0;0;0;0;0;0;0;0;0;1
28/11/2023;Tuesday;11;0;0;0;0;0;0;0;0;0;0;1
29/11/2023;Wednesday;11;0;0;0;0;0;0;0;0;0;0;1
30/11/2023;Thursday;11;0;0;0;0;0;0;0;1;0;0;1
01/12/2023;Friday;12;0;0;0;0;0;0;1;0;0;0;1
02/12/2023;Saturday;12;0;0;0;0;0;0;0;0;0;0;0
03/12/2023;Sunday;12;0;0;0;0;0;0;0;0;0;0;1
04/12/2023;Monday;12;0;0;0;0;0;0;0;0;0;0;1
05/12/2023;Tuesday;12;0;0;0;0;0;0;0;0;0;0;1
06/12/2023;Wednesday;12;0;0;0;0;0;0;0;0;0;0;1
07/12/2023;Thursday;12;0;0;0;0;0;0;0;0;0;0;1
08/12/2023;Friday;12;0;0;0;0;0;0;0;0;0;0;1
09/12/2023;Saturday;12;0;0;0;0;0;0;0;0;0;0;0
10/12/2023;Sunday;12;0;0;0;0;0;0;0;0;0;0;0
11/12/2023;Monday;12;0;0;0;0;0;0;0;0;0;0;0
12/12/2023;Tuesday;12;0;0;0;0;0;0;0;0;0;0;0
13/12/2023;Wednesday;12;0;0;0;0;0;0;0;0;0;0;0
14/12/2023;Thursday;12;0;0;0;0;0;0;0;0;0;0;0
15/12/2023;Friday;12;0;0;0;0;0;0;0;0;0;0;0
16/12/2023;Saturday;12;0;0;0;0;0;0;0;0;0;0;0
17/12/2023;Sunday;12;0;0;0;0;0;0;0;0;0;0;0
18/12/2023;Monday;12;0;0;0;0;0;0;0;0;0;0;0
19/12/2023;Tuesday;12;0;0;0;0;0;0;0;0;0;0;0
20/12/2023;Wednesday;12;0;0;0;0;0;0;0;0;0;0;0
21/12/2023;Thursday;12;0;0;0;0;0;0;0;0;0;0;0
22/12/2023;Friday;12;0;0;0;0;0;0;0;0;0;0;0
23/12/2023;Saturday;12;0;0;0;0;0;0;0;0;0;0;0
24/12/2023;Sunday;12;0;1;0;0;0;0;0;0;0;0;0
25/12/2023;Monday;12;1;0;0;0;1;0;0;0;0;0;0
26/12/2023;Tuesday;12;0;0;1;0;0;0;0;0;0;0;0
27/12/2023;Wednesday;12;0;0;0;0;0;0;0;0;0;0;0
28/12/2023;Thursday;12;0;0;0;0;0;0;0;0;0;0;0
29/12/2023;Friday;12;0;0;0;0;0;0;0;0;0;0;0
30/12/2023;Saturday;12;0;0;0;0;0;0;0;0;0;0;0
31/12/2023;Sunday;12;0;1;0;0;0;0;0;1;0;0;0
01/01/2024;Monday;1;1;0;0;0;0;0;1;0;0;0;0
02/01/2024;Tuesday;1;0;0;1;0;0;0;0;0;0;0;0
03/01/2024;Wednesday;1;0;0;0;0;0;0;0;0;0;0;0
04/01/2024;Thursday;1;0;0;0;0;0;0;0;0;0;0;0
05/01/2024;Friday;1;0;0;0;0;0;0;0;0;0;0;0
06/01/2024;Saturday;1;0;0;0;0;0;0;0;0;0;0;0
07/01/2024;Sunday;1;0;0;0;0;0;0;0;0;0;0;0
08/01/2024;Monday;1;0;0;0;0;0;0;0;0;0;0;0
09/01/2024;Tuesday;1;0;0;0;0;0;0;0;0;0;0;0
10/01/2024;Wednesday;1;0;0;0;0;0;0;0;0;0;0;0
11/01/2024;Thursday;1;0;0;0;0;0;0;0;0;0;0;0
12/01/2024;Friday;1;0;0;0;0;0;0;0;0;0;0;0
13/01/2024;Saturday;1;0;0;0;0;0;0;0;0;0;0;0
14/01/2024;Sunday;1;0;0;0;0;0;0;0;0;0;0;0
15/01/2024;Monday;1;0;0;0;0;0;0;0;0;0;0;0
16/01/2024;Tuesday;1;0;0;0;0;0;0;0;0;0;0;0
17/01/2024;Wednesday;1;0;0;0;0;0;0;0;0;0;0;0
18/01/2024;Thursday;1;0;0;0;0;0;0;0;0;0;0;0
19/01/2024;Friday;1;0;0;0;0;0;0;0;0;0;0;0
20/01/2024;Saturday;1;0;0;0;0;0;0;0;0;0;0;0
21/01/2024;Sunday;1;0;0;0;0;0;0;0;0;0;0;0
22/01/2024;Monday;1;0;0;0;0;0;0;0;0;0;0;0
23/01/2024;Tuesday;1;0;0;0;0;0;0;0;0;0;0;0
24/01/2024;Wednesday;1;0;0;0;0;0;0;0;0;0;0;0
25/01/2024;Thursday;1;0;0;0;0;0;0;0;0;0;0;0
26/01/2024;Friday;1;0;0;0;0;0;0;0;0;0;0;0
27/01/2024;Saturday;1;0;0;0;0;0;0;0;0;0;0;0
28/01/2024;Sunday;1;0;0;0;0;0;0;0;0;0;0;0
29/01/2024;Monday;1;0;0;0;0;0;0;0;0;0;0;0
30/01/2024;Tuesday;1;0;0;0;0;0;0;0;0;0;0;0
31/01/2024;Wednesday;1;0;0;0;0;0;0;0;1;0;0;0
01/02/2024;Thursday;2;0;0;0;0;0;0;1;0;0;0;0
02/02/2024;Friday;2;0;0;0;0;0;0;0;0;0;0;0
03/02/2024;Saturday;2;0;0;0;0;0;0;0;0;0;0;0
04/02/2024;Sunday;2;0;0;0;0;0;0;0;0;0;0;0
05/02/2024;Monday;2;0;0;0;0;0;0;0;0;0;0;0
06/02/2024;Tuesday;2;0;0;0;0;0;0;0;0;0;0;0
07/02/2024;Wednesday;2;0;0;0;0;0;0;0;0;0;0;0
08/02/2024;Thursday;2;0;0;0;0;0;0;0;0;0;0;0
09/02/2024;Friday;2;0;0;0;0;0;0;0;0;0;0;0
10/02/2024;Saturday;2;0;0;0;0;0;0;0;0;0;0;0
11/02/2024;Sunday;2;0;1;0;0;0;0;0;0;0;0;0
12/02/2024;Monday;2;1;1;0;0;0;0;0;0;0;0;0
13/02/2024;Tuesday;2;1;0;1;0;0;0;0;0;0;0;0
14/02/2024;Wednesday;2;0;0;1;0;0;0;0;0;0;0;0
15/02/2024;Thursday;2;0;0;0;0;0;0;0;0;0;0;0
16/02/2024;Friday;2;0;0;0;0;0;0;0;0;0;0;0
17/02/2024;Saturday;2;0;0;0;0;0;0;0;0;0;0;0
18/02/2024;Sunday;2;0;0;0;0;0;0;0;0;0;0;0
19/02/2024;Monday;2;0;0;0;0;0;0;0;0;0;0;0
20/02/2024;Tuesday;2;0;0;0;0;0;0;0;0;0;0;0
21/02/2024;Wednesday;2;0;0;0;0;0;0;0;0;0;0;0
22/02/2024;Thursday;2;0;0;0;0;0;0;0;0;0;0;0
23/02/2024;Friday;2;0;0;0;0;0;0;0;0;0;0;0
24/02/2024;Saturday;2;0;0;0;0;0;0;0;0;0;0;0
25/02/2024;Sunday;2;0;0;0;0;0;0;0;0;0;0;0
26/02/2024;Monday;2;0;0;0;0;0;0;0;0;0;0;0
27/02/2024;Tuesday;2;0;0;0;0;0;0;0;0;0;0;0
28/02/2024;Wednesday;2;0;0;0;0;0;0;0;0;0;0;0
29/02/2024;Thursday;2;0;0;0;0;0;0;0;1;0;0;0
01/03/2024;Friday;3;0;0;0;0;0;0;1;0;0;0;0
02/03/2024;Saturday;3;0;0;0;0;0;0;0;0;0;0;0
03/03/2024;Sunday;3;0;0;0;0;0;0;0;0;0;0;0
04/03/2024;Monday;3;0;0;0;0;0;0;0;0;0;0;0
05/03/2024;Tuesday;3;0;0;0;0;0;0;0;0;0;0;0
06/03/2024;Wednesday;3;0;0;0;0;0;0;0;0;0;0;0
07/03/2024;Thursday;3;0;0;0;0;0;0;0;0;0;0;0
08/03/2024;Friday;3;0;0;0;0;0;0;0;0;0;0;0
09/03/2024;Saturday;3;0;0;0;0;0;0;0;0;0;0;0
10/03/2024;Sunday;3;0;0;0;0;0;0;0;0;0;0;0
11/03/2024;Monday;3;0;0;0;0;0;0;0;0;0;0;0
12/03/2024;Tuesday;3;0;0;0;0;0;0;0;0;0;0;0
13/03/2024;Wednesday;3;0;0;0;0;0;0;0;0;0;0;0
14/03/2024;Thursday;3;0;0;0;0;0;0;0;0;0;0;0
15/03/2024;Friday;3;0;0;0;0;0;0;0;0;0;0;0
16/03/2024;Saturday;3;0;0;0;0;0;0;0;0;0;0;0
17/03/2024;Sunday;3;0;0;0;0;0;0;0;0;0;0;0
18/03/2024;Monday;3;0;0;0;0;0;0;0;0;0;0;0
19/03/2024;Tuesday;3;0;0;0;0;0;0;0;0;0;0;0
20/03/2024;Wednesday;3;0;0;0;0;0;0;0;0;0;0;0
21/03/2024;Thursday;3;0;0;0;0;0;0;0;0;0;0;0
22/03/2024;Friday;3;0;0;0;0;0;0;0;0;0;0;0
23/03/2024;Saturday;3;0;0;0;0;0;0;0;0;0;0;0
24/03/2024;Sunday;3;0;0;0;0;0;0;0;0;0;0;0
25/03/2024;Monday;3;0;0;0;0;0;0;0;0;0;0;0
26/03/2024;Tuesday;3;0;0;0;0;0;0;0;0;0;0;0
27/03/2024;Wednesday;3;0;0;0;0;0;0;0;0;0;0;0
28/03/2024;Thursday;3;0;1;0;0;0;0;0;0;0;0;0
29/03/2024;Friday;3;1;0;0;0;0;0;0;0;0;0;0
30/03/2024;Saturday;3;0;0;1;0;0;0;0;0;0;0;0
31/03/2024;Sunday;3;0;0;0;0;0;0;0;1;0;0;0
01/04/2024;Monday;4;0;0;0;0;0;0;1;0;0;0;0
02/04/2024;Tuesday;4;0;0;0;0;0;0;0;0;0;0;0
03/04/2024;Wednesday;4;0;0;0;0;0;0;0;0;0;0;0
04/04/2024;Thursday;4;0;0;0;0;0;0;0;0;0;0;0
05/04/2024;Friday;4;0;0;0;0;0;0;0;0;0;0;0
06/04/2024;Saturday;4;0;0;0;0;0;0;0;0;0;0;0
07/04/2024;Sunday;4;0;0;0;0;0;0;0;0;0;0;0
08/04/2024;Monday;4;0;0;0;0;0;0;0;0;0;0;0
09/04/2024;Tuesday;4;0;0;0;0;0;0;0;0;0;0;0
10/04/2024;Wednesday;4;0;0;0;0;0;0;0;0;0;0;0
11/04/2024;Thursday;4;0;0;0;0;0;0;0;0;0;0;0
12/04/2024;Friday;4;0;0;0;0;0;0;0;0;0;0;0
13/04/2024;Saturday;4;0;0;0;0;0;0;0;0;0;0;0
14/04/2024;Sunday;4;0;0;0;0;0;0;0;0;0;0;0
15/04/2024;Monday;4;0;0;0;0;0;0;0;0;0;0;0
16/04/2024;Tuesday;4;0;0;0;0;0;0;0;0;0;0;0
17/04/2024;Wednesday;4;0;0;0;0;0;0;0;0;0;0;0
18/04/2024;Thursday;4;0;0;0;0;0;0;0;0;0;0;0
19/04/2024;Friday;4;0;0;0;0;0;0;0;0;0;0;0
20/04/2024;Saturday;4;0;1;0;0;0;0;0;0;0;0;0
21/04/2024;Sunday;4;1;0;0;0;0;0;0;0;0;0;0
22/04/2024;Monday;4;0;0;1;0;0;0;0;0;0;0;0
23/04/2024;Tuesday;4;0;0;0;0;0;0;0;0;0;0;0
24/04/2024;Wednesday;4;0;0;0;0;0;0;0;0;0;0;0
25/04/2024;Thursday;4;0;0;0;0;0;0;0;0;0;0;0
26/04/2024;Friday;4;0;0;0;0;0;0;0;0;0;0;0
27/04/2024;Saturday;4;0;0;0;0;0;0;0;0;0;0;0
28/04/2024;Sunday;4;0;0;0;0;0;0;0;0;0;0;0
29/04/2024;Monday;4;0;0;0;0;0;0;0;0;0;0;0
30/04/2024;Tuesday;4;0;1;0;0;0;0;0;1;0;0;0
01/05/2024;Wednesday;5;1;0;0;0;0;0;1;0;0;0;0
02/05/2024;Thursday;5;0;0;1;0;0;0;0;0;0;0;0
03/05/2024;Friday;5;0;0;0;0;0;0;0;0;0;0;0
04/05/2024;Saturday;5;0;0;0;0;0;0;0;0;0;0;0
05/05/2024;Sunday;5;0;0;0;0;0;0;0;0;0;0;0
06/05/2024;Monday;5;0;0;0;0;0;0;0;0;0;0;0
07/05/2024;Tuesday;5;0;0;0;0;0;0;0;0;0;0;0
08/05/2024;Wednesday;5;0;0;0;0;0;0;0;0;0;0;0
09/05/2024;Thursday;5;0;0;0;0;0;0;0;0;0;0;0
10/05/2024;Friday;5;0;0;0;0;0;0;0;0;0;0;0
11/05/2024;Saturday;5;0;0;0;0;0;0;0;0;0;0;0
12/05/2024;Sunday;5;0;0;0;0;0;1;0;0;0;0;0
13/05/2024;Monday;5;0;0;0;0;0;0;0;0;0;0;0
14/05/2024;Tuesday;5;0;0;0;0;0;0;0;0;0;0;0
15/05/2024;Wednesday;5;0;0;0;0;0;0;0;0;0;0;0
16/05/2024;Thursday;5;0;0;0;0;0;0;0;0;0;0;0
17/05/2024;Friday;5;0;0;0;0;0;0;0;0;0;0;0
18/05/2024;Saturday;5;0;0;0;0;0;0;0;0;0;0;0
19/05/2024;Sunday;5;0;0;0;0;0;0;0;0;0;0;0
20/05/2024;Monday;5;0;0;0;0;0;0;0;0;0;0;0
21/05/2024;Tuesday;5;0;0;0;0;0;0;0;0;0;0;0
22/05/2024;Wednesday;5;0;0;0;0;0;0;0;0;0;0;0
23/05/2024;Thursday;5;0;0;0;0;0;0;0;0;0;0;0
24/05/2024;Friday;5;0;0;0;0;0;0;0;0;0;0;0
25/05/2024;Saturday;5;0;0;0;0;0;0;0;0;0;0;0
26/05/2024;Sunday;5;0;0;0;0;0;0;0;0;0;0;0
27/05/2024;Monday;5;0;0;0;0;0;0;0;0;0;0;0
28/05/2024;Tuesday;5;0;0;0;0;0;0;0;0;0;0;0
29/05/2024;Wednesday;5;0;0;0;0;0;0;0;0;0;0;0
30/05/2024;Thursday;5;0;0;0;0;0;0;0;0;0;0;0
31/05/2024;Friday;5;0;0;0;0;0;0;0;1;0;0;0
01/06/2024;Saturday;6;0;0;0;0;0;0;1;0;0;0;0
02/06/2024;Sunday;6;0;0;0;0;0;0;0;0;0;0;0
03/06/2024;Monday;6;0;0;0;0;0;0;0;0;0;0;0
04/06/2024;Tuesday;6;0;0;0;0;0;0;0;0;0;0;0
05/06/2024;Wednesday;6;0;0;0;0;0;0;0;0;0;0;0
06/06/2024;Thursday;6;0;0;0;0;0;0;0;0;0;0;0
07/06/2024;Friday;6;0;0;0;0;0;0;0;0;0;0;0
08/06/2024;Saturday;6;0;0;0;0;0;0;0;0;0;0;0
09/06/2024;Sunday;6;0;0;0;0;0;0;0;0;0;0;0
10/06/2024;Monday;6;0;0;0;0;0;0;0;0;0;0;0
11/06/2024;Tuesday;6;0;0;0;0;0;0;0;0;0;0;0
12/06/2024;Wednesday;6;0;0;0;0;0;0;0;0;0;0;0
13/06/2024;Thursday;6;0;0;0;0;0;0;0;0;0;0;0
14/06/2024;Friday;6;0;0;0;0;0;0;0;0;0;0;0
15/06/2024;Saturday;6;0;0;0;0;0;0;0;0;0;0;0
16/06/2024;Sunday;6;0;0;0;0;0;0;0;0;0;0;0
17/06/2024;Monday;6;0;0;0;0;0;0;0;0;0;0;0
18/06/2024;Tuesday;6;0;0;0;0;0;0;0;0;0;0;0
19/06/2024;Wednesday;6;0;0;0;0;0;0;0;0;0;0;0
20/06/2024;Thursday;6;0;0;0;0;0;0;0;0;0;0;0
21/06/2024;Friday;6;0;0;0;0;0;0;0;0;0;0;0
22/06/2024;Saturday;6;0;0;0;0;0;0;0;0;0;0;0
23/06/2024;Sunday;6;0;0;0;0;0;0;0;0;0;0;0
24/06/2024;Monday;6;0;0;0;0;0;0;0;0;0;0;0
25/06/2024;Tuesday;6;0;0;0;0;0;0;0;0;0;0;0
26/06/2024;Wednesday;6;0;0;0;0;0;0;0;0;0;0;0
27/06/2024;Thursday;6;0;0;0;0;0;0;0;0;0;0;0
28/06/2024;Friday;6;0;0;0;0;0;0;0;0;0;0;0
29/06/2024;Saturday;6;0;0;0;0;0;0;0;0;0;0;0
30/06/2024;Sunday;6;0;0;0;0;0;0;0;1;0;0;0
01/07/2024;Monday;7;0;0;0;0;0;0;1;0;0;0;0
02/07/2024;Tuesday;7;0;0;0;0;0;0;0;0;0;0;0
03/07/2024;Wednesday;7;0;0;0;0;0;0;0;0;0;0;0
04/07/2024;Thursday;7;0;0;0;0;0;0;0;0;0;0;0
05/07/2024;Friday;7;0;0;0;0;0;0;0;0;0;0;0
06/07/2024;Saturday;7;0;0;0;0;0;0;0;0;0;0;0
07/07/2024;Sunday;7;0;0;0;0;0;0;0;0;0;0;0
08/07/2024;Monday;7;0;0;0;0;0;0;0;0;0;0;0
09/07/2024;Tuesday;7;0;0;0;0;0;0;0;0;0;0;0
10/07/2024;Wednesday;7;0;0;0;0;0;0;0;0;0;0;0
11/07/2024;Thursday;7;0;0;0;0;0;0;0;0;0;0;0
12/07/2024;Friday;7;0;0;0;0;0;0;0;0;0;0;0
13/07/2024;Saturday;7;0;0;0;0;0;0;0;0;0;0;0
14/07/2024;Sunday;7;0;0;0;0;0;0;0;0;0;0;0
15/07/2024;Monday;7;0;0;0;0;0;0;0;0;0;0;0
16/07/2024;Tuesday;7;0;0;0;0;0;0;0;0;0;0;0
17/07/2024;Wednesday;7;0;0;0;0;0;0;0;0;0;0;0
18/07/2024;Thursday;7;0;0;0;0;0;0;0;0;0;0;0
19/07/2024;Friday;7;0;0;0;0;0;0;0;0;0;0;0
20/07/2024;Saturday;7;0;0;0;0;0;0;0;0;0;0;0
21/07/2024;Sunday;7;0;0;0;0;0;0;0;0;0;0;0
22/07/2024;Monday;7;0;0;0;0;0;0;0;0;0;0;0
23/07/2024;Tuesday;7;0;0;0;0;0;0;0;0;0;0;0
24/07/2024;Wednesday;7;0;0;0;0;0;0;0;0;0;0;0
25/07/2024;Thursday;7;0;0;0;0;0;0;0;0;0;0;0
26/07/2024;Friday;7;0;0;0;0;0;0;0;0;0;0;0
27/07/2024;Saturday;7;0;0;0;0;0;0;0;0;0;0;0
28/07/2024;Sunday;7;0;0;0;0;0;0;0;0;0;0;0
29/07/2024;Monday;7;0;0;0;0;0;0;0;0;0;0;0
30/07/2024;Tuesday;7;0;0;0;0;0;0;0;0;0;0;0
31/07/2024;Wednesday;7;0;0;0;0;0;0;0;1;0;0;0
01/08/2024;Thursday;8;0;0;0;0;0;0;1;0;0;0;0
02/08/2024;Friday;8;0;0;0;0;0;0;0;0;0;0;0
03/08/2024;Saturday;8;0;0;0;0;0;0;0;0;0;0;0
04/08/2024;Sunday;8;0;0;0;0;0;0;0;0;0;0;0
05/08/2024;Monday;8;0;0;0;0;0;0;0;0;0;0;0
06/08/2024;Tuesday;8;0;0;0;0;0;0;0;0;0;0;0
07/08/2024;Wednesday;8;0;0;0;0;0;0;0;0;0;0;0
08/08/2024;Thursday;8;0;0;0;0;0;0;0;0;0;0;0
09/08/2024;Friday;8;0;0;0;0;0;0;0;0;0;0;0
10/08/2024;Saturday;8;0;0;0;0;0;0;0;0;0;0;0
11/08/2024;Sunday;8;0;0;0;0;0;0;0;0;0;0;0
12/08/2024;Monday;8;0;0;0;0;0;0;0;0;0;0;0
13/08/2024;Tuesday;8;0;0;0;0;0;0;0;0;0;0;0
14/08/2024;Wednesday;8;0;0;0;0;0;0;0;0;0;0;0
15/08/2024;Thursday;8;0;0;0;0;0;0;0;0;0;0;0
16/08/2024;Friday;8;0;0;0;0;0;0;0;0;0;0;0
17/08/2024;Saturday;8;0;0;0;0;0;0;0;0;0;0;0
18/08/2024;Sunday;8;0;0;0;0;0;0;0;0;0;0;0
19/08/2024;Monday;8;0;0;0;0;0;0;0;0;0;0;0
20/08/2024;Tuesday;8;0;0;0;0;0;0;0;0;0;0;0
21/08/2024;Wednesday;8;0;0;0;0;0;0;0;0;0;0;0
22/08/2024;Thursday;8;0;0;0;0;0;0;0;0;0;0;0
23/08/2024;Friday;8;0;0;0;0;0;0;0;0;0;0;0
24/08/2024;Saturday;8;0;0;0;0;0;0;0;0;0;0;0
25/08/2024;Sunday;8;0;0;0;0;0;0;0;0;0;0;0
26/08/2024;Monday;8;0;0;0;0;0;0;0;0;0;0;0
27/08/2024;Tuesday;8;0;0;0;0;0;0;0;0;0;0;0
28/08/2024;Wednesday;8;0;0;0;0;0;0;0;0;0;0;0
29/08/2024;Thursday;8;0;0;0;0;0;0;0;0;0;0;0
30/08/2024;Friday;8;0;0;0;0;0;0;0;0;0;0;0
31/08/2024;Saturday;8;0;0;0;0;0;0;0;1;0;0;0
01/09/2024;Sunday;9;0;0;0;0;0;0;1;0;0;0;0
02/09/2024;Monday;9;0;0;0;0;0;0;0;0;0;0;0
03/09/2024;Tuesday;9;0;0;0;0;0;0;0;0;0;0;0
04/09/2024;Wednesday;9;0;0;0;0;0;0;0;0;0;0;0
05/09/2024;Thursday;9;0;0;0;0;0;0;0;0;0;0;0
06/09/2024;Friday;9;0;1;0;0;0;0;0;0;0;0;0
07/09/2024;Saturday;9;1;0;0;0;0;0;0;0;0;0;0
08/09/2024;Sunday;9;0;0;1;0;0;0;0;0;0;0;0
09/09/2024;Monday;9;0;0;0;0;0;0;0;0;0;0;0
10/09/2024;Tuesday;9;0;0;0;0;0;0;0;0;0;0;0
11/09/2024;Wednesday;9;0;0;0;0;0;0;0;0;0;0;0
12/09/2024;Thursday;9;0;0;0;0;0;0;0;0;0;0;0
13/09/2024;Friday;9;0;0;0;0;0;0;0;0;0;0;0
14/09/2024;Saturday;9;0;0;0;0;0;0;0;0;0;0;0
15/09/2024;Sunday;9;0;0;0;0;0;0;0;0;0;0;0
16/09/2024;Monday;9;0;0;0;0;0;0;0;0;0;0;0
17/09/2024;Tuesday;9;0;0;0;0;0;0;0;0;0;0;0
18/09/2024;Wednesday;9;0;0;0;0;0;0;0;0;0;0;0
19/09/2024;Thursday;9;0;0;0;0;0;0;0;0;0;0;0
20/09/2024;Friday;9;0;0;0;0;0;0;0;0;0;0;0
21/09/2024;Saturday;9;0;0;0;0;0;0;0;0;0;0;0
22/09/2024;Sunday;9;0;0;0;0;0;0;0;0;0;0;0
23/09/2024;Monday;9;0;0;0;0;0;0;0;0;0;0;0
24/09/2024;Tuesday;9;0;0;0;0;0;0;0;0;0;0;0
25/09/2024;Wednesday;9;0;0;0;0;0;0;0;0;0;0;0
26/09/2024;Thursday;9;0;0;0;0;0;0;0;0;0;0;0
27/09/2024;Friday;9;0;0;0;0;0;0;0;0;0;0;0
28/09/2024;Saturday;9;0;0;0;0;0;0;0;0;0;0;0
29/09/2024;Sunday;9;0;0;0;0;0;0;0;0;0;0;0
30/09/2024;Monday;9;0;0;0;0;0;0;0;1;0;0;0
01/10/2024;Tuesday;10;0;0;0;0;0;0;1;0;0;0;0
02/10/2024;Wednesday;10;0;0;0;0;0;0;0;0;0;0;0
03/10/2024;Thursday;10;0;0;0;0;0;0;0;0;0;0;0
04/10/2024;Friday;10;0;0;0;0;0;0;0;0;0;0;0
05/10/2024;Saturday;10;0;0;0;0;0;0;0;0;0;0;0
06/10/2024;Sunday;10;0;0;0;0;0;0;0;0;0;0;0
07/10/2024;Monday;10;0;0;0;0;0;0;0;0;0;0;0
08/10/2024;Tuesday;10;0;0;0;0;0;0;0;0;0;0;0
09/10/2024;Wednesday;10;0;0;0;0;0;0;0;0;0;0;0
10/10/2024;Thursday;10;0;0;0;0;0;0;0;0;0;0;0
11/10/2024;Friday;10;0;1;0;0;0;0;0;0;0;0;0
12/10/2024;Saturday;10;1;0;0;0;0;0;0;0;0;0;0
13/10/2024;Sunday;10;0;0;1;0;0;0;0;0;0;0;0
14/10/2024;Monday;10;0;0;0;0;0;0;0;0;0;0;0
15/10/2024;Tuesday;10;0;0;0;0;0;0;0;0;0;0;0
16/10/2024;Wednesday;10;0;0;0;0;0;0;0;0;0;0;0
17/10/2024;Thursday;10;0;0;0;0;0;0;0;0;0;0;0
18/10/2024;Friday;10;0;0;0;0;0;0;0;0;0;0;0
19/10/2024;Saturday;10;0;0;0;0;0;0;0;0;0;0;0
20/10/2024;Sunday;10;0;0;0;0;0;0;0;0;0;0;0
21/10/2024;Monday;10;0;0;0;0;0;0;0;0;0;0;0
22/10/2024;Tuesday;10;0;0;0;0;0;0;0;0;0;0;0
23/10/2024;Wednesday;10;0;0;0;0;0;0;0;0;0;0;0
24/10/2024;Thursday;10;0;0;0;0;0;0;0;0;0;0;0
25/10/2024;Friday;10;0;0;0;0;0;0;0;0;0;0;0
26/10/2024;Saturday;10;0;0;0;0;0;0;0;0;0;0;0
27/10/2024;Sunday;10;0;0;0;0;0;0;0;0;0;0;0
28/10/2024;Monday;10;0;0;0;0;0;0;0;0;0;0;0
29/10/2024;Tuesday;10;0;0;0;0;0;0;0;0;0;0;0
30/10/2024;Wednesday;10;0;0;0;0;0;0;0;0;0;0;0
31/10/2024;Thursday;10;0;0;0;0;0;0;0;1;0;0;0
01/11/2024;Friday;11;0;1;0;0;0;0;1;0;0;0;0
02/11/2024;Saturday;11;1;0;0;0;0;0;0;0;0;0;0
03/11/2024;Sunday;11;0;0;1;0;0;0;0;0;0;0;0
04/11/2024;Monday;11;0;0;0;0;0;0;0;0;0;0;0
05/11/2024;Tuesday;11;0;0;0;0;0;0;0;0;0;0;0
06/11/2024;Wednesday;11;0;0;0;0;0;0;0;0;0;0;0
07/11/2024;Thursday;11;0;0;0;0;0;0;0;0;0;0;0
08/11/2024;Friday;11;0;0;0;0;0;0;0;0;0;0;0
09/11/2024;Saturday;11;0;0;0;0;0;0;0;0;0;0;0
10/11/2024;Sunday;11;0;0;0;0;0;0;0;0;0;0;0
11/11/2024;Monday;11;0;0;0;0;0;0;0;0;0;0;0
12/11/2024;Tuesday;11;0;0;0;0;0;0;0;0;0;0;0
13/11/2024;Wednesday;11;0;0;0;0;0;0;0;0;0;0;0
14/11/2024;Thursday;11;0;1;0;0;0;0;0;0;0;0;0
15/11/2024;Friday;11;1;0;0;0;0;0;0;0;0;0;0
16/11/2024;Saturday;11;0;0;1;0;0;0;0;0;0;0;0
17/11/2024;Sunday;11;0;0;0;0;0;0;0;0;0;0;0
18/11/2024;Monday;11;0;0;0;0;0;0;0;0;0;0;0
19/11/2024;Tuesday;11;0;0;0;0;0;0;0;0;0;0;0
20/11/2024;Wednesday;11;0;0;0;0;0;0;0;0;0;0;0
21/11/2024;Thursday;11;0;0;0;0;0;0;0;0;0;0;0
22/11/2024;Friday;11;0;0;0;0;0;0;0;0;0;0;0
23/11/2024;Saturday;11;0;0;0;0;0;0;0;0;0;0;0
24/11/2024;Sunday;11;0;0;0;0;0;0;0;0;0;0;0
25/11/2024;Monday;11;0;0;0;0;0;0;0;0;1;0;0
26/11/2024;Tuesday;11;0;0;0;0;0;0;0;0;0;1;0
27/11/2024;Wednesday;11;0;0;0;0;0;0;0;0;0;1;0
28/11/2024;Thursday;11;0;0;0;0;0;0;0;0;0;1;0
29/11/2024;Friday;11;0;0;0;1;0;0;0;0;0;0;0
30/11/2024;Saturday;11;0;0;0;0;0;0;0;1;0;0;0
01/12/2024;Sunday;12;0;0;0;0;0;0;1;0;0;0;0
02/12/2024;Monday;12;0;0;0;0;0;0;0;0;0;0;1
03/12/2024;Tuesday;12;0;0;0;0;0;0;0;0;0;0;1
04/12/2024;Wednesday;12;0;0;0;0;0;0;0;0;0;0;1
05/12/2024;Thursday;12;0;0;0;0;0;0;0;0;0;0;1
06/12/2024;Friday;12;0;0;0;0;0;0;0;0;0;0;1
07/12/2024;Saturday;12;0;0;0;0;0;0;0;0;0;0;0
08/12/2024;Sunday;12;0;0;0;0;0;0;0;0;0;0;1
09/12/2024;Monday;12;0;0;0;0;0;0;0;0;0;0;1
10/12/2024;Tuesday;12;0;0;0;0;0;0;0;0;0;0;1
11/12/2024;Wednesday;12;0;0;0;0;0;0;0;0;0;0;1
12/12/2024;Thursday;12;0;0;0;0;0;0;0;0;0;0;1
13/12/2024;Friday;12;0;0;0;0;0;0;0;0;0;0;1
14/12/2024;Saturday;12;0;0;0;0;0;0;0;0;0;0;0
15/12/2024;Sunday;12;0;0;0;0;0;0;0;0;0;0;0
16/12/2024;Monday;12;0;0;0;0;0;0;0;0;0;0;0
17/12/2024;Tuesday;12;0;0;0;0;0;0;0;0;0;0;0
18/12/2024;Wednesday;12;0;0;0;0;0;0;0;0;0;0;0
19/12/2024;Thursday;12;0;0;0;0;0;0;0;0;0;0;0
20/12/2024;Friday;12;0;0;0;0;0;0;0;0;0;0;0
21/12/2024;Saturday;12;0;0;0;0;0;0;0;0;0;0;0
22/12/2024;Sunday;12;0;0;0;0;0;0;0;0;0;0;0
23/12/2024;Monday;12;0;0;0;0;0;0;0;0;0;0;0
24/12/2024;Tuesday;12;0;1;0;0;0;0;0;0;0;0;0
25/12/2024;Wednesday;12;1;0;0;0;1;0;0;0;0;0;0
26/12/2024;Thursday;12;0;0;1;0;0;0;0;0;0;0;0
27/12/2024;Friday;12;0;0;0;0;0;0;0;0;0;0;0
28/12/2024;Saturday;12;0;0;0;0;0;0;0;0;0;0;0
29/12/2024;Sunday;12;0;0;0;0;0;0;0;0;0;0;0
30/12/2024;Monday;12;0;0;0;0;0;0;0;0;0;0;0
31/12/2024;Tuesday;12;0;1;0;0;0;0;0;1;0;0;0
01/01/2025;Wednesday;1;1;0;0;0;0;0;1;0;0;0;0
02/01/2025;Thursday;1;0;0;1;0;0;0;0;0;0;0;0
03/01/2025;Friday;1;0;0;0;0;0;0;0;0;0;0;0
04/01/2025;Saturday;1;0;0;0;0;0;0;0;0;0;0;0
05/01/2025;Sunday;1;0;0;0;0;0;0;0;0;0;0;0
06/01/2025;Monday;1;0;0;0;0;0;0;0;0;0;0;0
07/01/2025;Tuesday;1;0;0;0;0;0;0;0;0;0;0;0
08/01/2025;Wednesday;1;0;0;0;0;0;0;0;0;0;0;0
09/01/2025;Thursday;1;0;0;0;0;0;0;0;0;0;0;0
10/01/2025;Friday;1;0;0;0;0;0;0;0;0;0;0;0
11/01/2025;Saturday;1;0;0;0;0;0;0;0;0;0;0;0
12/01/2025;Sunday;1;0;0;0;0;0;0;0;0;0;0;0
13/01/2025;Monday;1;0;0;0;0;0;0;0;0;0;0;0
14/01/2025;Tuesday;1;0;0;0;0;0;0;0;0;0;0;0
15/01/2025;Wednesday;1;0;0;0;0;0;0;0;0;0;0;0
16/01/2025;Thursday;1;0;0;0;0;0;0;0;0;0;0;0
17/01/2025;Friday;1;0;0;0;0;0;0;0;0;0;0;0
18/01/2025;Saturday;1;0;0;0;0;0;0;0;0;0;0;0
19/01/2025;Sunday;1;0;0;0;0;0;0;0;0;0;0;0
20/01/2025;Monday;1;0;0;0;0;0;0;0;0;0;0;0
21/01/2025;Tuesday;1;0;0;0;0;0;0;0;0;0;0;0
22/01/2025;Wednesday;1;0;0;0;0;0;0;0;0;0;0;0
23/01/2025;Thursday;1;0;0;0;0;0;0;0;0;0;0;0
24/01/2025;Friday;1;0;0;0;0;0;0;0;0;0;0;0
25/01/2025;Saturday;1;0;0;0;0;0;0;0;0;0;0;0
26/01/2025;Sunday;1;0;0;0;0;0;0;0;0;0;0;0
27/01/2025;Monday;1;0;0;0;0;0;0;0;0;0;0;0
28/01/2025;Tuesday;1;0;0;0;0;0;0;0;0;0;0;0
29/01/2025;Wednesday;1;0;0;0;0;0;0;0;0;0;0;0
30/01/2025;Thursday;1;0;0;0;0;0;0;0;0;0;0;0
31/01/2025;Friday;1;0;0;0;0;0;0;0;1;0;0;0
01/02/2025;Saturday;2;0;0;0;0;0;0;1;0;0;0;0
02/02/2025;Sunday;2;0;0;0;0;0;0;0;0;0;0;0
03/02/2025;Monday;2;0;0;0;0;0;0;0;0;0;0;0
04/02/2025;Tuesday;2;0;0;0;0;0;0;0;0;0;0;0
05/02/2025;Wednesday;2;0;0;0;0;0;0;0;0;0;0;0
06/02/2025;Thursday;2;0;0;0;0;0;0;0;0;0;0;0
07/02/2025;Friday;2;0;0;0;0;0;0;0;0;0;0;0
08/02/2025;Saturday;2;0;0;0;0;0;0;0;0;0;0;0
09/02/2025;Sunday;2;0;0;0;0;0;0;0;0;0;0;0
10/02/2025;Monday;2;0;0;0;0;0;0;0;0;0;0;0
11/02/2025;Tuesday;2;0;0;0;0;0;0;0;0;0;0;0
12/02/2025;Wednesday;2;0;0;0;0;0;0;0;0;0;0;0
13/02/2025;Thursday;2;0;0;0;0;0;0;0;0;0;0;0
14/02/2025;Friday;2;0;0;0;0;0;0;0;0;0;0;0
15/02/2025;Saturday;2;0;0;0;0;0;0;0;0;0;0;0
16/02/2025;Sunday;2;0;0;0;0;0;0;0;0;0;0;0
17/02/2025;Monday;2;0;0;0;0;0;0;0;0;0;0;0
18/02/2025;Tuesday;2;0;0;0;0;0;0;0;0;0;0;0
19/02/2025;Wednesday;2;0;0;0;0;0;0;0;0;0;0;0
20/02/2025;Thursday;2;0;0;0;0;0;0;0;0;0;0;0
21/02/2025;Friday;2;0;0;0;0;0;0;0;0;0;0;0
22/02/2025;Saturday;2;0;0;0;0;0;0;0;0;0;0;0
23/02/2025;Sunday;2;0;0;0;0;0;0;0;0;0;0;0
24/02/2025;Monday;2;0;0;0;0;0;0;0;0;0;0;0
25/02/2025;Tuesday;2;0;0;0;0;0;0;0;0;0;0;0
26/02/2025;Wednesday;2;0;0;0;0;0;0;0;0;0;0;0
27/02/2025;Thursday;2;0;0;0;0;0;0;0;0;0;0;0
28/02/2025;Friday;2;0;0;0;0;0;0;0;1;0;0;0
01/03/2025;Saturday;3;0;0;0;0;0;0;1;0;0;0;0
02/03/2025;Sunday;3;0;1;0;0;0;0;0;0;0;0;0
03/03/2025;Monday;3;1;1;0;0;0;0;0;0;0;0;0
04/03/2025;Tuesday;3;1;0;1;0;0;0;0;0;0;0;0
05/03/2025;Wednesday;3;0;0;1;0;0;0;0;0;0;0;0
06/03/2025;Thursday;3;0;0;0;0;0;0;0;0;0;0;0
07/03/2025;Friday;3;0;0;0;0;0;0;0;0;0;0;0
08/03/2025;Saturday;3;0;0;0;0;0;0;0;0;0;0;0
09/03/2025;Sunday;3;0;0;0;0;0;0;0;0;0;0;0
10/03/2025;Monday;3;0;0;0;0;0;0;0;0;0;0;0
11/03/2025;Tuesday;3;0;0;0;0;0;0;0;0;0;0;0
12/03/2025;Wednesday;3;0;0;0;0;0;0;0;0;0;0;0
13/03/2025;Thursday;3;0;0;0;0;0;0;0;0;0;0;0
14/03/2025;Friday;3;0;0;0;0;0;0;0;0;0;0;0
15/03/2025;Saturday;3;0;0;0;0;0;0;0;0;0;0;0
16/03/2025;Sunday;3;0;0;0;0;0;0;0;0;0;0;0
17/03/2025;Monday;3;0;0;0;0;0;0;0;0;0;0;0
18/03/2025;Tuesday;3;0;0;0;0;0;0;0;0;0;0;0
19/03/2025;Wednesday;3;0;0;0;0;0;0;0;0;0;0;0
20/03/2025;Thursday;3;0;0;0;0;0;0;0;0;0;0;0
21/03/2025;Friday;3;0;0;0;0;0;0;0;0;0;0;0
22/03/2025;Saturday;3;0;0;0;0;0;0;0;0;0;0;0
23/03/2025;Sunday;3;0;0;0;0;0;0;0;0;0;0;0
24/03/2025;Monday;3;0;0;0;0;0;0;0;0;0;0;0
25/03/2025;Tuesday;3;0;0;0;0;0;0;0;0;0;0;0
26/03/2025;Wednesday;3;0;0;0;0;0;0;0;0;0;0;0
27/03/2025;Thursday;3;0;0;0;0;0;0;0;0;0;0;0
28/03/2025;Friday;3;0;0;0;0;0;0;0;0;0;0;0
29/03/2025;Saturday;3;0;0;0;0;0;0;0;0;0;0;0
30/03/2025;Sunday;3;0;0;0;0;0;0;0;0;0;0;0
31/03/2025;Monday;3;0;0;0;0;0;0;0;1;0;0;0
01/04/2025;Tuesday;4;0;0;0;0;0;0;1;0;0;0;0
02/04/2025;Wednesday;4;0;0;0;0;0;0;0;0;0;0;0
03/04/2025;Thursday;4;0;0;0;0;0;0;0;0;0;0;0
04/04/2025;Friday;4;0;0;0;0;0;0;0;0;0;0;0
05/04/2025;Saturday;4;0;0;0;0;0;0;0;0;0;0;0
06/04/2025;Sunday;4;0;0;0;0;0;0;0;0;0;0;0
07/04/2025;Monday;4;0;0;0;0;0;0;0;0;0;0;0
08/04/2025;Tuesday;4;0;0;0;0;0;0;0;0;0;0;0
09/04/2025;Wednesday;4;0;0;0;0;0;0;0;0;0;0;0
10/04/2025;Thursday;4;0;0;0;0;0;0;0;0;0;0;0
11/04/2025;Friday;4;0;0;0;0;0;0;0;0;0;0;0
12/04/2025;Saturday;4;0;0;0;0;0;0;0;0;0;0;0
13/04/2025;Sunday;4;0;0;0;0;0;0;0;0;0;0;0
14/04/2025;Monday;4;0;0;0;0;0;0;0;0;0;0;0
15/04/2025;Tuesday;4;0;0;0;0;0;0;0;0;0;0;0
16/04/2025;Wednesday;4;0;0;0;0;0;0;0;0;0;0;0
17/04/2025;Thursday;4;0;1;0;0;0;0;0;0;0;0;0
18/04/2025;Friday;4;1;0;0;0;0;0;0;0;0;0;0
19/04/2025;Saturday;4;0;0;1;0;0;0;0;0;0;0;0
20/04/2025;Sunday;4;0;1;0;0;0;0;0;0;0;0;0
21/04/2025;Monday;4;1;0;0;0;0;0;0;0;0;0;0
22/04/2025;Tuesday;4;0;0;1;0;0;0;0;0;0;0;0
23/04/2025;Wednesday;4;0;0;0;0;0;0;0;0;0;0;0
24/04/2025;Thursday;4;0;0;0;0;0;0;0;0;0;0;0
25/04/2025;Friday;4;0;0;0;0;0;0;0;0;0;0;0
26/04/2025;Saturday;4;0;0;0;0;0;0;0;0;0;0;0
27/04/2025;Sunday;4;0;0;0;0;0;0;0;0;0;0;0
28/04/2025;Monday;4;0;0;0;0;0;0;0;0;0;0;0
29/04/2025;Tuesday;4;0;0;0;0;0;0;0;0;0;0;0
30/04/2025;Wednesday;4;0;1;0;0;0;0;0;1;0;0;0
01/05/2025;Thursday;5;1;0;0;0;0;0;1;0;0;0;0
02/05/2025;Friday;5;0;0;1;0;0;0;0;0;0;0;0
03/05/2025;Saturday;5;0;0;0;0;0;0;0;0;0;0;0
04/05/2025;Sunday;5;0;0;0;0;0;0;0;0;0;0;0
05/05/2025;Monday;5;0;0;0;0;0;0;0;0;0;0;0
06/05/2025;Tuesday;5;0;0;0;0;0;0;0;0;0;0;0
07/05/2025;Wednesday;5;0;0;0;0;0;0;0;0;0;0;0
08/05/2025;Thursday;5;0;0;0;0;0;0;0;0;0;0;0
09/05/2025;Friday;5;0;0;0;0;0;0;0;0;0;0;0
10/05/2025;Saturday;5;0;0;0;0;0;0;0;0;0;0;0
11/05/2025;Sunday;5;0;0;0;0;0;1;0;0;0;0;0
12/05/2025;Monday;5;0;0;0;0;0;0;0;0;0;0;0
13/05/2025;Tuesday;5;0;0;0;0;0;0;0;0;0;0;0
14/05/2025;Wednesday;5;0;0;0;0;0;0;0;0;0;0;0
15/05/2025;Thursday;5;0;0;0;0;0;0;0;0;0;0;0
16/05/2025;Friday;5;0;0;0;0;0;0;0;0;0;0;0
17/05/2025;Saturday;5;0;0;0;0;0;0;0;0;0;0;0
18/05/2025;Sunday;5;0;0;0;0;0;0;0;0;0;0;0
19/05/2025;Monday;5;0;0;0;0;0;0;0;0;0;0;0
20/05/2025;Tuesday;5;0;0;0;0;0;0;0;0;0;0;0
21/05/2025;Wednesday;5;0;0;0;0;0;0;0;0;0;0;0
22/05/2025;Thursday;5;0;0;0;0;0;0;0;0;0;0;0
23/05/2025;Friday;5;0;0;0;0;0;0;0;0;0;0;0
24/05/2025;Saturday;5;0;0;0;0;0;0;0;0;0;0;0
25/05/2025;Sunday;5;0;0;0;0;0;0;0;0;0;0;0
26/05/2025;Monday;5;0;0;0;0;0;0;0;0;0;0;0
27/05/2025;Tuesday;5;0;0;0;0;0;0;0;0;0;0;0
28/05/2025;Wednesday;5;0;0;0;0;0;0;0;0;0;0;0
29/05/2025;Thursday;5;0;0;0;0;0;0;0;0;0;0;0
30/05/2025;Friday;5;0;0;0;0;0;0;0;0;0;0;0
31/05/2025;Saturday;5;0;0;0;0;0;0;0;1;0;0;0
01/06/2025;Sunday;6;0;0;0;0;0;0;1;0;0;0;0
02/06/2025;Monday;6;0;0;0;0;0;0;0;0;0;0;0
03/06/2025;Tuesday;6;0;0;0;0;0;0;0;0;0;0;0
04/06/2025;Wednesday;6;0;0;0;0;0;0;0;0;0;0;0
05/06/2025;Thursday;6;0;0;0;0;0;0;0;0;0;0;0
06/06/2025;Friday;6;0;0;0;0;0;0;0;0;0;0;0
07/06/2025;Saturday;6;0;0;0;0;0;0;0;0;0;0;0
08/06/2025;Sunday;6;0;0;0;0;0;0;0;0;0;0;0
09/06/2025;Monday;6;0;0;0;0;0;0;0;0;0;0;0
10/06/2025;Tuesday;6;0;0;0;0;0;0;0;0;0;0;0
11/06/2025;Wednesday;6;0;0;0;0;0;0;0;0;0;0;0
12/06/2025;Thursday;6;0;0;0;0;0;0;0;0;0;0;0
13/06/2025;Friday;6;0;0;0;0;0;0;0;0;0;0;0
14/06/2025;Saturday;6;0;0;0;0;0;0;0;0;0;0;0
15/06/2025;Sunday;6;0;0;0;0;0;0;0;0;0;0;0
16/06/2025;Monday;6;0;0;0;0;0;0;0;0;0;0;0
17/06/2025;Tuesday;6;0;0;0;0;0;0;0;0;0;0;0
18/06/2025;Wednesday;6;0;0;0;0;0;0;0;0;0;0;0
19/06/2025;Thursday;6;0;0;0;0;0;0;0;0;0;0;0
20/06/2025;Friday;6;0;0;0;0;0;0;0;0;0;0;0
21/06/2025;Saturday;6;0;0;0;0;0;0;0;0;0;0;0
22/06/2025;Sunday;6;0;0;0;0;0;0;0;0;0;0;0
23/06/2025;Monday;6;0;0;0;0;0;0;0;0;0;0;0
24/06/2025;Tuesday;6;0;0;0;0;0;0;0;0;0;0;0
25/06/2025;Wednesday;6;0;0;0;0;0;0;0;0;0;0;0
26/06/2025;Thursday;6;0;0;0;0;0;0;0;0;0;0;0
27/06/2025;Friday;6;0;0;0;0;0;0;0;0;0;0;0
28/06/2025;Saturday;6;0;0;0;0;0;0;0;0;0;0;0
29/06/2025;Sunday;6;0;0;0;0;0;0;0;0;0;0;0
30/06/2025;Monday;6;0;0;0;0;0;0;0;1;0;0;0
01/07/2025;Tuesday;7;0;0;0;0;0;0;1;0;0;0;0
02/07/2025;Wednesday;7;0;0;0;0;0;0;0;0;0;0;0
03/07/2025;Thursday;7;0;0;0;0;0;0;0;0;0;0;0
04/07/2025;Friday;7;0;0;0;0;0;0;0;0;0;0;0
05/07/2025;Saturday;7;0;0;0;0;0;0;0;0;0;0;0
06/07/2025;Sunday;7;0;0;0;0;0;0;0;0;0;0;0
07/07/2025;Monday;7;0;0;0;0;0;0;0;0;0;0;0
08/07/2025;Tuesday;7;0;0;0;0;0;0;0;0;0;0;0
09/07/2025;Wednesday;7;0;0;0;0;0;0;0;0;0;0;0
10/07/2025;Thursday;7;0;0;0;0;0;0;0;0;0;0;0
11/07/2025;Friday;7;0;0;0;0;0;0;0;0;0;0;0
12/07/2025;Saturday;7;0;0;0;0;0;0;0;0;0;0;0
13/07/2025;Sunday;7;0;0;0;0;0;0;0;0;0;0;0
14/07/2025;Monday;7;0;0;0;0;0;0;0;0;0;0;0
15/07/2025;Tuesday;7;0;0;0;0;0;0;0;0;0;0;0
16/07/2025;Wednesday;7;0;0;0;0;0;0;0;0;0;0;0
17/07/2025;Thursday;7;0;0;0;0;0;0;0;0;0;0;0
18/07/2025;Friday;7;0;0;0;0;0;0;0;0;0;0;0
19/07/2025;Saturday;7;0;0;0;0;0;0;0;0;0;0;0
20/07/2025;Sunday;7;0;0;0;0;0;0;0;0;0;0;0
21/07/2025;Monday;7;0;0;0;0;0;0;0;0;0;0;0
22/07/2025;Tuesday;7;0;0;0;0;0;0;0;0;0;0;0
23/07/2025;Wednesday;7;0;0;0;0;0;0;0;0;0;0;0
24/07/2025;Thursday;7;0;0;0;0;0;0;0;0;0;0;0
25/07/2025;Friday;7;0;0;0;0;0;0;0;0;0;0;0
26/07/2025;Saturday;7;0;0;0;0;0;0;0;0;0;0;0
27/07/2025;Sunday;7;0;0;0;0;0;0;0;0;0;0;0
28/07/2025;Monday;7;0;0;0;0;0;0;0;0;0;0;0
29/07/2025;Tuesday;7;0;0;0;0;0;0;0;0;0;0;0
30/07/2025;Wednesday;7;0;0;0;0;0;0;0;0;0;0;0
31/07/2025;Thursday;7;0;0;0;0;0;0;0;1;0;0;0
01/08/2025;Friday;8;0;0;0;0;0;0;1;0;0;0;0
02/08/2025;Saturday;8;0;0;0;0;0;0;0;0;0;0;0
03/08/2025;Sunday;8;0;0;0;0;0;0;0;0;0;0;0
04/08/2025;Monday;8;0;0;0;0;0;0;0;0;0;0;0
05/08/2025;Tuesday;8;0;0;0;0;0;0;0;0;0;0;0
06/08/2025;Wednesday;8;0;0;0;0;0;0;0;0;0;0;0
07/08/2025;Thursday;8;0;0;0;0;0;0;0;0;0;0;0
08/08/2025;Friday;8;0;0;0;0;0;0;0;0;0;0;0
09/08/2025;Saturday;8;0;0;0;0;0;0;0;0;0;0;0
10/08/2025;Sunday;8;0;0;0;0;0;0;0;0;0;0;0
11/08/2025;Monday;8;0;0;0;0;0;0;0;0;0;0;0
12/08/2025;Tuesday;8;0;0;0;0;0;0;0;0;0;0;0
13/08/2025;Wednesday;8;0;0;0;0;0;0;0;0;0;0;0
14/08/2025;Thursday;8;0;0;0;0;0;0;0;0;0;0;0
15/08/2025;Friday;8;0;0;0;0;0;0;0;0;0;0;0
16/08/2025;Saturday;8;0;0;0;0;0;0;0;0;0;0;0
17/08/2025;Sunday;8;0;0;0;0;0;0;0;0;0;0;0
18/08/2025;Monday;8;0;0;0;0;0;0;0;0;0;0;0
19/08/2025;Tuesday;8;0;0;0;0;0;0;0;0;0;0;0
20/08/2025;Wednesday;8;0;0;0;0;0;0;0;0;0;0;0
21/08/2025;Thursday;8;0;0;0;0;0;0;0;0;0;0;0
22/08/2025;Friday;8;0;0;0;0;0;0;0;0;0;0;0
23/08/2025;Saturday;8;0;0;0;0;0;0;0;0;0;0;0
24/08/2025;Sunday;8;0;0;0;0;0;0;0;0;0;0;0
25/08/2025;Monday;8;0;0;0;0;0;0;0;0;0;0;0
26/08/2025;Tuesday;8;0;0;0;0;0;0;0;0;0;0;0
27/08/2025;Wednesday;8;0;0;0;0;0;0;0;0;0;0;0
28/08/2025;Thursday;8;0;0;0;0;0;0;0;0;0;0;0
29/08/2025;Friday;8;0;0;0;0;0;0;0;0;0;0;0
30/08/2025;Saturday;8;0;0;0;0;0;0;0;0;0;0;0
31/08/2025;Sunday;8;0;0;0;0;0;0;0;1;0;0;0
01/09/2025;Monday;9;0;0;0;0;0;0;1;0;0;0;0
02/09/2025;Tuesday;9;0;0;0;0;0;0;0;0;0;0;0
03/09/2025;Wednesday;9;0;0;0;0;0;0;0;0;0;0;0
04/09/2025;Thursday;9;0;0;0;0;0;0;0;0;0;0;0
05/09/2025;Friday;9;0;0;0;0;0;0;0;0;0;0;0
06/09/2025;Saturday;9;0;1;0;0;0;0;0;0;0;0;0
07/09/2025;Sunday;9;1;0;0;0;0;0;0;0;0;0;0
08/09/2025;Monday;9;0;0;1;0;0;0;0;0;0;0;0
09/09/2025;Tuesday;9;0;0;0;0;0;0;0;0;0;0;0
10/09/2025;Wednesday;9;0;0;0;0;0;0;0;0;0;0;0
11/09/2025;Thursday;9;0;0;0;0;0;0;0;0;0;0;0
12/09/2025;Friday;9;0;0;0;0;0;0;0;0;0;0;0
13/09/2025;Saturday;9;0;0;0;0;0;0;0;0;0;0;0
14/09/2025;Sunday;9;0;0;0;0;0;0;0;0;0;0;0
15/09/2025;Monday;9;0;0;0;0;0;0;0;0;0;0;0
16/09/2025;Tuesday;9;0;0;0;0;0;0;0;0;0;0;0
17/09/2025;Wednesday;9;0;0;0;0;0;0;0;0;0;0;0
18/09/2025;Thursday;9;0;0;0;0;0;0;0;0;0;0;0
19/09/2025;Friday;9;0;0;0;0;0;0;0;0;0;0;0
20/09/2025;Saturday;9;0;0;0;0;0;0;0;0;0;0;0
21/09/2025;Sunday;9;0;0;0;0;0;0;0;0;0;0;0
22/09/2025;Monday;9;0;0;0;0;0;0;0;0;0;0;0
23/09/2025;Tuesday;9;0;0;0;0;0;0;0;0;0;0;0
24/09/2025;Wednesday;9;0;0;0;0;0;0;0;0;0;0;0
25/09/2025;Thursday;9;0;0;0;0;0;0;0;0;0;0;0
26/09/2025;Friday;9;0;0;0;0;0;0;0;0;0;0;0
27/09/2025;Saturday;9;0;0;0;0;0;0;0;0;0;0;0
28/09/2025;Sunday;9;0;0;0;0;0;0;0;0;0;0;0
29/09/2025;Monday;9;0;0;0;0;0;0;0;0;0;0;0
30/09/2025;Tuesday;9;0;0;0;0;0;0;0;1;0;0;0
01/10/2025;Wednesday;10;0;0;0;0;0;0;1;0;0;0;0
02/10/2025;Thursday;10;0;0;0;0;0;0;0;0;0;0;0
03/10/2025;Friday;10;0;0;0;0;0;0;0;0;0;0;0
04/10/2025;Saturday;10;0;0;0;0;0;0;0;0;0;0;0
05/10/2025;Sunday;10;0;0;0;0;0;0;0;0;0;0;0
06/10/2025;Monday;10;0;0;0;0;0;0;0;0;0;0;0
07/10/2025;Tuesday;10;0;0;0;0;0;0;0;0;0;0;0
08/10/2025;Wednesday;10;0;0;0;0;0;0;0;0;0;0;0
09/10/2025;Thursday;10;0;0;0;0;0;0;0;0;0;0;0
10/10/2025;Friday;10;0;0;0;0;0;0;0;0;0;0;0
11/10/2025;Saturday;10;0;1;0;0;0;0;0;0;0;0;0
12/10/2025;Sunday;10;1;0;0;0;0;0;0;0;0;0;0
13/10/2025;Monday;10;0;0;1;0;0;0;0;0;0;0;0
14/10/2025;Tuesday;10;0;0;0;0;0;0;0;0;0;0;0
15/10/2025;Wednesday;10;0;0;0;0;0;0;0;0;0;0;0
16/10/2025;Thursday;10;0;0;0;0;0;0;0;0;0;0;0
17/10/2025;Friday;10;0;0;0;0;0;0;0;0;0;0;0
18/10/2025;Saturday;10;0;0;0;0;0;0;0;0;0;0;0
19/10/2025;Sunday;10;0;0;0;0;0;0;0;0;0;0;0
20/10/2025;Monday;10;0;0;0;0;0;0;0;0;0;0;0
21/10/2025;Tuesday;10;0;0;0;0;0;0;0;0;0;0;0
22/10/2025;Wednesday;10;0;0;0;0;0;0;0;0;0;0;0
23/10/2025;Thursday;10;0;0;0;0;0;0;0;0;0;0;0
24/10/2025;Friday;10;0;0;0;0;0;0;0;0;0;0;0
25/10/2025;Saturday;10;0;0;0;0;0;0;0;0;0;0;0
26/10/2025;Sunday;10;0;0;0;0;0;0;0;0;0;0;0
27/10/2025;Monday;10;0;0;0;0;0;0;0;0;0;0;0
28/10/2025;Tuesday;10;0;0;0;0;0;0;0;0;0;0;0
29/10/2025;Wednesday;10;0;0;0;0;0;0;0;0;0;0;0
30/10/2025;Thursday;10;0;0;0;0;0;0;0;0;0;0;0
31/10/2025;Friday;10;0;0;0;0;0;0;0;1;0;0;0
01/11/2025;Saturday;11;0;1;0;0;0;0;1;0;0;0;0
02/11/2025;Sunday;11;1;0;0;0;0;0;0;0;0;0;0
03/11/2025;Monday;11;0;0;1;0;0;0;0;0;0;0;0
04/11/2025;Tuesday;11;0;0;0;0;0;0;0;0;0;0;0
05/11/2025;Wednesday;11;0;0;0;0;0;0;0;0;0;0;0
06/11/2025;Thursday;11;0;0;0;0;0;0;0;0;0;0;0
07/11/2025;Friday;11;0;0;0;0;0;0;0;0;0;0;0
08/11/2025;Saturday;11;0;0;0;0;0;0;0;0;0;0;0
09/11/2025;Sunday;11;0;0;0;0;0;0;0;0;0;0;0
10/11/2025;Monday;11;0;0;0;0;0;0;0;0;0;0;0
11/11/2025;Tuesday;11;0;0;0;0;0;0;0;0;0;0;0
12/11/2025;Wednesday;11;0;0;0;0;0;0;0;0;0;0;0
13/11/2025;Thursday;11;0;0;0;0;0;0;0;0;0;0;0
14/11/2025;Friday;11;0;1;0;0;0;0;0;0;0;0;0
15/11/2025;Saturday;11;1;0;0;0;0;0;0;0;0;0;0
16/11/2025;Sunday;11;0;0;1;0;0;0;0;0;0;0;0
17/11/2025;Monday;11;0;0;0;0;0;0;0;0;0;0;0
18/11/2025;Tuesday;11;0;0;0;0;0;0;0;0;0;0;0
19/11/2025;Wednesday;11;0;0;0;0;0;0;0;0;0;0;0
20/11/2025;Thursday;11;0;0;0;0;0;0;0;0;0;0;0
21/11/2025;Friday;11;0;0;0;0;0;0;0;0;1;0;0
22/11/2025;Saturday;11;0;0;0;0;0;0;0;0;0;0;0
23/11/2025;Sunday;11;0;0;0;0;0;0;0;0;0;0;0
24/11/2025;Monday;11;0;0;0;0;0;0;0;0;0;0;0
25/11/2025;Tuesday;11;0;0;0;0;0;0;0;0;0;1;0
26/11/2025;Wednesday;11;0;0;0;0;0;0;0;0;0;1;0
27/11/2025;Thursday;11;0;0;0;0;0;0;0;0;0;1;0
28/11/2025;Friday;11;0;0;0;1;0;0;0;0;0;0;0
29/11/2025;Saturday;11;0;0;0;0;0;0;0;0;0;0;0
30/11/2025;Sunday;11;0;0;0;0;0;0;0;1;0;0;0
01/12/2025;Monday;12;0;0;0;0;0;0;1;0;0;0;1
02/12/2025;Tuesday;12;0;0;0;0;0;0;0;0;0;0;1
03/12/2025;Wednesday;12;0;0;0;0;0;0;0;0;0;0;1
04/12/2025;Thursday;12;0;0;0;0;0;0;0;0;0;0;1
05/12/2025;Friday;12;0;0;0;0;0;0;0;0;0;0;1
06/12/2025;Saturday;12;0;0;0;0;0;0;0;0;0;0;0
07/12/2025;Sunday;12;0;0;0;0;0;0;0;0;0;0;1
08/12/2025;Monday;12;0;0;0;0;0;0;0;0;0;0;1
09/12/2025;Tuesday;12;0;0;0;0;0;0;0;0;0;0;1
10/12/2025;Wednesday;12;0;0;0;0;0;0;0;0;0;0;1
11/12/2025;Thursday;12;0;0;0;0;0;0;0;0;0;0;1
12/12/2025;Friday;12;0;0;0;0;0;0;0;0;0;0;1
13/12/2025;Saturday;12;0;0;0;0;0;0;0;0;0;0;0
14/12/2025;Sunday;12;0;0;0;0;0;0;0;0;0;0;0
15/12/2025;Monday;12;0;0;0;0;0;0;0;0;0;0;0
16/12/2025;Tuesday;12;0;0;0;0;0;0;0;0;0;0;0
17/12/2025;Wednesday;12;0;0;0;0;0;0;0;0;0;0;0
18/12/2025;Thursday;12;0;0;0;0;0;0;0;0;0;0;0
19/12/2025;Friday;12;0;0;0;0;0;0;0;0;0;0;0
20/12/2025;Saturday;12;0;0;0;0;0;0;0;0;0;0;0
21/12/2025;Sunday;12;0;0;0;0;0;0;0;0;0;0;0
22/12/2025;Monday;12;0;0;0;0;0;0;0;0;0;0;0
23/12/2025;Tuesday;12;0;0;0;0;0;0;0;0;0;0;0
24/12/2025;Wednesday;12;0;1;0;0;0;0;0;0;0;0;0
25/12/2025;Thursday;12;1;0;0;0;1;0;0;0;0;0;0
26/12/2025;Friday;12;0;0;1;0;0;0;0;0;0;0;0
27/12/2025;Saturday;12;0;0;0;0;0;0;0;0;0;0;0
28/12/2025;Sunday;12;0;0;0;0;0;0;0;0;0;0;0
29/12/2025;Monday;12;0;0;0;0;0;0;0;0;0;0;0
30/12/2025;Tuesday;12;0;0;0;0;0;0;0;0;0;0;0
31/12/2025;Wednesday;12;0;1;0;0;0;0;0;1;0;0;0
01/01/2026;Thursday;1;1;0;0;0;0;0;1;0;0;0;0
02/01/2026;Friday;1;0;0;1;0;0;0;0;0;0;0;0
03/01/2026;Saturday;1;0;0;0;0;0;0;0;0;0;0;0
04/01/2026;Sunday;1;0;0;0;0;0;0;0;0;0;0;0
05/01/2026;Monday;1;0;0;0;0;0;0;0;0;0;0;0
06/01/2026;Tuesday;1;0;0;0;0;0;0;0;0;0;0;0
07/01/2026;Wednesday;1;0;0;0;0;0;0;0;0;0;0;0
08/01/2026;Thursday;1;0;0;0;0;0;0;0;0;0;0;0
09/01/2026;Friday;1;0;0;0;0;0;0;0;0;0;0;0
10/01/2026;Saturday;1;0;0;0;0;0;0;0;0;0;0;0
11/01/2026;Sunday;1;0;0;0;0;0;0;0;0;0;0;0
12/01/2026;Monday;1;0;0;0;0;0;0;0;0;0;0;0
13/01/2026;Tuesday;1;0;0;0;0;0;0;0;0;0;0;0
14/01/2026;Wednesday;1;0;0;0;0;0;0;0;0;0;0;0
15/01/2026;Thursday;1;0;0;0;0;0;0;0;0;0;0;0
16/01/2026;Friday;1;0;0;0;0;0;0;0;0;0;0;0
17/01/2026;Saturday;1;0;0;0;0;0;0;0;0;0;0;0
18/01/2026;Sunday;1;0;0;0;0;0;0;0;0;0;0;0
19/01/2026;Monday;1;0;0;0;0;0;0;0;0;0;0;0
20/01/2026;Tuesday;1;0;0;0;0;0;0;0;0;0;0;0
21/01/2026;Wednesday;1;0;0;0;0;0;0;0;0;0;0;0
22/01/2026;Thursday;1;0;0;0;0;0;0;0;0;0;0;0
23/01/2026;Friday;1;0;0;0;0;0;0;0;0;0;0;0
24/01/2026;Saturday;1;0;0;0;0;0;0;0;0;0;0;0
25/01/2026;Sunday;1;0;0;0;0;0;0;0;0;0;0;0
26/01/2026;Monday;1;0;0;0;0;0;0;0;0;0;0;0
27/01/2026;Tuesday;1;0;0;0;0;0;0;0;0;0;0;0
28/01/2026;Wednesday;1;0;0;0;0;0;0;0;0;0;0;0
29/01/2026;Thursday;1;0;0;0;0;0;0;0;0;0;0;0
30/01/2026;Friday;1;0;0;0;0;0;0;0;0;0;0;0
31/01/2026;Saturday;1;0;0;0;0;0;0;0;1;0;0;0
01/02/2026;Sunday;2;0;0;0;0;0;0;1;0;0;0;0
02/02/2026;Monday;2;0;0;0;0;0;0;0;0;0;0;0
03/02/2026;Tuesday;2;0;0;0;0;0;0;0;0;0;0;0
04/02/2026;Wednesday;2;0;0;0;0;0;0;0;0;0;0;0
05/02/2026;Thursday;2;0;0;0;0;0;0;0;0;0;0;0
06/02/2026;Friday;2;0;0;0;0;0;0;0;0;0;0;0
07/02/2026;Saturday;2;0;0;0;0;0;0;0;0;0;0;0
08/02/2026;Sunday;2;0;0;0;0;0;0;0;0;0;0;0
09/02/2026;Monday;2;0;0;0;0;0;0;0;0;0;0;0
10/02/2026;Tuesday;2;0;0;0;0;0;0;0;0;0;0;0
11/02/2026;Wednesday;2;0;0;0;0;0;0;0;0;0;0;0
12/02/2026;Thursday;2;0;0;0;0;0;0;0;0;0;0;0
13/02/2026;Friday;2;0;0;0;0;0;0;0;0;0;0;0
14/02/2026;Saturday;2;0;0;0;0;0;0;0;0;0;0;0
15/02/2026;Sunday;2;0;1;0;0;0;0;0;0;0;0;0
16/02/2026;Monday;2;1;1;0;0;0;0;0;0;0;0;0
17/02/2026;Tuesday;2;1;0;1;0;0;0;0;0;0;0;0
18/02/2026;Wednesday;2;0;0;1;0;0;0;0;0;0;0;0
19/02/2026;Thursday;2;0;0;0;0;0;0;0;0;0;0;0
20/02/2026;Friday;2;0;0;0;0;0;0;0;0;0;0;0
21/02/2026;Saturday;2;0;0;0;0;0;0;0;0;0;0;0
22/02/2026;Sunday;2;0;0;0;0;0;0;0;0;0;0;0
23/02/2026;Monday;2;0;0;0;0;0;0;0;0;0;0;0
24/02/2026;Tuesday;2;0;0;0;0;0;0;0;0;0;0;0
25/02/2026;Wednesday;2;0;0;0;0;0;0;0;0;0;0;0
26/02/2026;Thursday;2;0;0;0;0;0;0;0;0;0;0;0
27/02/2026;Friday;2;0;0;0;0;0;0;0;0;0;0;0
28/02/2026;Saturday;2;0;0;0;0;0;0;0;1;0;0;0
01/03/2026;Sunday;3;0;0;0;0;0;0;1;0;0;0;0
02/03/2026;Monday;3;0;0;0;0;0;0;0;0;0;0;0
03/03/2026;Tuesday;3;0;0;0;0;0;0;0;0;0;0;0
04/03/2026;Wednesday;3;0;0;0;0;0;0;0;0;0;0;0
05/03/2026;Thursday;3;0;0;0;0;0;0;0;0;0;0;0
06/03/2026;Friday;3;0;0;0;0;0;0;0;0;0;0;0
07/03/2026;Saturday;3;0;0;0;0;0;0;0;0;0;0;0
08/03/2026;Sunday;3;0;0;0;0;0;0;0;0;0;0;0
09/03/2026;Monday;3;0;0;0;0;0;0;0;0;0;0;0
10/03/2026;Tuesday;3;0;0;0;0;0;0;0;0;0;0;0
11/03/2026;Wednesday;3;0;0;0;0;0;0;0;0;0;0;0
12/03/2026;Thursday;3;0;0;0;0;0;0;0;0;0;0;0
13/03/2026;Friday;3;0;0;0;0;0;0;0;0;0;0;0
14/03/2026;Saturday;3;0;0;0;0;0;0;0;0;0;0;0
15/03/2026;Sunday;3;0;0;0;0;0;0;0;0;0;0;0
16/03/2026;Monday;3;0;0;0;0;0;0;0;0;0;0;0
17/03/2026;Tuesday;3;0;0;0;0;0;0;0;0;0;0;0
18/03/2026;Wednesday;3;0;0;0;0;0;0;0;0;0;0;0
19/03/2026;Thursday;3;0;0;0;0;0;0;0;0;0;0;0
20/03/2026;Friday;3;0;0;0;0;0;0;0;0;0;0;0
21/03/2026;Saturday;3;0;0;0;0;0;0;0;0;0;0;0
22/03/2026;Sunday;3;0;0;0;0;0;0;0;0;0;0;0
23/03/2026;Monday;3;0;0;0;0;0;0;0;0;0;0;0
24/03/2026;Tuesday;3;0;0;0;0;0;0;0;0;0;0;0
25/03/2026;Wednesday;3;0;0;0;0;0;0;0;0;0;0;0
26/03/2026;Thursday;3;0;0;0;0;0;0;0;0;0;0;0
27/03/2026;Friday;3;0;0;0;0;0;0;0;0;0;0;0
28/03/2026;Saturday;3;0;0;0;0;0;0;0;0;0;0;0
29/03/2026;Sunday;3;0;0;0;0;0;0;0;0;0;0;0
30/03/2026;Monday;3;0;0;0;0;0;0;0;0;0;0;0
31/03/2026;Tuesday;3;0;0;0;0;0;0;0;1;0;0;0
01/04/2026;Wednesday;4;0;0;0;0;0;0;1;0;0;0;0
02/04/2026;Thursday;4;0;1;0;0;0;0;0;0;0;0;0
03/04/2026;Friday;4;1;0;0;0;0;0;0;0;0;0;0
04/04/2026;Saturday;4;0;0;1;0;0;0;0;0;0;0;0
05/04/2026;Sunday;4;0;0;0;0;0;0;0;0;0;0;0
06/04/2026;Monday;4;0;0;0;0;0;0;0;0;0;0;0
07/04/2026;Tuesday;4;0;0;0;0;0;0;0;0;0;0;0
08/04/2026;Wednesday;4;0;0;0;0;0;0;0;0;0;0;0
09/04/2026;Thursday;4;0;0;0;0;0;0;0;0;0;0;0
10/04/2026;Friday;4;0;0;0;0;0;0;0;0;0;0;0
11/04/2026;Saturday;4;0;0;0;0;0;0;0;0;0;0;0
12/04/2026;Sunday;4;0;0;0;0;0;0;0;0;0;0;0
13/04/2026;Monday;4;0;0;0;0;0;0;0;0;0;0;0
14/04/2026;Tuesday;4;0;0;0;0;0;0;0;0;0;0;0
15/04/2026;Wednesday;4;0;0;0;0;0;0;0;0;0;0;0
16/04/2026;Thursday;4;0;0;0;0;0;0;0;0;0;0;0
17/04/2026;Friday;4;0;0;0;0;0;0;0;0;0;0;0
18/04/2026;Saturday;4;0;0;0;0;0;0;0;0;0;0;0
19/04/2026;Sunday;4;0;0;0;0;0;0;0;0;0;0;0
20/04/2026;Monday;4;0;1;0;0;0;0;0;0;0;0;0
21/04/2026;Tuesday;4;1;0;0;0;0;0;0;0;0;0;0
22/04/2026;Wednesday;4;0;0;1;0;0;0;0;0;0;0;0
23/04/2026;Thursday;4;0;0;0;0;0;0;0;0;0;0;0
24/04/2026;Friday;4;0;0;0;0;0;0;0;0;0;0;0
25/04/2026;Saturday;4;0;0;0;0;0;0;0;0;0;0;0
26/04/2026;Sunday;4;0;0;0;0;0;0;0;0;0;0;0
27/04/2026;Monday;4;0;0;0;0;0;0;0;0;0;0;0
28/04/2026;Tuesday;4;0;0;0;0;0;0;0;0;0;0;0
29/04/2026;Wednesday;4;0;0;0;0;0;0;0;0;0;0;0
30/04/2026;Thursday;4;0;1;0;0;0;0;0;1;0;0;0
01/05/2026;Friday;5;1;0;0;0;0;0;1;0;0;0;0
02/05/2026;Saturday;5;0;0;1;0;0;0;0;0;0;0;0
03/05/2026;Sunday;5;0;0;0;0;0;0;0;0;0;0;0
04/05/2026;Monday;5;0;0;0;0;0;0;0;0;0;0;0
05/05/2026;Tuesday;5;0;0;0;0;0;0;0;0;0;0;0
06/05/2026;Wednesday;5;0;0;0;0;0;0;0;0;0;0;0
07/05/2026;Thursday;5;0;0;0;0;0;0;0;0;0;0;0
08/05/2026;Friday;5;0;0;0;0;0;0;0;0;0;0;0
09/05/2026;Saturday;5;0;0;0;0;0;0;0;0;0;0;0
10/05/2026;Sunday;5;0;0;0;0;0;1;0;0;0;0;0
11/05/2026;Monday;5;0;0;0;0;0;0;0;0;0;0;0
12/05/2026;Tuesday;5;0;0;0;0;0;0;0;0;0;0;0
13/05/2026;Wednesday;5;0;0;0;0;0;0;0;0;0;0;0
14/05/2026;Thursday;5;0;0;0;0;0;0;0;0;0;0;0
15/05/2026;Friday;5;0;0;0;0;0;0;0;0;0;0;0
16/05/2026;Saturday;5;0;0;0;0;0;0;0;0;0;0;0
17/05/2026;Sunday;5;0;0;0;0;0;0;0;0;0;0;0
18/05/2026;Monday;5;0;0;0;0;0;0;0;0;0;0;0
19/05/2026;Tuesday;5;0;0;0;0;0;0;0;0;0;0;0
20/05/2026;Wednesday;5;0;0;0;0;0;0;0;0;0;0;0
21/05/2026;Thursday;5;0;0;0;0;0;0;0;0;0;0;0
22/05/2026;Friday;5;0;0;0;0;0;0;0;0;0;0;0
23/05/2026;Saturday;5;0;0;0;0;0;0;0;0;0;0;0
24/05/2026;Sunday;5;0;0;0;0;0;0;0;0;0;0;0
25/05/2026;Monday;5;0;0;0;0;0;0;0;0;0;0;0
26/05/2026;Tuesday;5;0;0;0;0;0;0;0;0;0;0;0
27/05/2026;Wednesday;5;0;0;0;0;0;0;0;0;0;0;0
28/05/2026;Thursday;5;0;0;0;0;0;0;0;0;0;0;0
29/05/2026;Friday;5;0;0;0;0;0;0;0;0;0;0;0
30/05/2026;Saturday;5;0;0;0;0;0;0;0;0;0;0;0
31/05/2026;Sunday;5;0;0;0;0;0;0;0;1;0;0;0
01/06/2026;Monday;6;0;0;0;0;0;0;1;0;0;0;0
02/06/2026;Tuesday;6;0;0;0;0;0;0;0;0;0;0;0
03/06/2026;Wednesday;6;0;0;0;0;0;0;0;0;0;0;0
04/06/2026;Thursday;6;0;0;0;0;0;0;0;0;0;0;0
05/06/2026;Friday;6;0;0;0;0;0;0;0;0;0;0;0
06/06/2026;Saturday;6;0;0;0;0;0;0;0;0;0;0;0
07/06/2026;Sunday;6;0;0;0;0;0;0;0;0;0;0;0
08/06/2026;Monday;6;0;0;0;0;0;0;0;0;0;0;0
09/06/2026;Tuesday;6;0;0;0;0;0;0;0;0;0;0;0
10/06/2026;Wednesday;6;0;0;0;0;0;0;0;0;0;0;0
11/06/2026;Thursday;6;0;0;0;0;0;0;0;0;0;0;0
12/06/2026;Friday;6;0;0;0;0;0;0;0;0;0;0;0
13/06/2026;Saturday;6;0;0;0;0;0;0;0;0;0;0;0
14/06/2026;Sunday;6;0;0;0;0;0;0;0;0;0;0;0
15/06/2026;Monday;6;0;0;0;0;0;0;0;0;0;0;0
16/06/2026;Tuesday;6;0;0;0;0;0;0;0;0;0;0;0
17/06/2026;Wednesday;6;0;0;0;0;0;0;0;0;0;0;0
18/06/2026;Thursday;6;0;0;0;0;0;0;0;0;0;0;0
19/06/2026;Friday;6;0;0;0;0;0;0;0;0;0;0;0
20/06/2026;Saturday;6;0;0;0;0;0;0;0;0;0;0;0
21/06/2026;Sunday;6;0;0;0;0;0;0;0;0;0;0;0
22/06/2026;Monday;6;0;0;0;0;0;0;0;0;0;0;0
23/06/2026;Tuesday;6;0;0;0;0;0;0;0;0;0;0;0
24/06/2026;Wednesday;6;0;0;0;0;0;0;0;0;0;0;0
25/06/2026;Thursday;6;0;0;0;0;0;0;0;0;0;0;0
26/06/2026;Friday;6;0;0;0;0;0;0;0;0;0;0;0
27/06/2026;Saturday;6;0;0;0;0;0;0;0;0;0;0;0
28/06/2026;Sunday;6;0;0;0;0;0;0;0;0;0;0;0
29/06/2026;Monday;6;0;0;0;0;0;0;0;0;0;0;0
30/06/2026;Tuesday;6;0;0;0;0;0;0;0;1;0;0;0
01/07/2026;Wednesday;7;0;0;0;0;0;0;1;0;0;0;0
02/07/2026;Thursday;7;0;0;0;0;0;0;0;0;0;0;0
03/07/2026;Friday;7;0;0;0;0;0;0;0;0;0;0;0
04/07/2026;Saturday;7;0;0;0;0;0;0;0;0;0;0;0
05/07/2026;Sunday;7;0;0;0;0;0;0;0;0;0;0;0
06/07/2026;Monday;7;0;0;0;0;0;0;0;0;0;0;0
07/07/2026;Tuesday;7;0;0;0;0;0;0;0;0;0;0;0
08/07/2026;Wednesday;7;0;0;0;0;0;0;0;0;0;0;0
09/07/2026;Thursday;7;0;0;0;0;0;0;0;0;0;0;0
10/07/2026;Friday;7;0;0;0;0;0;0;0;0;0;0;0
11/07/2026;Saturday;7;0;0;0;0;0;0;0;0;0;0;0
12/07/2026;Sunday;7;0;0;0;0;0;0;0;0;0;0;0
13/07/2026;Monday;7;0;0;0;0;0;0;0;0;0;0;0
14/07/2026;Tuesday;7;0;0;0;0;0;0;0;0;0;0;0
15/07/2026;Wednesday;7;0;0;0;0;0;0;0;0;0;0;0
16/07/2026;Thursday;7;0;0;0;0;0;0;0;0;0;0;0
17/07/2026;Friday;7;0;0;0;0;0;0;0;0;0;0;0
18/07/2026;Saturday;7;0;0;0;0;0;0;0;0;0;0;0
19/07/2026;Sunday;7;0;0;0;0;0;0;0;0;0;0;0
20/07/2026;Monday;7;0;0;0;0;0;0;0;0;0;0;0
21/07/2026;Tuesday;7;0;0;0;0;0;0;0;0;0;0;0
22/07/2026;Wednesday;7;0;0;0;0;0;0;0;0;0;0;0
23/07/2026;Thursday;7;0;0;0;0;0;0;0;0;0;0;0
24/07/2026;Friday;7;0;0;0;0;0;0;0;0;0;0;0
25/07/2026;Saturday;7;0;0;0;0;0;0;0;0;0;0;0
26/07/2026;Sunday;7;0;0;0;0;0;0;0;0;0;0;0
27/07/2026;Monday;7;0;0;0;0;0;0;0;0;0;0;0
28/07/2026;Tuesday;7;0;0;0;0;0;0;0;0;0;0;0
29/07/2026;Wednesday;7;0;0;0;0;0;0;0;0;0;0;0
30/07/2026;Thursday;7;0;0;0;0;0;0;0;0;0;0;0
31/07/2026;Friday;7;0;0;0;0;0;0;0;1;0;0;0
01/08/2026;Saturday;8;0;0;0;0;0;0;1;0;0;0;0
02/08/2026;Sunday;8;0;0;0;0;0;0;0;0;0;0;0
03/08/2026;Monday;8;0;0;0;0;0;0;0;0;0;0;0
04/08/2026;Tuesday;8;0;0;0;0;0;0;0;0;0;0;0
05/08/2026;Wednesday;8;0;0;0;0;0;0;0;0;0;0;0
06/08/2026;Thursday;8;0;0;0;0;0;0;0;0;0;0;0
07/08/2026;Friday;8;0;0;0;0;0;0;0;0;0;0;0
08/08/2026;Saturday;8;0;0;0;0;0;0;0;0;0;0;0
09/08/2026;Sunday;8;0;0;0;0;0;0;0;0;0;0;0
10/08/2026;Monday;8;0;0;0;0;0;0;0;0;0;0;0
11/08/2026;Tuesday;8;0;0;0;0;0;0;0;0;0;0;0
12/08/2026;Wednesday;8;0;0;0;0;0;0;0;0;0;0;0
13/08/2026;Thursday;8;0;0;0;0;0;0;0;0;0;0;0
14/08/2026;Friday;8;0;0;0;0;0;0;0;0;0;0;0
15/08/2026;Saturday;8;0;0;0;0;0;0;0;0;0;0;0
16/08/2026;Sunday;8;0;0;0;0;0;0;0;0;0;0;0
17/08/2026;Monday;8;0;0;0;0;0;0;0;0;0;0;0
18/08/2026;Tuesday;8;0;0;0;0;0;0;0;0;0;0;0
19/08/2026;Wednesday;8;0;0;0;0;0;0;0;0;0;0;0
20/08/2026;Thursday;8;0;0;0;0;0;0;0;0;0;0;0
21/08/2026;Friday;8;0;0;0;0;0;0;0;0;0;0;0
22/08/2026;Saturday;8;0;0;0;0;0;0;0;0;0;0;0
23/08/2026;Sunday;8;0;0;0;0;0;0;0;0;0;0;0
24/08/2026;Monday;8;0;0;0;0;0;0;0;0;0;0;0
25/08/2026;Tuesday;8;0;0;0;0;0;0;0;0;0;0;0
26/08/2026;Wednesday;8;0;0;0;0;0;0;0;0;0;0;0
27/08/2026;Thursday;8;0;0;0;0;0;0;0;0;0;0;0
28/08/2026;Friday;8;0;0;0;0;0;0;0;0;0;0;0
29/08/2026;Saturday;8;0;0;0;0;0;0;0;0;0;0;0
30/08/2026;Sunday;8;0;0;0;0;0;0;0;0;0;0;0
31/08/2026;Monday;8;0;0;0;0;0;0;0;1;0;0;0
01/09/2026;Tuesday;9;0;0;0;0;0;0;1;0;0;0;0
02/09/2026;Wednesday;9;0;0;0;0;0;0;0;0;0;0;0
03/09/2026;Thursday;9;0;0;0;0;0;0;0;0;0;0;0
04/09/2026;Friday;9;0;0;0;0;0;0;0;0;0;0;0
05/09/2026;Saturday;9;0;0;0;0;0;0;0;0;0;0;0
06/09/2026;Sunday;9;0;1;0;0;0;0;0;0;0;0;0
07/09/2026;Monday;9;1;0;0;0;0;0;0;0;0;0;0
08/09/2026;Tuesday;9;0;0;1;0;0;0;0;0;0;0;0
09/09/2026;Wednesday;9;0;0;0;0;0;0;0;0;0;0;0
10/09/2026;Thursday;9;0;0;0;0;0;0;0;0;0;0;0
11/09/2026;Friday;9;0;0;0;0;0;0;0;0;0;0;0
12/09/2026;Saturday;9;0;0;0;0;0;0;0;0;0;0;0
13/09/2026;Sunday;9;0;0;0;0;0;0;0;0;0;0;0
14/09/2026;Monday;9;0;0;0;0;0;0;0;0;0;0;0
15/09/2026;Tuesday;9;0;0;0;0;0;0;0;0;0;0;0
16/09/2026;Wednesday;9;0;0;0;0;0;0;0;0;0;0;0
17/09/2026;Thursday;9;0;0;0;0;0;0;0;0;0;0;0
18/09/2026;Friday;9;0;0;0;0;0;0;0;0;0;0;0
19/09/2026;Saturday;9;0;0;0;0;0;0;0;0;0;0;0
20/09/2026;Sunday;9;0;0;0;0;0;0;0;0;0;0;0
21/09/2026;Monday;9;0;0;0;0;0;0;0;0;0;0;0
22/09/2026;Tuesday;9;0;0;0;0;0;0;0;0;0;0;0
23/09/2026;Wednesday;9;0;0;0;0;0;0;0;0;0;0;0
24/09/2026;Thursday;9;0;0;0;0;0;0;0;0;0;0;0
25/09/2026;Friday;9;0;0;0;0;0;0;0;0;0;0;0
26/09/2026;Saturday;9;0;0;0;0;0;0;0;0;0;0;0
27/09/2026;Sunday;9;0;0;0;0;0;0;0;0;0;0;0
28/09/2026;Monday;9;0;0;0;0;0;0;0;0;0;0;0
29/09/2026;Tuesday;9;0;0;0;0;0;0;0;0;0;0;0
30/09/2026;Wednesday;9;0;0;0;0;0;0;0;1;0;0;0
01/10/2026;Thursday;10;0;0;0;0;0;0;1;0;0;0;0
02/10/2026;Friday;10;0;0;0;0;0;0;0;0;0;0;0
03/10/2026;Saturday;10;0;0;0;0;0;0;0;0;0;0;0
04/10/2026;Sunday;10;0;0;0;0;0;0;0;0;0;0;0
05/10/2026;Monday;10;0;0;0;0;0;0;0;0;0;0;0
06/10/2026;Tuesday;10;0;0;0;0;0;0;0;0;0;0;0
07/10/2026;Wednesday;10;0;0;0;0;0;0;0;0;0;0;0
08/10/2026;Thursday;10;0;0;0;0;0;0;0;0;0;0;0
09/10/2026;Friday;10;0;0;0;0;0;0;0;0;0;0;0
10/10/2026;Saturday;10;0;0;0;0;0;0;0;0;0;0;0
11/10/2026;Sunday;10;0;1;0;0;0;0;0;0;0;0;0
12/10/2026;Monday;10;1;0;0;0;0;0;0;0;0;0;0
13/10/2026;Tuesday;10;0;0;1;0;0;0;0;0;0;0;0
14/10/2026;Wednesday;10;0;0;0;0;0;0;0;0;0;0;0
15/10/2026;Thursday;10;0;0;0;0;0;0;0;0;0;0;0
16/10/2026;Friday;10;0;0;0;0;0;0;0;0;0;0;0
17/10/2026;Saturday;10;0;0;0;0;0;0;0;0;0;0;0
18/10/2026;Sunday;10;0;0;0;0;0;0;0;0;0;0;0
19/10/2026;Monday;10;0;0;0;0;0;0;0;0;0;0;0
20/10/2026;Tuesday;10;0;0;0;0;0;0;0;0;0;0;0
21/10/2026;Wednesday;10;0;0;0;0;0;0;0;0;0;0;0
22/10/2026;Thursday;10;0;0;0;0;0;0;0;0;0;0;0
23/10/2026;Friday;10;0;0;0;0;0;0;0;0;0;0;0
24/10/2026;Saturday;10;0;0;0;0;0;0;0;0;0;0;0
25/10/2026;Sunday;10;0;0;0;0;0;0;0;0;0;0;0
26/10/2026;Monday;10;0;0;0;0;0;0;0;0;0;0;0
27/10/2026;Tuesday;10;0;0;0;0;0;0;0;0;0;0;0
28/10/2026;Wednesday;10;0;0;0;0;0;0;0;0;0;0;0
29/10/2026;Thursday;10;0;0;0;0;0;0;0;0;0;0;0
30/10/2026;Friday;10;0;0;0;0;0;0;0;0;0;0;0
31/10/2026;Saturday;10;0;0;0;0;0;0;0;1;0;0;0
01/11/2026;Sunday;11;0;1;0;0;0;0;1;0;0;0;0
02/11/2026;Monday;11;1;0;0;0;0;0;0;0;0;0;0
03/11/2026;Tuesday;11;0;0;1;0;0;0;0;0;0;0;0
04/11/2026;Wednesday;11;0;0;0;0;0;0;0;0;0;0;0
05/11/2026;Thursday;11;0;0;0;0;0;0;0;0;0;0;0
06/11/2026;Friday;11;0;0;0;0;0;0;0;0;0;0;0
07/11/2026;Saturday;11;0;0;0;0;0;0;0;0;0;0;0
08/11/2026;Sunday;11;0;0;0;0;0;0;0;0;0;0;0
09/11/2026;Monday;11;0;0;0;0;0;0;0;0;0;0;0
10/11/2026;Tuesday;11;0;0;0;0;0;0;0;0;0;0;0
11/11/2026;Wednesday;11;0;0;0;0;0;0;0;0;0;0;0
12/11/2026;Thursday;11;0;0;0;0;0;0;0;0;0;0;0
13/11/2026;Friday;11;0;0;0;0;0;0;0;0;0;0;0
14/11/2026;Saturday;11;0;1;0;0;0;0;0;0;0;0;0
15/11/2026;Sunday;11;1;0;0;0;0;0;0;0;0;0;0
16/11/2026;Monday;11;0;0;1;0;0;0;0;0;0;0;0
17/11/2026;Tuesday;11;0;0;0;0;0;0;0;0;0;0;0
18/11/2026;Wednesday;11;0;0;0;0;0;0;0;0;0;0;0
19/11/2026;Thursday;11;0;0;0;0;0;0;0;0;0;0;0
20/11/2026;Friday;11;0;0;0;0;0;0;0;0;0;0;0
21/11/2026;Saturday;11;0;0;0;0;0;0;0;0;0;0;0
22/11/2026;Sunday;11;0;0;0;0;0;0;0;0;0;0;0
23/11/2026;Monday;11;0;0;0;0;0;0;0;0;1;0;0
24/11/2026;Tuesday;11;0;0;0;0;0;0;0;0;0;1;0
25/11/2026;Wednesday;11;0;0;0;0;0;0;0;0;0;1;0
26/11/2026;Thursday;11;0;0;0;0;0;0;0;0;0;1;0
27/11/2026;Friday;11;0;0;0;1;0;0;0;0;0;0;0
28/11/2026;Saturday;11;0;0;0;0;0;0;0;0;0;0;0
29/11/2026;Sunday;11;0;0;0;0;0;0;0;0;0;0;1
30/11/2026;Monday;11;0;0;0;0;0;0;0;1;0;0;1
01/12/2026;Tuesday;12;0;0;0;0;0;0;1;0;0;0;1
02/12/2026;Wednesday;12;0;0;0;0;0;0;0;0;0;0;1
03/12/2026;Thursday;12;0;0;0;0;0;0;0;0;0;0;1
04/12/2026;Friday;12;0;0;0;0;0;0;0;0;0;0;0
05/12/2026;Saturday;12;0;0;0;0;0;0;0;0;0;0;1
06/12/2026;Sunday;12;0;0;0;0;0;0;0;0;0;0;1
07/12/2026;Monday;12;0;0;0;0;0;0;0;0;0;0;1
08/12/2026;Tuesday;12;0;0;0;0;0;0;0;0;0;0;1
09/12/2026;Wednesday;12;0;0;0;0;0;0;0;0;0;0;1
10/12/2026;Thursday;12;0;0;0;0;0;0;0;0;0;0;1
11/12/2026;Friday;12;0;0;0;0;0;0;0;0;0;0;0
12/12/2026;Saturday;12;0;0;0;0;0;0;0;0;0;0;0
13/12/2026;Sunday;12;0;0;0;0;0;0;0;0;0;0;0
14/12/2026;Monday;12;0;0;0;0;0;0;0;0;0;0;0
15/12/2026;Tuesday;12;0;0;0;0;0;0;0;0;0;0;0
16/12/2026;Wednesday;12;0;0;0;0;0;0;0;0;0;0;0
17/12/2026;Thursday;12;0;0;0;0;0;0;0;0;0;0;0
18/12/2026;Friday;12;0;0;0;0;0;0;0;0;0;0;0
19/12/2026;Saturday;12;0;0;0;0;0;0;0;0;0;0;0
20/12/2026;Sunday;12;0;0;0;0;0;0;0;0;0;0;0
21/12/2026;Monday;12;0;0;0;0;0;0;0;0;0;0;0
22/12/2026;Tuesday;12;0;0;0;0;0;0;0;0;0;0;0
23/12/2026;Wednesday;12;0;0;0;0;0;0;0;0;0;0;0
24/12/2026;Thursday;12;0;1;0;0;0;0;0;0;0;0;0
25/12/2026;Friday;12;1;0;0;0;1;0;0;0;0;0;0
26/12/2026;Saturday;12;0;0;1;0;0;0;0;0;0;0;0
27/12/2026;Sunday;12;0;0;0;0;0;0;0;0;0;0;0
28/12/2026;Monday;12;0;0;0;0;0;0;0;0;0;0;0
29/12/2026;Tuesday;12;0;0;0;0;0;0;0;0;0;0;0
30/12/2026;Wednesday;12;0;0;0;0;0;0;0;0;0;0;0
31/12/2026;Thursday;12;0;1;0;0;0;0;0;1;0;0;0
01/01/2027;Friday;1;1;0;0;0;0;0;1;0;0;0;0
02/01/2027;Saturday;1;0;0;1;0;0;0;0;0;0;0;0
03/01/2027;Sunday;1;0;0;0;0;0;0;0;0;0;0;0
04/01/2027;Monday;1;0;0;0;0;0;0;0;0;0;0;0
05/01/2027;Tuesday;1;0;0;0;0;0;0;0;0;0;0;0
06/01/2027;Wednesday;1;0;0;0;0;0;0;0;0;0;0;0
07/01/2027;Thursday;1;0;0;0;0;0;0;0;0;0;0;0
08/01/2027;Friday;1;0;0;0;0;0;0;0;0;0;0;0
09/01/2027;Saturday;1;0;0;0;0;0;0;0;0;0;0;0
10/01/2027;Sunday;1;0;0;0;0;0;0;0;0;0;0;0
11/01/2027;Monday;1;0;0;0;0;0;0;0;0;0;0;0
12/01/2027;Tuesday;1;0;0;0;0;0;0;0;0;0;0;0
13/01/2027;Wednesday;1;0;0;0;0;0;0;0;0;0;0;0
14/01/2027;Thursday;1;0;0;0;0;0;0;0;0;0;0;0
15/01/2027;Friday;1;0;0;0;0;0;0;0;0;0;0;0
16/01/2027;Saturday;1;0;0;0;0;0;0;0;0;0;0;0
17/01/2027;Sunday;1;0;0;0;0;0;0;0;0;0;0;0
18/01/2027;Monday;1;0;0;0;0;0;0;0;0;0;0;0
19/01/2027;Tuesday;1;0;0;0;0;0;0;0;0;0;0;0
20/01/2027;Wednesday;1;0;0;0;0;0;0;0;0;0;0;0
21/01/2027;Thursday;1;0;0;0;0;0;0;0;0;0;0;0
22/01/2027;Friday;1;0;0;0;0;0;0;0;0;0;0;0
23/01/2027;Saturday;1;0;0;0;0;0;0;0;0;0;0;0
24/01/2027;Sunday;1;0;0;0;0;0;0;0;0;0;0;0
25/01/2027;Monday;1;0;0;0;0;0;0;0;0;0;0;0
26/01/2027;Tuesday;1;0;0;0;0;0;0;0;0;0;0;0
27/01/2027;Wednesday;1;0;0;0;0;0;0;0;0;0;0;0
28/01/2027;Thursday;1;0;0;0;0;0;0;0;0;0;0;0
29/01/2027;Friday;1;0;0;0;0;0;0;0;0;0;0;0
30/01/2027;Saturday;1;0;0;0;0;0;0;0;0;0;0;0
31/01/2027;Sunday;1;0;0;0;0;0;0;0;1;0;0;0
01/02/2027;Monday;2;0;0;0;0;0;0;1;0;0;0;0
02/02/2027;Tuesday;2;0;0;0;0;0;0;0;0;0;0;0
03/02/2027;Wednesday;2;0;0;0;0;0;0;0;0;0;0;0
04/02/2027;Thursday;2;0;0;0;0;0;0;0;0;0;0;0
05/02/2027;Friday;2;0;0;0;0;0;0;0;0;0;0;0
06/02/2027;Saturday;2;0;0;0;0;0;0;0;0;0;0;0
07/02/2027;Sunday;2;0;1;0;0;0;0;0;0;0;0;0
08/02/2027;Monday;2;1;1;0;0;0;0;0;0;0;0;0
09/02/2027;Tuesday;2;1;0;1;0;0;0;0;0;0;0;0
10/02/2027;Wednesday;2;0;0;1;0;0;0;0;0;0;0;0
11/02/2027;Thursday;2;0;0;0;0;0;0;0;0;0;0;0
12/02/2027;Friday;2;0;0;0;0;0;0;0;0;0;0;0
13/02/2027;Saturday;2;0;0;0;0;0;0;0;0;0;0;0
14/02/2027;Sunday;2;0;0;0;0;0;0;0;0;0;0;0
15/02/2027;Monday;2;0;0;0;0;0;0;0;0;0;0;0
16/02/2027;Tuesday;2;0;0;0;0;0;0;0;0;0;0;0
17/02/2027;Wednesday;2;0;0;0;0;0;0;0;0;0;0;0
18/02/2027;Thursday;2;0;0;0;0;0;0;0;0;0;0;0
19/02/2027;Friday;2;0;0;0;0;0;0;0;0;0;0;0
20/02/2027;Saturday;2;0;0;0;0;0;0;0;0;0;0;0
21/02/2027;Sunday;2;0;0;0;0;0;0;0;0;0;0;0
22/02/2027;Monday;2;0;0;0;0;0;0;0;0;0;0;0
23/02/2027;Tuesday;2;0;0;0;0;0;0;0;0;0;0;0
24/02/2027;Wednesday;2;0;0;0;0;0;0;0;0;0;0;0
25/02/2027;Thursday;2;0;0;0;0;0;0;0;0;0;0;0
26/02/2027;Friday;2;0;0;0;0;0;0;0;0;0;0;0
27/02/2027;Saturday;2;0;0;0;0;0;0;0;0;0;0;0
28/02/2027;Sunday;2;0;0;0;0;0;0;0;1;0;0;0
01/03/2027;Monday;3;0;0;0;0;0;0;1;0;0;0;0
02/03/2027;Tuesday;3;0;0;0;0;0;0;0;0;0;0;0
03/03/2027;Wednesday;3;0;0;0;0;0;0;0;0;0;0;0
04/03/2027;Thursday;3;0;0;0;0;0;0;0;0;0;0;0
05/03/2027;Friday;3;0;0;0;0;0;0;0;0;0;0;0
06/03/2027;Saturday;3;0;0;0;0;0;0;0;0;0;0;0
07/03/2027;Sunday;3;0;0;0;0;0;0;0;0;0;0;0
08/03/2027;Monday;3;0;0;0;0;0;0;0;0;0;0;0
09/03/2027;Tuesday;3;0;0;0;0;0;0;0;0;0;0;0
10/03/2027;Wednesday;3;0;0;0;0;0;0;0;0;0;0;0
11/03/2027;Thursday;3;0;0;0;0;0;0;0;0;0;0;0
12/03/2027;Friday;3;0;0;0;0;0;0;0;0;0;0;0
13/03/2027;Saturday;3;0;0;0;0;0;0;0;0;0;0;0
14/03/2027;Sunday;3;0;0;0;0;0;0;0;0;0;0;0
15/03/2027;Monday;3;0;0;0;0;0;0;0;0;0;0;0
16/03/2027;Tuesday;3;0;0;0;0;0;0;0;0;0;0;0
17/03/2027;Wednesday;3;0;0;0;0;0;0;0;0;0;0;0
18/03/2027;Thursday;3;0;0;0;0;0;0;0;0;0;0;0
19/03/2027;Friday;3;0;0;0;0;0;0;0;0;0;0;0
20/03/2027;Saturday;3;0;0;0;0;0;0;0;0;0;0;0
21/03/2027;Sunday;3;0;0;0;0;0;0;0;0;0;0;0
22/03/2027;Monday;3;0;0;0;0;0;0;0;0;0;0;0
23/03/2027;Tuesday;3;0;0;0;0;0;0;0;0;0;0;0
24/03/2027;Wednesday;3;0;0;0;0;0;0;0;0;0;0;0
25/03/2027;Thursday;3;0;1;0;0;0;0;0;0;0;0;0
26/03/2027;Friday;3;1;0;0;0;0;0;0;0;0;0;0
27/03/2027;Saturday;3;0;0;1;0;0;0;0;0;0;0;0
28/03/2027;Sunday;3;0;0;0;0;0;0;0;0;0;0;0
29/03/2027;Monday;3;0;0;0;0;0;0;0;0;0;0;0
30/03/2027;Tuesday;3;0;0;0;0;0;0;0;0;0;0;0
31/03/2027;Wednesday;3;0;0;0;0;0;0;0;1;0;0;0
01/04/2027;Thursday;4;0;0;0;0;0;0;1;0;0;0;0
02/04/2027;Friday;4;0;0;0;0;0;0;0;0;0;0;0
03/04/2027;Saturday;4;0;0;0;0;0;0;0;0;0;0;0
04/04/2027;Sunday;4;0;0;0;0;0;0;0;0;0;0;0
05/04/2027;Monday;4;0;0;0;0;0;0;0;0;0;0;0
06/04/2027;Tuesday;4;0;0;0;0;0;0;0;0;0;0;0
07/04/2027;Wednesday;4;0;0;0;0;0;0;0;0;0;0;0
08/04/2027;Thursday;4;0;0;0;0;0;0;0;0;0;0;0
09/04/2027;Friday;4;0;0;0;0;0;0;0;0;0;0;0
10/04/2027;Saturday;4;0;0;0;0;0;0;0;0;0;0;0
11/04/2027;Sunday;4;0;0;0;0;0;0;0;0;0;0;0
12/04/2027;Monday;4;0;0;0;0;0;0;0;0;0;0;0
13/04/2027;Tuesday;4;0;0;0;0;0;0;0;0;0;0;0
14/04/2027;Wednesday;4;0;0;0;0;0;0;0;0;0;0;0
15/04/2027;Thursday;4;0;0;0;0;0;0;0;0;0;0;0
16/04/2027;Friday;4;0;0;0;0;0;0;0;0;0;0;0
17/04/2027;Saturday;4;0;0;0;0;0;0;0;0;0;0;0
18/04/2027;Sunday;4;0;0;0;0;0;0;0;0;0;0;0
19/04/2027;Monday;4;0;0;0;0;0;0;0;0;0;0;0
20/04/2027;Tuesday;4;0;1;0;0;0;0;0;0;0;0;0
21/04/2027;Wednesday;4;1;0;0;0;0;0;0;0;0;0;0
22/04/2027;Thursday;4;0;0;1;0;0;0;0;0;0;0;0
23/04/2027;Friday;4;0;0;0;0;0;0;0;0;0;0;0
24/04/2027;Saturday;4;0;0;0;0;0;0;0;0;0;0;0
25/04/2027;Sunday;4;0;0;0;0;0;0;0;0;0;0;0
26/04/2027;Monday;4;0;0;0;0;0;0;0;0;0;0;0
27/04/2027;Tuesday;4;0;0;0;0;0;0;0;0;0;0;0
28/04/2027;Wednesday;4;0;0;0;0;0;0;0;0;0;0;0
29/04/2027;Thursday;4;0;0;0;0;0;0;0;0;0;0;0
30/04/2027;Friday;4;0;1;0;0;0;0;0;1;0;0;0
01/05/2027;Saturday;5;1;0;0;0;0;0;1;0;0;0;0
02/05/2027;Sunday;5;0;0;1;0;0;0;0;0;0;0;0
03/05/2027;Monday;5;0;0;0;0;0;0;0;0;0;0;0
04/05/2027;Tuesday;5;0;0;0;0;0;0;0;0;0;0;0
05/05/2027;Wednesday;5;0;0;0;0;0;0;0;0;0;0;0
06/05/2027;Thursday;5;0;0;0;0;0;0;0;0;0;0;0
07/05/2027;Friday;5;0;0;0;0;0;0;0;0;0;0;0
08/05/2027;Saturday;5;0;0;0;0;0;0;0;0;0;0;0
09/05/2027;Sunday;5;0;0;0;0;0;1;0;0;0;0;0
10/05/2027;Monday;5;0;0;0;0;0;0;0;0;0;0;0
11/05/2027;Tuesday;5;0;0;0;0;0;0;0;0;0;0;0
12/05/2027;Wednesday;5;0;0;0;0;0;0;0;0;0;0;0
13/05/2027;Thursday;5;0;0;0;0;0;0;0;0;0;0;0
14/05/2027;Friday;5;0;0;0;0;0;0;0;0;0;0;0
15/05/2027;Saturday;5;0;0;0;0;0;0;0;0;0;0;0
16/05/2027;Sunday;5;0;0;0;0;0;0;0;0;0;0;0
17/05/2027;Monday;5;0;0;0;0;0;0;0;0;0;0;0
18/05/2027;Tuesday;5;0;0;0;0;0;0;0;0;0;0;0
19/05/2027;Wednesday;5;0;0;0;0;0;0;0;0;0;0;0
20/05/2027;Thursday;5;0;0;0;0;0;0;0;0;0;0;0
21/05/2027;Friday;5;0;0;0;0;0;0;0;0;0;0;0
22/05/2027;Saturday;5;0;0;0;0;0;0;0;0;0;0;0
23/05/2027;Sunday;5;0;0;0;0;0;0;0;0;0;0;0
24/05/2027;Monday;5;0;0;0;0;0;0;0;0;0;0;0
25/05/2027;Tuesday;5;0;0;0;0;0;0;0;0;0;0;0
26/05/2027;Wednesday;5;0;0;0;0;0;0;0;0;0;0;0
27/05/2027;Thursday;5;0;0;0;0;0;0;0;0;0;0;0
28/05/2027;Friday;5;0;0;0;0;0;0;0;0;0;0;0
29/05/2027;Saturday;5;0;0;0;0;0;0;0;0;0;0;0
30/05/2027;Sunday;5;0;0;0;0;0;0;0;0;0;0;0
31/05/2027;Monday;5;0;0;0;0;0;0;0;1;0;0;0
01/06/2027;Tuesday;6;0;0;0;0;0;0;1;0;0;0;0
02/06/2027;Wednesday;6;0;0;0;0;0;0;0;0;0;0;0
03/06/2027;Thursday;6;0;0;0;0;0;0;0;0;0;0;0
04/06/2027;Friday;6;0;0;0;0;0;0;0;0;0;0;0
05/06/2027;Saturday;6;0;0;0;0;0;0;0;0;0;0;0
06/06/2027;Sunday;6;0;0;0;0;0;0;0;0;0;0;0
07/06/2027;Monday;6;0;0;0;0;0;0;0;0;0;0;0
08/06/2027;Tuesday;6;0;0;0;0;0;0;0;0;0;0;0
09/06/2027;Wednesday;6;0;0;0;0;0;0;0;0;0;0;0
10/06/2027;Thursday;6;0;0;0;0;0;0;0;0;0;0;0
11/06/2027;Friday;6;0;0;0;0;0;0;0;0;0;0;0
12/06/2027;Saturday;6;0;0;0;0;0;0;0;0;0;0;0
13/06/2027;Sunday;6;0;0;0;0;0;0;0;0;0;0;0
14/06/2027;Monday;6;0;0;0;0;0;0;0;0;0;0;0
15/06/2027;Tuesday;6;0;0;0;0;0;0;0;0;0;0;0
16/06/2027;Wednesday;6;0;0;0;0;0;0;0;0;0;0;0
17/06/2027;Thursday;6;0;0;0;0;0;0;0;0;0;0;0
18/06/2027;Friday;6;0;0;0;0;0;0;0;0;0;0;0
19/06/2027;Saturday;6;0;0;0;0;0;0;0;0;0;0;0
20/06/2027;Sunday;6;0;0;0;0;0;0;0;0;0;0;0
21/06/2027;Monday;6;0;0;0;0;0;0;0;0;0;0;0
22/06/2027;Tuesday;6;0;0;0;0;0;0;0;0;0;0;0
23/06/2027;Wednesday;6;0;0;0;0;0;0;0;0;0;0;0
24/06/2027;Thursday;6;0;0;0;0;0;0;0;0;0;0;0
25/06/2027;Friday;6;0;0;0;0;0;0;0;0;0;0;0
26/06/2027;Saturday;6;0;0;0;0;0;0;0;0;0;0;0
27/06/2027;Sunday;6;0;0;0;0;0;0;0;0;0;0;0
28/06/2027;Monday;6;0;0;0;0;0;0;0;0;0;0;0
29/06/2027;Tuesday;6;0;0;0;0;0;0;0;0;0;0;0
30/06/2027;Wednesday;6;0;0;0;0;0;0;0;1;0;0;0
01/07/2027;Thursday;7;0;0;0;0;0;0;1;0;0;0;0
02/07/2027;Friday;7;0;0;0;0;0;0;0;0;0;0;0
03/07/2027;Saturday;7;0;0;0;0;0;0;0;0;0;0;0
04/07/2027;Sunday;7;0;0;0;0;0;0;0;0;0;0;0
05/07/2027;Monday;7;0;0;0;0;0;0;0;0;0;0;0
06/07/2027;Tuesday;7;0;0;0;0;0;0;0;0;0;0;0
07/07/2027;Wednesday;7;0;0;0;0;0;0;0;0;0;0;0
08/07/2027;Thursday;7;0;0;0;0;0;0;0;0;0;0;0
09/07/2027;Friday;7;0;0;0;0;0;0;0;0;0;0;0
10/07/2027;Saturday;7;0;0;0;0;0;0;0;0;0;0;0
11/07/2027;Sunday;7;0;0;0;0;0;0;0;0;0;0;0
12/07/2027;Monday;7;0;0;0;0;0;0;0;0;0;0;0
13/07/2027;Tuesday;7;0;0;0;0;0;0;0;0;0;0;0
14/07/2027;Wednesday;7;0;0;0;0;0;0;0;0;0;0;0
15/07/2027;Thursday;7;0;0;0;0;0;0;0;0;0;0;0
16/07/2027;Friday;7;0;0;0;0;0;0;0;0;0;0;0
17/07/2027;Saturday;7;0;0;0;0;0;0;0;0;0;0;0
18/07/2027;Sunday;7;0;0;0;0;0;0;0;0;0;0;0
19/07/2027;Monday;7;0;0;0;0;0;0;0;0;0;0;0
20/07/2027;Tuesday;7;0;0;0;0;0;0;0;0;0;0;0
21/07/2027;Wednesday;7;0;0;0;0;0;0;0;0;0;0;0
22/07/2027;Thursday;7;0;0;0;0;0;0;0;0;0;0;0
23/07/2027;Friday;7;0;0;0;0;0;0;0;0;0;0;0
24/07/2027;Saturday;7;0;0;0;0;0;0;0;0;0;0;0
25/07/2027;Sunday;7;0;0;0;0;0;0;0;0;0;0;0
26/07/2027;Monday;7;0;0;0;0;0;0;0;0;0;0;0
27/07/2027;Tuesday;7;0;0;0;0;0;0;0;0;0;0;0
28/07/2027;Wednesday;7;0;0;0;0;0;0;0;0;0;0;0
29/07/2027;Thursday;7;0;0;0;0;0;0;0;0;0;0;0
30/07/2027;Friday;7;0;0;0;0;0;0;0;0;0;0;0
31/07/2027;Saturday;7;0;0;0;0;0;0;0;1;0;0;0
01/08/2027;Sunday;8;0;0;0;0;0;0;1;0;0;0;0
02/08/2027;Monday;8;0;0;0;0;0;0;0;0;0;0;0
03/08/2027;Tuesday;8;0;0;0;0;0;0;0;0;0;0;0
04/08/2027;Wednesday;8;0;0;0;0;0;0;0;0;0;0;0
05/08/2027;Thursday;8;0;0;0;0;0;0;0;0;0;0;0
06/08/2027;Friday;8;0;0;0;0;0;0;0;0;0;0;0
07/08/2027;Saturday;8;0;0;0;0;0;0;0;0;0;0;0
08/08/2027;Sunday;8;0;0;0;0;0;0;0;0;0;0;0
09/08/2027;Monday;8;0;0;0;0;0;0;0;0;0;0;0
10/08/2027;Tuesday;8;0;0;0;0;0;0;0;0;0;0;0
11/08/2027;Wednesday;8;0;0;0;0;0;0;0;0;0;0;0
12/08/2027;Thursday;8;0;0;0;0;0;0;0;0;0;0;0
13/08/2027;Friday;8;0;0;0;0;0;0;0;0;0;0;0
14/08/2027;Saturday;8;0;0;0;0;0;0;0;0;0;0;0
15/08/2027;Sunday;8;0;0;0;0;0;0;0;0;0;0;0
16/08/2027;Monday;8;0;0;0;0;0;0;0;0;0;0;0
17/08/2027;Tuesday;8;0;0;0;0;0;0;0;0;0;0;0
18/08/2027;Wednesday;8;0;0;0;0;0;0;0;0;0;0;0
19/08/2027;Thursday;8;0;0;0;0;0;0;0;0;0;0;0
20/08/2027;Friday;8;0;0;0;0;0;0;0;0;0;0;0
21/08/2027;Saturday;8;0;0;0;0;0;0;0;0;0;0;0
22/08/2027;Sunday;8;0;0;0;0;0;0;0;0;0;0;0
23/08/2027;Monday;8;0;0;0;0;0;0;0;0;0;0;0
24/08/2027;Tuesday;8;0;0;0;0;0;0;0;0;0;0;0
25/08/2027;Wednesday;8;0;0;0;0;0;0;0;0;0;0;0
26/08/2027;Thursday;8;0;0;0;0;0;0;0;0;0;0;0
27/08/2027;Friday;8;0;0;0;0;0;0;0;0;0;0;0
28/08/2027;Saturday;8;0;0;0;0;0;0;0;0;0;0;0
29/08/2027;Sunday;8;0;0;0;0;0;0;0;0;0;0;0
30/08/2027;Monday;8;0;0;0;0;0;0;0;0;0;0;0
31/08/2027;Tuesday;8;0;0;0;0;0;0;0;1;0;0;0
01/09/2027;Wednesday;9;0;0;0;0;0;0;1;0;0;0;0
02/09/2027;Thursday;9;0;0;0;0;0;0;0;0;0;0;0
03/09/2027;Friday;9;0;0;0;0;0;0;0;0;0;0;0
04/09/2027;Saturday;9;0;0;0;0;0;0;0;0;0;0;0
05/09/2027;Sunday;9;0;0;0;0;0;0;0;0;0;0;0
06/09/2027;Monday;9;0;1;0;0;0;0;0;0;0;0;0
07/09/2027;Tuesday;9;1;0;0;0;0;0;0;0;0;0;0
08/09/2027;Wednesday;9;0;0;1;0;0;0;0;0;0;0;0
09/09/2027;Thursday;9;0;0;0;0;0;0;0;0;0;0;0
10/09/2027;Friday;9;0;0;0;0;0;0;0;0;0;0;0
11/09/2027;Saturday;9;0;0;0;0;0;0;0;0;0;0;0
12/09/2027;Sunday;9;0;0;0;0;0;0;0;0;0;0;0
13/09/2027;Monday;9;0;0;0;0;0;0;0;0;0;0;0
14/09/2027;Tuesday;9;0;0;0;0;0;0;0;0;0;0;0
15/09/2027;Wednesday;9;0;0;0;0;0;0;0;0;0;0;0
16/09/2027;Thursday;9;0;0;0;0;0;0;0;0;0;0;0
17/09/2027;Friday;9;0;0;0;0;0;0;0;0;0;0;0
18/09/2027;Saturday;9;0;0;0;0;0;0;0;0;0;0;0
19/09/2027;Sunday;9;0;0;0;0;0;0;0;0;0;0;0
20/09/2027;Monday;9;0;0;0;0;0;0;0;0;0;0;0
21/09/2027;Tuesday;9;0;0;0;0;0;0;0;0;0;0;0
22/09/2027;Wednesday;9;0;0;0;0;0;0;0;0;0;0;0
23/09/2027;Thursday;9;0;0;0;0;0;0;0;0;0;0;0
24/09/2027;Friday;9;0;0;0;0;0;0;0;0;0;0;0
25/09/2027;Saturday;9;0;0;0;0;0;0;0;0;0;0;0
26/09/2027;Sunday;9;0;0;0;0;0;0;0;0;0;0;0
27/09/2027;Monday;9;0;0;0;0;0;0;0;0;0;0;0
28/09/2027;Tuesday;9;0;0;0;0;0;0;0;0;0;0;0
29/09/2027;Wednesday;9;0;0;0;0;0;0;0;0;0;0;0
30/09/2027;Thursday;9;0;0;0;0;0;0;0;1;0;0;0
01/10/2027;Friday;10;0;0;0;0;0;0;1;0;0;0;0
02/10/2027;Saturday;10;0;0;0;0;0;0;0;0;0;0;0
03/10/2027;Sunday;10;0;0;0;0;0;0;0;0;0;0;0
04/10/2027;Monday;10;0;0;0;0;0;0;0;0;0;0;0
05/10/2027;Tuesday;10;0;0;0;0;0;0;0;0;0;0;0
06/10/2027;Wednesday;10;0;0;0;0;0;0;0;0;0;0;0
07/10/2027;Thursday;10;0;0;0;0;0;0;0;0;0;0;0
08/10/2027;Friday;10;0;0;0;0;0;0;0;0;0;0;0
09/10/2027;Saturday;10;0;0;0;0;0;0;0;0;0;0;0
10/10/2027;Sunday;10;0;0;0;0;0;0;0;0;0;0;0
11/10/2027;Monday;10;0;1;0;0;0;0;0;0;0;0;0
12/10/2027;Tuesday;10;1;0;0;0;0;0;0;0;0;0;0
13/10/2027;Wednesday;10;0;0;1;0;0;0;0;0;0;0;0
14/10/2027;Thursday;10;0;0;0;0;0;0;0;0;0;0;0
15/10/2027;Friday;10;0;0;0;0;0;0;0;0;0;0;0
16/10/2027;Saturday;10;0;0;0;0;0;0;0;0;0;0;0
17/10/2027;Sunday;10;0;0;0;0;0;0;0;0;0;0;0
18/10/2027;Monday;10;0;0;0;0;0;0;0;0;0;0;0
19/10/2027;Tuesday;10;0;0;0;0;0;0;0;0;0;0;0
20/10/2027;Wednesday;10;0;0;0;0;0;0;0;0;0;0;0
21/10/2027;Thursday;10;0;0;0;0;0;0;0;0;0;0;0
22/10/2027;Friday;10;0;0;0;0;0;0;0;0;0;0;0
23/10/2027;Saturday;10;0;0;0;0;0;0;0;0;0;0;0
24/10/2027;Sunday;10;0;0;0;0;0;0;0;0;0;0;0
25/10/2027;Monday;10;0;0;0;0;0;0;0;0;0;0;0
26/10/2027;Tuesday;10;0;0;0;0;0;0;0;0;0;0;0
27/10/2027;Wednesday;10;0;0;0;0;0;0;0;0;0;0;0
28/10/2027;Thursday;10;0;0;0;0;0;0;0;0;0;0;0
29/10/2027;Friday;10;0;0;0;0;0;0;0;0;0;0;0
30/10/2027;Saturday;10;0;0;0;0;0;0;0;0;0;0;0
31/10/2027;Sunday;10;0;0;0;0;0;0;0;1;0;0;0
01/11/2027;Monday;11;0;1;0;0;0;0;1;0;0;0;0
02/11/2027;Tuesday;11;1;0;0;0;0;0;0;0;0;0;0
03/11/2027;Wednesday;11;0;0;1;0;0;0;0;0;0;0;0
04/11/2027;Thursday;11;0;0;0;0;0;0;0;0;0;0;0
05/11/2027;Friday;11;0;0;0;0;0;0;0;0;0;0;0
06/11/2027;Saturday;11;0;0;0;0;0;0;0;0;0;0;0
07/11/2027;Sunday;11;0;0;0;0;0;0;0;0;0;0;0
08/11/2027;Monday;11;0;0;0;0;0;0;0;0;0;0;0
09/11/2027;Tuesday;11;0;0;0;0;0;0;0;0;0;0;0
10/11/2027;Wednesday;11;0;0;0;0;0;0;0;0;0;0;0
11/11/2027;Thursday;11;0;0;0;0;0;0;0;0;0;0;0
12/11/2027;Friday;11;0;0;0;0;0;0;0;0;0;0;0
13/11/2027;Saturday;11;0;0;0;0;0;0;0;0;0;0;0
14/11/2027;Sunday;11;0;1;0;0;0;0;0;0;0;0;0
15/11/2027;Monday;11;1;0;0;0;0;0;0;0;0;0;0
16/11/2027;Tuesday;11;0;0;1;0;0;0;0;0;0;0;0
17/11/2027;Wednesday;11;0;0;0;0;0;0;0;0;0;0;0
18/11/2027;Thursday;11;0;0;0;0;0;0;0;0;0;0;0
19/11/2027;Friday;11;0;0;0;0;0;0;0;0;0;0;0
20/11/2027;Saturday;11;0;0;0;0;0;0;0;0;0;0;0
21/11/2027;Sunday;11;0;0;0;0;0;0;0;0;0;0;0
22/11/2027;Monday;11;0;0;0;0;0;0;0;0;1;0;0
23/11/2027;Tuesday;11;0;0;0;0;0;0;0;0;0;1;0
24/11/2027;Wednesday;11;0;0;0;0;0;0;0;0;0;1;0
25/11/2027;Thursday;11;0;0;0;0;0;0;0;0;0;1;0
26/11/2027;Friday;11;0;0;0;1;0;0;0;0;0;0;0
27/11/2027;Saturday;11;0;0;0;0;0;0;0;0;0;0;0
28/11/2027;Sunday;11;0;0;0;0;0;0;0;0;0;0;0
29/11/2027;Monday;11;0;0;0;0;0;0;0;0;0;0;1
30/11/2027;Tuesday;11;0;0;0;0;0;0;0;1;0;0;1
01/12/2027;Wednesday;12;0;0;0;0;0;0;1;0;0;0;1
02/12/2027;Thursday;12;0;0;0;0;0;0;0;0;0;0;1
03/12/2027;Friday;12;0;0;0;0;0;0;0;0;0;0;1
04/12/2027;Saturday;12;0;0;0;0;0;0;0;0;0;0;0
05/12/2027;Sunday;12;0;0;0;0;0;0;0;0;0;0;1
06/12/2027;Monday;12;0;0;0;0;0;0;0;0;0;0;1
07/12/2027;Tuesday;12;0;0;0;0;0;0;0;0;0;0;1
08/12/2027;Wednesday;12;0;0;0;0;0;0;0;0;0;0;1
09/12/2027;Thursday;12;0;0;0;0;0;0;0;0;0;0;1
10/12/2027;Friday;12;0;0;0;0;0;0;0;0;0;0;1
11/12/2027;Saturday;12;0;0;0;0;0;0;0;0;0;0;0
12/12/2027;Sunday;12;0;0;0;0;0;0;0;0;0;0;0
13/12/2027;Monday;12;0;0;0;0;0;0;0;0;0;0;0
14/12/2027;Tuesday;12;0;0;0;0;0;0;0;0;0;0;0
15/12/2027;Wednesday;12;0;0;0;0;0;0;0;0;0;0;0
16/12/2027;Thursday;12;0;0;0;0;0;0;0;0;0;0;0
17/12/2027;Friday;12;0;0;0;0;0;0;0;0;0;0;0
18/12/2027;Saturday;12;0;0;0;0;0;0;0;0;0;0;0
19/12/2027;Sunday;12;0;0;0;0;0;0;0;0;0;0;0
20/12/2027;Monday;12;0;0;0;0;0;0;0;0;0;0;0
21/12/2027;Tuesday;12;0;0;0;0;0;0;0;0;0;0;0
22/12/2027;Wednesday;12;0;0;0;0;0;0;0;0;0;0;0
23/12/2027;Thursday;12;0;0;0;0;0;0;0;0;0;0;0
24/12/2027;Friday;12;0;1;0;0;0;0;0;0;0;0;0
25/12/2027;Saturday;12;1;0;0;0;1;0;0;0;0;0;0
26/12/2027;Sunday;12;0;0;1;0;0;0;0;0;0;0;0
27/12/2027;Monday;12;0;0;0;0;0;0;0;0;0;0;0
28/12/2027;Tuesday;12;0;0;0;0;0;0;0;0;0;0;0
29/12/2027;Wednesday;12;0;0;0;0;0;0;0;0;0;0;0
30/12/2027;Thursday;12;0;0;0;0;0;0;0;0;0;0;0
31/12/2027;Friday;12;0;0;0;0;0;0;0;1;0;0;0
