Data;Filial;producao
01/01/2021;POA;632
02/01/2021;BHZ;16
02/01/2021;CGB;2282
02/01/2021;CGR;1888
02/01/2021;RIO;4780
02/01/2021;MAO;399
02/01/2021;REC;2716
02/01/2021;SSA;4149
02/01/2021;TECA;38949
02/01/2021;VIX;3957
03/01/2021;BHZ;3063
03/01/2021;CGB;75
03/01/2021;RIO;4335
03/01/2021;POA;5906
03/01/2021;SSA;1233
03/01/2021;TECA;7933
04/01/2021;BHZ;9905
04/01/2021;BSB;2495
04/01/2021;CGB;5405
04/01/2021;CGR;1062
04/01/2021;FOR;2275
04/01/2021;RIO;4953
04/01/2021;MAO;651
04/01/2021;POA;5135
04/01/2021;REC;4960
04/01/2021;SSA;5585
04/01/2021;TECA;39599
04/01/2021;VIX;3403
05/01/2021;BHZ;11807
05/01/2021;BSB;1883
05/01/2021;CGB;1552
05/01/2021;CGR;914
05/01/2021;FOR;3374
05/01/2021;RIO;14874
05/01/2021;MAO;922
05/01/2021;POA;7644
05/01/2021;REC;5231
05/01/2021;SSA;4782
05/01/2021;TECA;76550
05/01/2021;VIX;6416
06/01/2021;BHZ;13321
06/01/2021;BSB;2293
06/01/2021;CGB;116
06/01/2021;CGR;195
06/01/2021;FOR;774
06/01/2021;RIO;21978
06/01/2021;MAO;977
06/01/2021;POA;10388
06/01/2021;REC;2128
06/01/2021;SSA;3855
06/01/2021;TECA;107076
06/01/2021;VIX;8149
07/01/2021;BHZ;14530
07/01/2021;BSB;2960
07/01/2021;CGB;2304
07/01/2021;CGR;293
07/01/2021;FOR;873
07/01/2021;RIO;22854
07/01/2021;MAO;1446
07/01/2021;POA;6742
07/01/2021;REC;3692
07/01/2021;SSA;4666
07/01/2021;TECA;105204
07/01/2021;VIX;8416
08/01/2021;BHZ;12440
08/01/2021;BSB;2909
08/01/2021;CGB;3750
08/01/2021;CGR;1430
08/01/2021;FOR;1107
08/01/2021;RIO;17076
08/01/2021;MAO;1177
08/01/2021;POA;11365
08/01/2021;REC;3587
08/01/2021;SSA;3182
08/01/2021;TECA;101588
08/01/2021;VIX;8359
09/01/2021;BHZ;3922
09/01/2021;BSB;2599
09/01/2021;CGB;2231
09/01/2021;CGR;1865
09/01/2021;FOR;96
09/01/2021;RIO;18254
09/01/2021;MAO;424
09/01/2021;POA;7414
09/01/2021;REC;2885
09/01/2021;SSA;5126
09/01/2021;TECA;84184
09/01/2021;VIX;3600
10/01/2021;BHZ;3254
10/01/2021;RIO;4176
10/01/2021;POA;3964
10/01/2021;REC;371
10/01/2021;SSA;1790
10/01/2021;TECA;15838
10/01/2021;VIX;4171
11/01/2021;BHZ;12350
11/01/2021;BSB;2741
11/01/2021;CGB;5836
11/01/2021;CGR;2400
11/01/2021;FOR;2046
11/01/2021;RIO;11970
11/01/2021;MAO;627
11/01/2021;POA;9449
11/01/2021;REC;6960
11/01/2021;SSA;8433
11/01/2021;TECA;38095
11/01/2021;VIX;3969
12/01/2021;BHZ;12771
12/01/2021;BSB;2415
12/01/2021;CGB;5298
12/01/2021;CGR;752
12/01/2021;FOR;2439
12/01/2021;RIO;21135
12/01/2021;MAO;421
12/01/2021;POA;10266
12/01/2021;REC;8968
12/01/2021;SSA;6229
12/01/2021;TECA;94575
12/01/2021;VIX;7370
13/01/2021;BHZ;15549
13/01/2021;BSB;3105
13/01/2021;CGB;143
13/01/2021;CGR;1108
13/01/2021;FOR;3274
13/01/2021;RIO;22515
13/01/2021;MAO;690
13/01/2021;POA;8088
13/01/2021;REC;6762
13/01/2021;SSA;4587
13/01/2021;TECA;98987
13/01/2021;VIX;12690
14/01/2021;BHZ;15371
14/01/2021;BSB;3447
14/01/2021;CGB;4223
14/01/2021;CGR;2039
14/01/2021;FOR;916
14/01/2021;RIO;25452
14/01/2021;MAO;145
14/01/2021;POA;9849
14/01/2021;REC;7461
14/01/2021;SSA;5444
14/01/2021;TECA;102121
14/01/2021;VIX;8314
15/01/2021;BHZ;13952
15/01/2021;BSB;3634
15/01/2021;CGB;229
15/01/2021;CGR;1599
15/01/2021;FOR;1778
15/01/2021;RIO;23344
15/01/2021;MAO;730
15/01/2021;POA;12727
15/01/2021;REC;4517
15/01/2021;SSA;7220
15/01/2021;TECA;112575
15/01/2021;VIX;9917
16/01/2021;BHZ;7800
16/01/2021;BSB;1947
16/01/2021;CGB;152
16/01/2021;CGR;1780
16/01/2021;FOR;23
16/01/2021;RIO;18157
16/01/2021;MAO;840
16/01/2021;POA;7581
16/01/2021;REC;8065
16/01/2021;SSA;5031
16/01/2021;TECA;85389
16/01/2021;VIX;1840
17/01/2021;BHZ;1640
17/01/2021;CGB;2249
17/01/2021;RIO;6139
17/01/2021;POA;3821
17/01/2021;REC;2323
17/01/2021;TECA;28852
17/01/2021;VIX;6849
18/01/2021;BHZ;12566
18/01/2021;BSB;4078
18/01/2021;CGB;6823
18/01/2021;CGR;2768
18/01/2021;FOR;3750
18/01/2021;RIO;9711
18/01/2021;MAO;1223
18/01/2021;POA;10067
18/01/2021;REC;7309
18/01/2021;SSA;8041
18/01/2021;TECA;43554
18/01/2021;VIX;4068
19/01/2021;BHZ;13538
19/01/2021;BSB;3177
19/01/2021;CGB;4398
19/01/2021;CGR;3672
19/01/2021;FOR;3536
19/01/2021;RIO;19106
19/01/2021;MAO;585
19/01/2021;POA;9500
19/01/2021;REC;4391
19/01/2021;SSA;7893
19/01/2021;TECA;94440
19/01/2021;VIX;7237
20/01/2021;BHZ;15491
20/01/2021;BSB;3001
20/01/2021;CGB;3332
20/01/2021;CGR;539
20/01/2021;FOR;2285
20/01/2021;RIO;19276
20/01/2021;MAO;392
20/01/2021;POA;10060
20/01/2021;REC;8592
20/01/2021;SSA;3248
20/01/2021;TECA;96678
20/01/2021;VIX;9853
21/01/2021;BHZ;13976
21/01/2021;BSB;3077
21/01/2021;CGB;282
21/01/2021;CGR;1991
21/01/2021;FOR;2002
21/01/2021;RIO;17449
21/01/2021;MAO;350
21/01/2021;POA;11204
21/01/2021;REC;2754
21/01/2021;SSA;6157
21/01/2021;TECA;101872
21/01/2021;VIX;9237
22/01/2021;BHZ;14002
22/01/2021;BSB;3771
22/01/2021;CGB;6160
22/01/2021;CGR;2048
22/01/2021;FOR;1423
22/01/2021;RIO;19823
22/01/2021;MAO;933
22/01/2021;POA;11374
22/01/2021;REC;9009
22/01/2021;SSA;5731
22/01/2021;TECA;103319
22/01/2021;VIX;8619
23/01/2021;BHZ;6956
23/01/2021;BSB;2490
23/01/2021;CGB;2766
23/01/2021;CGR;761
23/01/2021;RIO;17703
23/01/2021;MAO;2040
23/01/2021;POA;7663
23/01/2021;REC;4402
23/01/2021;SSA;3335
23/01/2021;TECA;87881
23/01/2021;VIX;4456
24/01/2021;BHZ;2679
24/01/2021;CGB;108
24/01/2021;CGR;638
24/01/2021;RIO;4766
24/01/2021;POA;4500
24/01/2021;SSA;579
24/01/2021;TECA;16016
24/01/2021;VIX;3389
25/01/2021;BHZ;9182
25/01/2021;BSB;2037
25/01/2021;CGB;8324
25/01/2021;CGR;4699
25/01/2021;FOR;3627
25/01/2021;RIO;10233
25/01/2021;MAO;1428
25/01/2021;POA;4927
25/01/2021;REC;5735
25/01/2021;SSA;7707
25/01/2021;TECA;27870
25/01/2021;VIX;4132
26/01/2021;BHZ;11636
26/01/2021;BSB;3573
26/01/2021;CGB;3821
26/01/2021;CGR;1408
26/01/2021;FOR;3005
26/01/2021;RIO;16209
26/01/2021;MAO;1272
26/01/2021;POA;10484
26/01/2021;REC;7349
26/01/2021;SSA;5699
26/01/2021;TECA;86227
26/01/2021;VIX;6795
27/01/2021;BHZ;14532
27/01/2021;BSB;2796
27/01/2021;CGB;771
27/01/2021;CGR;835
27/01/2021;FOR;825
27/01/2021;RIO;23028
27/01/2021;MAO;591
27/01/2021;POA;9949
27/01/2021;REC;10532
27/01/2021;SSA;4322
27/01/2021;TECA;102092
27/01/2021;VIX;8713
28/01/2021;BHZ;14534
28/01/2021;BSB;2961
28/01/2021;CGB;2464
28/01/2021;CGR;1331
28/01/2021;FOR;627
28/01/2021;RIO;21101
28/01/2021;MAO;353
28/01/2021;POA;10863
28/01/2021;REC;7914
28/01/2021;SSA;4698
28/01/2021;TECA;101921
28/01/2021;VIX;8441
29/01/2021;BHZ;10453
29/01/2021;BSB;4132
29/01/2021;CGB;177
29/01/2021;CGR;3411
29/01/2021;FOR;421
29/01/2021;RIO;16235
29/01/2021;MAO;2683
29/01/2021;POA;11197
29/01/2021;REC;4645
29/01/2021;SSA;5434
29/01/2021;TECA;100572
29/01/2021;VIX;7572
30/01/2021;BHZ;6659
30/01/2021;BSB;3797
30/01/2021;CGB;3575
30/01/2021;CGR;1
30/01/2021;FOR;1513
30/01/2021;RIO;14909
30/01/2021;MAO;422
30/01/2021;POA;5692
30/01/2021;REC;2244
30/01/2021;SSA;4459
30/01/2021;TECA;81357
30/01/2021;VIX;5135
31/01/2021;RIO;1
01/02/2021;BHZ;13420
01/02/2021;BSB;1598
01/02/2021;CGB;5649
01/02/2021;CGR;2649
01/02/2021;FOR;2832
01/02/2021;RIO;6597
01/02/2021;MAO;423
01/02/2021;POA;6336
01/02/2021;REC;8928
01/02/2021;SSA;8504
01/02/2021;TECA;41398
01/02/2021;VIX;4049
02/02/2021;BHZ;10314
02/02/2021;BSB;2244
02/02/2021;CGB;4171
02/02/2021;CGR;3289
02/02/2021;FOR;3217
02/02/2021;RIO;17024
02/02/2021;MAO;420
02/02/2021;POA;9128
02/02/2021;REC;9002
02/02/2021;SSA;4503
02/02/2021;TECA;87283
02/02/2021;VIX;7586
03/02/2021;BHZ;12938
03/02/2021;BSB;2847
03/02/2021;CGB;1990
03/02/2021;CGR;284
03/02/2021;FOR;1778
03/02/2021;RIO;18555
03/02/2021;MAO;770
03/02/2021;POA;8583
03/02/2021;REC;6988
03/02/2021;SSA;4396
03/02/2021;TECA;109581
03/02/2021;VIX;8884
04/02/2021;BHZ;12469
04/02/2021;BSB;3504
04/02/2021;CGB;128
04/02/2021;CGR;2743
04/02/2021;FOR;743
04/02/2021;RIO;19380
04/02/2021;MAO;814
04/02/2021;POA;11327
04/02/2021;REC;4696
04/02/2021;SSA;3241
04/02/2021;TECA;110140
04/02/2021;VIX;7635
05/02/2021;BHZ;11388
05/02/2021;BSB;3574
05/02/2021;CGB;4925
05/02/2021;CGR;2728
05/02/2021;FOR;513
05/02/2021;RIO;13426
05/02/2021;MAO;286
05/02/2021;POA;10921
05/02/2021;REC;5234
05/02/2021;SSA;4198
05/02/2021;TECA;96990
05/02/2021;VIX;5854
06/02/2021;BHZ;3329
06/02/2021;BSB;3120
06/02/2021;CGB;2995
06/02/2021;CGR;1707
06/02/2021;RIO;15396
06/02/2021;MAO;1419
06/02/2021;POA;5312
06/02/2021;REC;5160
06/02/2021;SSA;5568
06/02/2021;TECA;81821
06/02/2021;VIX;3367
07/02/2021;BHZ;4049
07/02/2021;FOR;40
07/02/2021;RIO;3593
07/02/2021;POA;3900
07/02/2021;SSA;1371
07/02/2021;TECA;14667
07/02/2021;VIX;3670
08/02/2021;BHZ;8544
08/02/2021;BSB;2325
08/02/2021;CGB;6653
08/02/2021;CGR;2025
08/02/2021;FOR;5453
08/02/2021;RIO;7450
08/02/2021;MAO;1150
08/02/2021;POA;7330
08/02/2021;REC;6335
08/02/2021;SSA;5874
08/02/2021;TECA;40454
08/02/2021;VIX;4692
09/02/2021;BHZ;12146
09/02/2021;BSB;2286
09/02/2021;CGB;1834
09/02/2021;CGR;2444
09/02/2021;FOR;592
09/02/2021;RIO;15477
09/02/2021;MAO;411
09/02/2021;POA;8498
09/02/2021;REC;6548
09/02/2021;SSA;6041
09/02/2021;TECA;96581
09/02/2021;VIX;6890
10/02/2021;BHZ;13208
10/02/2021;BSB;2168
10/02/2021;CGB;3407
10/02/2021;CGR;652
10/02/2021;FOR;2774
10/02/2021;RIO;19553
10/02/2021;MAO;371
10/02/2021;POA;10403
10/02/2021;REC;5230
10/02/2021;SSA;3763
10/02/2021;TECA;113115
10/02/2021;VIX;8658
11/02/2021;BHZ;13277
11/02/2021;BSB;4148
11/02/2021;CGB;2241
11/02/2021;CGR;2647
11/02/2021;FOR;1314
11/02/2021;RIO;16998
11/02/2021;MAO;713
11/02/2021;POA;10449
11/02/2021;REC;6325
11/02/2021;SSA;5121
11/02/2021;TECA;108111
11/02/2021;VIX;7025
12/02/2021;BHZ;11492
12/02/2021;BSB;3868
12/02/2021;CGB;1044
12/02/2021;CGR;2559
12/02/2021;FOR;1472
12/02/2021;RIO;18390
12/02/2021;MAO;1785
12/02/2021;POA;11030
12/02/2021;REC;4778
12/02/2021;SSA;3815
12/02/2021;TECA;107030
12/02/2021;VIX;8021
13/02/2021;BHZ;6110
13/02/2021;BSB;3338
13/02/2021;CGB;2477
13/02/2021;CGR;387
13/02/2021;FOR;1373
13/02/2021;RIO;15398
13/02/2021;MAO;1160
13/02/2021;POA;4975
13/02/2021;REC;6927
13/02/2021;SSA;5327
13/02/2021;TECA;80379
13/02/2021;VIX;3355
14/02/2021;BHZ;2051
14/02/2021;CGB;481
14/02/2021;CGR;1139
14/02/2021;RIO;3715
14/02/2021;POA;4300
14/02/2021;SSA;1556
14/02/2021;TECA;7845
14/02/2021;VIX;2335
15/02/2021;BHZ;8424
15/02/2021;BSB;2272
15/02/2021;CGB;8310
15/02/2021;CGR;910
15/02/2021;FOR;3067
15/02/2021;RIO;4031
15/02/2021;MAO;2829
15/02/2021;POA;6434
15/02/2021;REC;8124
15/02/2021;SSA;7487
15/02/2021;TECA;55779
15/02/2021;VIX;3008
16/02/2021;BHZ;9771
16/02/2021;BSB;1265
16/02/2021;CGB;1524
16/02/2021;CGR;621
16/02/2021;FOR;512
16/02/2021;RIO;10859
16/02/2021;MAO;727
16/02/2021;POA;5837
16/02/2021;REC;6681
16/02/2021;SSA;4313
16/02/2021;TECA;86871
16/02/2021;VIX;5132
17/02/2021;BHZ;7247
17/02/2021;BSB;2895
17/02/2021;CGB;1809
17/02/2021;CGR;1364
17/02/2021;FOR;1445
17/02/2021;RIO;9281
17/02/2021;MAO;444
17/02/2021;POA;8295
17/02/2021;REC;6286
17/02/2021;SSA;2107
17/02/2021;TECA;66513
17/02/2021;VIX;4938
18/02/2021;BHZ;10050
18/02/2021;BSB;2270
18/02/2021;CGB;1495
18/02/2021;CGR;1533
18/02/2021;FOR;1007
18/02/2021;RIO;14494
18/02/2021;MAO;399
18/02/2021;POA;10067
18/02/2021;REC;1734
18/02/2021;SSA;2872
18/02/2021;TECA;73643
18/02/2021;VIX;5474
19/02/2021;BHZ;10952
19/02/2021;BSB;3325
19/02/2021;CGB;2060
19/02/2021;CGR;1991
19/02/2021;FOR;412
19/02/2021;RIO;16281
19/02/2021;MAO;2978
19/02/2021;POA;7716
19/02/2021;REC;1842
19/02/2021;SSA;3462
19/02/2021;TECA;86715
19/02/2021;VIX;5686
20/02/2021;BHZ;4902
20/02/2021;BSB;2597
20/02/2021;CGB;1274
20/02/2021;CGR;98
20/02/2021;FOR;1541
20/02/2021;RIO;15243
20/02/2021;MAO;449
20/02/2021;POA;5528
20/02/2021;REC;5751
20/02/2021;SSA;2469
20/02/2021;TECA;75047
20/02/2021;VIX;1851
21/02/2021;BHZ;2749
21/02/2021;CGR;401
21/02/2021;RIO;4088
21/02/2021;POA;4245
21/02/2021;SSA;1
21/02/2021;TECA;11543
21/02/2021;VIX;2778
22/02/2021;BHZ;9696
22/02/2021;BSB;2663
22/02/2021;CGB;2624
22/02/2021;CGR;1214
22/02/2021;FOR;2007
22/02/2021;RIO;7023
22/02/2021;MAO;639
22/02/2021;POA;6762
22/02/2021;REC;6023
22/02/2021;SSA;1749
22/02/2021;TECA;49278
22/02/2021;VIX;4323
23/02/2021;BHZ;8174
23/02/2021;BSB;1907
23/02/2021;CGB;1938
23/02/2021;CGR;652
23/02/2021;FOR;432
23/02/2021;RIO;17302
23/02/2021;MAO;501
23/02/2021;POA;9262
23/02/2021;REC;2160
23/02/2021;SSA;5979
23/02/2021;TECA;110574
23/02/2021;VIX;5004
24/02/2021;BHZ;14905
24/02/2021;BSB;4156
24/02/2021;CGB;254
24/02/2021;CGR;296
24/02/2021;FOR;678
24/02/2021;RIO;17806
24/02/2021;MAO;219
24/02/2021;POA;11597
24/02/2021;REC;4807
24/02/2021;SSA;3272
24/02/2021;TECA;113219
24/02/2021;VIX;7457
25/02/2021;BHZ;12476
25/02/2021;BSB;3758
25/02/2021;CGB;1870
25/02/2021;CGR;2454
25/02/2021;FOR;2377
25/02/2021;RIO;18480
25/02/2021;MAO;1204
25/02/2021;POA;10175
25/02/2021;REC;5626
25/02/2021;SSA;4857
25/02/2021;TECA;110576
25/02/2021;VIX;8059
26/02/2021;BHZ;10315
26/02/2021;BSB;3783
26/02/2021;CGB;3448
26/02/2021;CGR;1244
26/02/2021;FOR;1294
26/02/2021;RIO;15336
26/02/2021;MAO;1718
26/02/2021;POA;8882
26/02/2021;REC;6664
26/02/2021;SSA;6889
26/02/2021;TECA;107498
26/02/2021;VIX;6546
27/02/2021;BHZ;5758
27/02/2021;BSB;1715
27/02/2021;CGB;1834
27/02/2021;CGR;1432
27/02/2021;FOR;567
27/02/2021;RIO;16183
27/02/2021;MAO;2455
27/02/2021;POA;5621
27/02/2021;REC;6610
27/02/2021;SSA;3880
27/02/2021;TECA;91078
27/02/2021;VIX;1456
01/03/2021;BHZ;7040
01/03/2021;BSB;6886
01/03/2021;CGB;7517
01/03/2021;CGR;3320
01/03/2021;FOR;3546
01/03/2021;RIO;5734
01/03/2021;MAO;1335
01/03/2021;POA;6889
01/03/2021;REC;8361
01/03/2021;SSA;6721
01/03/2021;TECA;52326
01/03/2021;VIX;4606
02/03/2021;BHZ;11387
02/03/2021;BSB;2167
02/03/2021;CGB;2331
02/03/2021;CGR;984
02/03/2021;FOR;846
02/03/2021;RIO;16892
02/03/2021;MAO;2008
02/03/2021;POA;6918
02/03/2021;REC;8175
02/03/2021;SSA;3791
02/03/2021;TECA;103740
02/03/2021;VIX;6155
03/03/2021;BHZ;11100
03/03/2021;BSB;3896
03/03/2021;CGB;1311
03/03/2021;CGR;198
03/03/2021;FOR;2561
03/03/2021;RIO;14499
03/03/2021;MAO;2968
03/03/2021;POA;11355
03/03/2021;REC;9861
03/03/2021;SSA;3498
03/03/2021;TECA;120435
03/03/2021;VIX;8541
04/03/2021;BHZ;11522
04/03/2021;BSB;2275
04/03/2021;CGB;575
04/03/2021;CGR;1631
04/03/2021;FOR;698
04/03/2021;RIO;21623
04/03/2021;MAO;1326
04/03/2021;POA;9127
04/03/2021;REC;4857
04/03/2021;SSA;6068
04/03/2021;TECA;120397
04/03/2021;VIX;6916
05/03/2021;BHZ;11632
05/03/2021;BSB;5219
05/03/2021;CGB;2181
05/03/2021;CGR;1348
05/03/2021;FOR;1888
05/03/2021;RIO;16714
05/03/2021;MAO;607
05/03/2021;POA;11927
05/03/2021;REC;5737
05/03/2021;SSA;5865
05/03/2021;TECA;111914
05/03/2021;VIX;7030
06/03/2021;BHZ;5668
06/03/2021;BSB;2008
06/03/2021;CGB;3649
06/03/2021;CGR;1547
06/03/2021;FOR;170
06/03/2021;RIO;13857
06/03/2021;MAO;709
06/03/2021;POA;6786
06/03/2021;REC;5401
06/03/2021;SSA;3954
06/03/2021;TECA;91240
06/03/2021;VIX;3498
07/03/2021;BHZ;1674
07/03/2021;CGB;263
07/03/2021;CGR;884
07/03/2021;RIO;3584
07/03/2021;POA;4655
07/03/2021;SSA;1936
07/03/2021;TECA;20424
07/03/2021;VIX;2620
08/03/2021;BHZ;9139
08/03/2021;BSB;5954
08/03/2021;CGB;6580
08/03/2021;CGR;2528
08/03/2021;FOR;2395
08/03/2021;RIO;8679
08/03/2021;MAO;2345
08/03/2021;POA;7298
08/03/2021;REC;5611
08/03/2021;SSA;8083
08/03/2021;TECA;52507
08/03/2021;VIX;4348
09/03/2021;BHZ;10981
09/03/2021;BSB;4211
09/03/2021;CGB;819
09/03/2021;CGR;833
09/03/2021;FOR;2976
09/03/2021;RIO;17533
09/03/2021;MAO;961
09/03/2021;POA;10368
09/03/2021;REC;10304
09/03/2021;SSA;6882
09/03/2021;TECA;107851
09/03/2021;VIX;7093
10/03/2021;BHZ;13209
10/03/2021;BSB;3547
10/03/2021;CGB;2831
10/03/2021;CGR;2274
10/03/2021;FOR;3107
10/03/2021;RIO;19819
10/03/2021;MAO;669
10/03/2021;POA;11149
10/03/2021;REC;8448
10/03/2021;SSA;4941
10/03/2021;TECA;130167
10/03/2021;VIX;8563
11/03/2021;BHZ;12596
11/03/2021;BSB;3925
11/03/2021;CGB;470
11/03/2021;CGR;1381
11/03/2021;FOR;919
11/03/2021;RIO;18977
11/03/2021;MAO;466
11/03/2021;POA;13165
11/03/2021;REC;7429
11/03/2021;SSA;5896
11/03/2021;TECA;145592
11/03/2021;VIX;9178
12/03/2021;BHZ;13448
12/03/2021;BSB;3858
12/03/2021;CGB;362
12/03/2021;CGR;2716
12/03/2021;FOR;819
12/03/2021;RIO;20135
12/03/2021;MAO;2812
12/03/2021;POA;11889
12/03/2021;REC;4794
12/03/2021;SSA;6882
12/03/2021;TECA;130044
12/03/2021;VIX;8957
13/03/2021;BHZ;5086
13/03/2021;BSB;3918
13/03/2021;CGB;5004
13/03/2021;CGR;179
13/03/2021;FOR;343
13/03/2021;RIO;12166
13/03/2021;MAO;1478
13/03/2021;POA;8440
13/03/2021;REC;5850
13/03/2021;SSA;6707
13/03/2021;TECA;114811
13/03/2021;VIX;4046
14/03/2021;BHZ;2664
14/03/2021;BSB;1479
14/03/2021;CGR;1758
14/03/2021;RIO;4099
14/03/2021;POA;2990
14/03/2021;SSA;1883
14/03/2021;TECA;29664
14/03/2021;VIX;2604
15/03/2021;BHZ;10914
15/03/2021;BSB;6283
15/03/2021;CGB;5048
15/03/2021;CGR;1971
15/03/2021;FOR;2560
15/03/2021;RIO;8879
15/03/2021;MAO;2019
15/03/2021;POA;11435
15/03/2021;REC;9048
15/03/2021;SSA;7383
15/03/2021;TECA;60124
15/03/2021;VIX;5306
16/03/2021;BHZ;13235
16/03/2021;BSB;3594
16/03/2021;CGB;3840
16/03/2021;CGR;912
16/03/2021;FOR;1950
16/03/2021;RIO;13983
16/03/2021;MAO;1140
16/03/2021;POA;11891
16/03/2021;REC;11767
16/03/2021;SSA;8950
16/03/2021;TECA;109569
16/03/2021;VIX;8758
17/03/2021;BHZ;13244
17/03/2021;BSB;3127
17/03/2021;CGB;1189
17/03/2021;CGR;1008
17/03/2021;FOR;3285
17/03/2021;RIO;21308
17/03/2021;MAO;132
17/03/2021;POA;13164
17/03/2021;REC;9519
17/03/2021;SSA;4646
17/03/2021;TECA;137511
17/03/2021;VIX;10171
18/03/2021;BHZ;14035
18/03/2021;BSB;5167
18/03/2021;CGB;3923
18/03/2021;CGR;1478
18/03/2021;FOR;2205
18/03/2021;RIO;21274
18/03/2021;MAO;679
18/03/2021;POA;13917
18/03/2021;REC;7151
18/03/2021;SSA;5452
18/03/2021;TECA;135966
18/03/2021;VIX;10710
19/03/2021;BHZ;13288
19/03/2021;BSB;4057
19/03/2021;CGB;2670
19/03/2021;CGR;1758
19/03/2021;FOR;952
19/03/2021;RIO;17240
19/03/2021;MAO;948
19/03/2021;POA;12578
19/03/2021;REC;6162
19/03/2021;SSA;6232
19/03/2021;TECA;136361
19/03/2021;VIX;10399
20/03/2021;BHZ;7235
20/03/2021;BSB;3541
20/03/2021;CGB;3386
20/03/2021;CGR;2279
20/03/2021;FOR;340
20/03/2021;RIO;15390
20/03/2021;MAO;1122
20/03/2021;POA;9432
20/03/2021;REC;6498
20/03/2021;SSA;5411
20/03/2021;TECA;122687
20/03/2021;VIX;4948
21/03/2021;BHZ;4175
21/03/2021;CGR;606
21/03/2021;RIO;5879
21/03/2021;POA;8464
21/03/2021;SSA;256
21/03/2021;TECA;30008
21/03/2021;VIX;3124
22/03/2021;BHZ;8862
22/03/2021;BSB;5704
22/03/2021;CGB;6198
22/03/2021;CGR;1505
22/03/2021;FOR;2561
22/03/2021;RIO;7469
22/03/2021;MAO;1307
22/03/2021;POA;9127
22/03/2021;REC;6536
22/03/2021;SSA;9007
22/03/2021;TECA;62775
22/03/2021;VIX;6124
23/03/2021;BHZ;11553
23/03/2021;BSB;5463
23/03/2021;CGB;3963
23/03/2021;CGR;1904
23/03/2021;FOR;2317
23/03/2021;RIO;16931
23/03/2021;MAO;294
23/03/2021;POA;11379
23/03/2021;REC;12852
23/03/2021;SSA;7476
23/03/2021;TECA;119909
23/03/2021;VIX;8079
24/03/2021;BHZ;13565
24/03/2021;BSB;2932
24/03/2021;CGB;1594
24/03/2021;CGR;725
24/03/2021;FOR;3199
24/03/2021;RIO;19311
24/03/2021;MAO;739
24/03/2021;POA;11731
24/03/2021;REC;10890
24/03/2021;SSA;5999
24/03/2021;TECA;133374
24/03/2021;VIX;9975
25/03/2021;BHZ;12496
25/03/2021;BSB;4576
25/03/2021;CGB;2638
25/03/2021;CGR;1603
25/03/2021;FOR;297
25/03/2021;RIO;18094
25/03/2021;MAO;464
25/03/2021;POA;13520
25/03/2021;REC;6652
25/03/2021;SSA;6902
25/03/2021;TECA;130475
25/03/2021;VIX;7499
26/03/2021;BHZ;14719
26/03/2021;BSB;4256
26/03/2021;CGB;2668
26/03/2021;CGR;1199
26/03/2021;FOR;2001
26/03/2021;RIO;17094
26/03/2021;MAO;3497
26/03/2021;POA;13048
26/03/2021;REC;8376
26/03/2021;SSA;2455
26/03/2021;TECA;116373
26/03/2021;VIX;8081
27/03/2021;BHZ;5766
27/03/2021;BSB;3190
27/03/2021;CGB;2186
27/03/2021;CGR;1460
27/03/2021;FOR;200
27/03/2021;RIO;11300
27/03/2021;MAO;1506
27/03/2021;POA;8463
27/03/2021;REC;5958
27/03/2021;SSA;6409
27/03/2021;TECA;100107
27/03/2021;VIX;4161
28/03/2021;BHZ;1328
28/03/2021;CGB;93
28/03/2021;RIO;4271
28/03/2021;POA;9714
28/03/2021;SSA;1489
28/03/2021;TECA;22069
28/03/2021;VIX;2037
29/03/2021;BHZ;12170
29/03/2021;BSB;3883
29/03/2021;CGB;5898
29/03/2021;CGR;2490
29/03/2021;FOR;3841
29/03/2021;RIO;6348
29/03/2021;MAO;908
29/03/2021;POA;7816
29/03/2021;REC;9121
29/03/2021;SSA;7708
29/03/2021;TECA;53163
29/03/2021;VIX;4308
30/03/2021;BHZ;9066
30/03/2021;BSB;5761
30/03/2021;CGB;565
30/03/2021;CGR;792
30/03/2021;FOR;1427
30/03/2021;RIO;11440
30/03/2021;MAO;387
30/03/2021;POA;10318
30/03/2021;REC;14189
30/03/2021;SSA;6833
30/03/2021;TECA;110737
30/03/2021;VIX;7015
31/03/2021;BHZ;1
31/03/2021;TECA;675
01/04/2021;BHZ;17907
01/04/2021;BSB;4089
01/04/2021;CGB;507
01/04/2021;CGR;1768
01/04/2021;FOR;602
01/04/2021;RIO;15830
01/04/2021;MAO;2767
01/04/2021;POA;12367
01/04/2021;REC;4992
01/04/2021;SSA;5600
01/04/2021;TECA;122295
01/04/2021;VIX;7594
02/04/2021;BHZ;6619
02/04/2021;CGB;2972
02/04/2021;RIO;8395
02/04/2021;POA;10011
02/04/2021;REC;4833
02/04/2021;SSA;7195
02/04/2021;TECA;80090
02/04/2021;VIX;3172
03/04/2021;BHZ;7729
03/04/2021;BSB;3856
03/04/2021;CGB;2996
03/04/2021;CGR;1820
03/04/2021;FOR;1394
03/04/2021;RIO;9071
03/04/2021;MAO;839
03/04/2021;POA;2765
03/04/2021;REC;10482
03/04/2021;SSA;3679
03/04/2021;TECA;48089
03/04/2021;VIX;1750
04/04/2021;BHZ;1594
04/04/2021;BSB;1059
04/04/2021;CGB;103
04/04/2021;RIO;1475
04/04/2021;POA;6579
04/04/2021;SSA;2595
04/04/2021;TECA;8827
04/04/2021;VIX;3534
05/04/2021;BHZ;6580
05/04/2021;BSB;4849
05/04/2021;CGB;4067
05/04/2021;CGR;2346
05/04/2021;FOR;4043
05/04/2021;RIO;6909
05/04/2021;MAO;1070
05/04/2021;POA;3690
05/04/2021;REC;8405
05/04/2021;SSA;6574
05/04/2021;TECA;59324
05/04/2021;VIX;4412
06/04/2021;BHZ;10997
06/04/2021;BSB;3551
06/04/2021;CGB;2485
06/04/2021;CGR;1061
06/04/2021;FOR;1248
06/04/2021;RIO;19124
06/04/2021;MAO;242
06/04/2021;POA;9732
06/04/2021;REC;6235
06/04/2021;SSA;3145
06/04/2021;TECA;105398
06/04/2021;VIX;9530
07/04/2021;BHZ;13864
07/04/2021;BSB;2208
07/04/2021;CGB;149
07/04/2021;CGR;273
07/04/2021;FOR;651
07/04/2021;RIO;20210
07/04/2021;MAO;377
07/04/2021;POA;12731
07/04/2021;REC;2289
07/04/2021;SSA;4942
07/04/2021;TECA;128066
07/04/2021;VIX;9434
08/04/2021;BHZ;14451
08/04/2021;BSB;6044
08/04/2021;CGB;587
08/04/2021;CGR;2053
08/04/2021;FOR;538
08/04/2021;RIO;18582
08/04/2021;MAO;1975
08/04/2021;POA;14035
08/04/2021;REC;2220
08/04/2021;SSA;6807
08/04/2021;TECA;136243
08/04/2021;VIX;9545
09/04/2021;BHZ;12297
09/04/2021;BSB;4838
09/04/2021;CGB;3492
09/04/2021;CGR;1886
09/04/2021;FOR;1472
09/04/2021;RIO;19714
09/04/2021;MAO;1044
09/04/2021;POA;12276
09/04/2021;REC;9315
09/04/2021;SSA;6284
09/04/2021;TECA;125115
09/04/2021;VIX;9903
10/04/2021;BHZ;6582
10/04/2021;BSB;2420
10/04/2021;CGB;259
10/04/2021;CGR;1416
10/04/2021;FOR;761
10/04/2021;RIO;13234
10/04/2021;MAO;91
10/04/2021;POA;6915
10/04/2021;REC;12118
10/04/2021;SSA;4369
10/04/2021;TECA;107370
10/04/2021;VIX;3410
11/04/2021;BHZ;2050
11/04/2021;CGB;1929
11/04/2021;RIO;5225
11/04/2021;POA;7933
11/04/2021;SSA;5047
11/04/2021;TECA;27956
11/04/2021;VIX;6320
12/04/2021;BHZ;10589
12/04/2021;BSB;6178
12/04/2021;CGB;5814
12/04/2021;CGR;2631
12/04/2021;FOR;3592
12/04/2021;RIO;7333
12/04/2021;MAO;841
12/04/2021;POA;9278
12/04/2021;REC;6925
12/04/2021;SSA;8103
12/04/2021;TECA;57481
12/04/2021;VIX;3638
13/04/2021;BHZ;12362
13/04/2021;BSB;6280
13/04/2021;CGB;1764
13/04/2021;CGR;705
13/04/2021;FOR;628
13/04/2021;RIO;16830
13/04/2021;MAO;294
13/04/2021;POA;10170
13/04/2021;REC;10713
13/04/2021;SSA;2970
13/04/2021;TECA;123100
13/04/2021;VIX;6267
14/04/2021;BHZ;14876
14/04/2021;BSB;5558
14/04/2021;CGB;4524
14/04/2021;CGR;1248
14/04/2021;FOR;1535
14/04/2021;RIO;21586
14/04/2021;MAO;712
14/04/2021;POA;14877
14/04/2021;REC;8411
14/04/2021;SSA;6371
14/04/2021;TECA;139603
14/04/2021;VIX;11291
15/04/2021;BHZ;15582
15/04/2021;BSB;5497
15/04/2021;CGB;36
15/04/2021;CGR;1937
15/04/2021;FOR;447
15/04/2021;RIO;20319
15/04/2021;MAO;2396
15/04/2021;POA;15453
15/04/2021;REC;6626
15/04/2021;SSA;6000
15/04/2021;TECA;148181
15/04/2021;VIX;11168
16/04/2021;BHZ;15696
16/04/2021;BSB;5335
16/04/2021;CGB;251
16/04/2021;CGR;3214
16/04/2021;FOR;2338
16/04/2021;RIO;19702
16/04/2021;MAO;630
16/04/2021;POA;15191
16/04/2021;REC;6403
16/04/2021;SSA;7982
16/04/2021;TECA;125104
16/04/2021;VIX;10241
17/04/2021;BHZ;7551
17/04/2021;BSB;3351
17/04/2021;CGB;4708
17/04/2021;CGR;1323
17/04/2021;FOR;301
17/04/2021;RIO;15393
17/04/2021;MAO;185
17/04/2021;POA;10395
17/04/2021;REC;4808
17/04/2021;SSA;5125
17/04/2021;TECA;110250
17/04/2021;VIX;5582
18/04/2021;BHZ;2522
18/04/2021;CGB;3126
18/04/2021;CGR;1562
18/04/2021;FOR;775
18/04/2021;RIO;6557
18/04/2021;POA;9425
18/04/2021;REC;5823
18/04/2021;SSA;2933
18/04/2021;TECA;27402
18/04/2021;VIX;5027
19/04/2021;BHZ;11483
19/04/2021;BSB;7280
19/04/2021;CGB;5042
19/04/2021;CGR;216
19/04/2021;FOR;3032
19/04/2021;RIO;7210
19/04/2021;MAO;659
19/04/2021;POA;6160
19/04/2021;REC;7399
19/04/2021;SSA;8379
19/04/2021;TECA;59732
19/04/2021;VIX;4547
20/04/2021;BHZ;10199
20/04/2021;BSB;3581
20/04/2021;CGB;2964
20/04/2021;CGR;972
20/04/2021;FOR;1576
20/04/2021;RIO;18191
20/04/2021;MAO;238
20/04/2021;POA;12570
20/04/2021;REC;8990
20/04/2021;SSA;3083
20/04/2021;TECA;131418
20/04/2021;VIX;9669
21/04/2021;BHZ;9068
21/04/2021;BSB;2935
21/04/2021;CGB;7
21/04/2021;CGR;1507
21/04/2021;FOR;44
21/04/2021;RIO;19899
21/04/2021;MAO;102
21/04/2021;POA;12214
21/04/2021;REC;9050
21/04/2021;SSA;6561
21/04/2021;TECA;103355
21/04/2021;VIX;10235
22/04/2021;BHZ;13638
22/04/2021;BSB;6216
22/04/2021;CGB;2479
22/04/2021;CGR;2385
22/04/2021;FOR;1805
22/04/2021;RIO;13896
22/04/2021;MAO;1972
22/04/2021;POA;12241
22/04/2021;REC;8605
22/04/2021;SSA;7314
22/04/2021;TECA;102860
22/04/2021;VIX;4996
23/04/2021;BHZ;12879
23/04/2021;BSB;4061
23/04/2021;CGB;3150
23/04/2021;CGR;707
23/04/2021;FOR;1570
23/04/2021;RIO;17101
23/04/2021;MAO;2868
23/04/2021;POA;12617
23/04/2021;REC;9205
23/04/2021;SSA;6682
23/04/2021;TECA;128865
23/04/2021;VIX;9237
24/04/2021;BHZ;7305
24/04/2021;BSB;4766
24/04/2021;CGB;2335
24/04/2021;CGR;1653
24/04/2021;FOR;1319
24/04/2021;RIO;17342
24/04/2021;MAO;715
24/04/2021;POA;7557
24/04/2021;REC;8499
24/04/2021;SSA;4251
24/04/2021;TECA;121304
24/04/2021;VIX;5403
25/04/2021;BHZ;983
25/04/2021;CGB;868
25/04/2021;CGR;1934
25/04/2021;RIO;4584
25/04/2021;POA;8406
25/04/2021;REC;16
25/04/2021;SSA;3618
25/04/2021;TECA;19527
25/04/2021;VIX;4745
26/04/2021;BHZ;15022
26/04/2021;BSB;4352
26/04/2021;CGB;4121
26/04/2021;CGR;423
26/04/2021;FOR;2123
26/04/2021;RIO;8811
26/04/2021;MAO;250
26/04/2021;POA;8184
26/04/2021;REC;7137
26/04/2021;SSA;7106
26/04/2021;TECA;62603
26/04/2021;VIX;5306
27/04/2021;BHZ;11627
27/04/2021;BSB;4810
27/04/2021;CGB;169
27/04/2021;CGR;152
27/04/2021;FOR;2751
27/04/2021;RIO;17459
27/04/2021;MAO;90
27/04/2021;POA;9305
27/04/2021;REC;6525
27/04/2021;SSA;3841
27/04/2021;TECA;130894
27/04/2021;VIX;8477
28/04/2021;BHZ;13514
28/04/2021;BSB;5693
28/04/2021;CGB;147
28/04/2021;CGR;2653
28/04/2021;FOR;378
28/04/2021;RIO;23009
28/04/2021;MAO;314
28/04/2021;POA;13843
28/04/2021;REC;11931
28/04/2021;SSA;6293
28/04/2021;TECA;140844
28/04/2021;VIX;10422
29/04/2021;BHZ;14515
29/04/2021;BSB;5226
29/04/2021;CGB;6295
29/04/2021;CGR;1469
29/04/2021;FOR;3448
29/04/2021;RIO;18166
29/04/2021;MAO;1998
29/04/2021;POA;13054
29/04/2021;REC;2499
29/04/2021;SSA;7187
29/04/2021;TECA;127819
29/04/2021;VIX;8254
30/04/2021;TECA;83
01/05/2021;BHZ;5481
01/05/2021;BSB;4854
01/05/2021;CGB;4026
01/05/2021;CGR;2311
01/05/2021;FOR;3653
01/05/2021;RIO;15085
01/05/2021;MAO;79
01/05/2021;POA;8402
01/05/2021;REC;10339
01/05/2021;SSA;5460
01/05/2021;TECA;91996
01/05/2021;VIX;4402
02/05/2021;BHZ;3752
02/05/2021;CGB;144
02/05/2021;FOR;4286
02/05/2021;RIO;3873
02/05/2021;POA;5949
02/05/2021;REC;1674
02/05/2021;SSA;3540
02/05/2021;TECA;18842
02/05/2021;VIX;2298
03/05/2021;BHZ;10083
03/05/2021;BSB;6339
03/05/2021;CGB;4096
03/05/2021;CGR;2399
03/05/2021;FOR;2174
03/05/2021;RIO;8294
03/05/2021;MAO;21
03/05/2021;POA;7269
03/05/2021;REC;8655
03/05/2021;SSA;7184
03/05/2021;TECA;54806
03/05/2021;VIX;5322
04/05/2021;BHZ;9749
04/05/2021;BSB;2079
04/05/2021;CGB;3051
04/05/2021;CGR;360
04/05/2021;FOR;2968
04/05/2021;RIO;19043
04/05/2021;MAO;53
04/05/2021;POA;10842
04/05/2021;REC;12739
04/05/2021;SSA;2878
04/05/2021;TECA;114465
04/05/2021;VIX;8594
05/05/2021;BHZ;15283
05/05/2021;BSB;4745
05/05/2021;CGB;1786
05/05/2021;CGR;1090
05/05/2021;FOR;1799
05/05/2021;RIO;20300
05/05/2021;MAO;62
05/05/2021;POA;12435
05/05/2021;REC;3948
05/05/2021;SSA;5803
05/05/2021;TECA;124030
05/05/2021;VIX;10220
06/05/2021;BHZ;12527
06/05/2021;BSB;5314
06/05/2021;CGB;1251
06/05/2021;CGR;1654
06/05/2021;FOR;3128
06/05/2021;RIO;21763
06/05/2021;MAO;2295
06/05/2021;POA;11007
06/05/2021;REC;4605
06/05/2021;SSA;7623
06/05/2021;TECA;136501
06/05/2021;VIX;10454
07/05/2021;BHZ;12689
07/05/2021;BSB;5802
07/05/2021;CGB;1937
07/05/2021;CGR;2584
07/05/2021;FOR;2099
07/05/2021;RIO;20391
07/05/2021;MAO;1827
07/05/2021;POA;12737
07/05/2021;REC;6200
07/05/2021;SSA;5487
07/05/2021;TECA;119684
07/05/2021;VIX;9158
08/05/2021;BHZ;7080
08/05/2021;BSB;4644
08/05/2021;CGB;3318
08/05/2021;CGR;1554
08/05/2021;FOR;1188
08/05/2021;RIO;14091
08/05/2021;POA;9499
08/05/2021;REC;6173
08/05/2021;SSA;3387
08/05/2021;TECA;99888
08/05/2021;VIX;4385
09/05/2021;BHZ;2714
09/05/2021;CGR;1155
09/05/2021;RIO;5247
09/05/2021;POA;3341
09/05/2021;REC;47
09/05/2021;SSA;3206
09/05/2021;TECA;17910
09/05/2021;VIX;3798
10/05/2021;BHZ;9917
10/05/2021;BSB;4031
10/05/2021;CGB;6101
10/05/2021;CGR;660
10/05/2021;FOR;4645
10/05/2021;RIO;8166
10/05/2021;MAO;1145
10/05/2021;POA;7752
10/05/2021;REC;11386
10/05/2021;SSA;5481
10/05/2021;TECA;59305
10/05/2021;VIX;3996
11/05/2021;BHZ;9702
11/05/2021;BSB;5577
11/05/2021;CGB;252
11/05/2021;CGR;1273
11/05/2021;FOR;3057
11/05/2021;RIO;19093
11/05/2021;MAO;153
11/05/2021;POA;11398
11/05/2021;REC;11998
11/05/2021;SSA;2276
11/05/2021;TECA;120654
11/05/2021;VIX;8067
12/05/2021;BHZ;13727
12/05/2021;BSB;4445
12/05/2021;CGB;2410
12/05/2021;CGR;1273
12/05/2021;FOR;2629
12/05/2021;RIO;20689
12/05/2021;MAO;2218
12/05/2021;POA;12263
12/05/2021;REC;8292
12/05/2021;SSA;5394
12/05/2021;TECA;131338
12/05/2021;VIX;10641
13/05/2021;BHZ;13901
13/05/2021;BSB;6068
13/05/2021;CGB;1325
13/05/2021;CGR;1602
13/05/2021;FOR;2052
13/05/2021;RIO;25381
13/05/2021;MAO;2685
13/05/2021;POA;11931
13/05/2021;REC;4261
13/05/2021;SSA;7836
13/05/2021;TECA;129792
13/05/2021;VIX;8768
14/05/2021;BHZ;13497
14/05/2021;BSB;5630
14/05/2021;CGB;2695
14/05/2021;CGR;1623
14/05/2021;FOR;2849
14/05/2021;RIO;22449
14/05/2021;MAO;502
14/05/2021;POA;12865
14/05/2021;REC;6666
14/05/2021;SSA;5135
14/05/2021;TECA;124241
14/05/2021;VIX;9863
15/05/2021;BHZ;7799
15/05/2021;BSB;6061
15/05/2021;CGB;4433
15/05/2021;CGR;2176
15/05/2021;FOR;403
15/05/2021;RIO;17960
15/05/2021;MAO;40
15/05/2021;POA;10938
15/05/2021;REC;9818
15/05/2021;SSA;6095
15/05/2021;TECA;101049
15/05/2021;VIX;5392
16/05/2021;BHZ;1307
16/05/2021;BSB;407
16/05/2021;CGB;137
16/05/2021;CGR;1136
16/05/2021;FOR;1854
16/05/2021;RIO;4075
16/05/2021;POA;2466
16/05/2021;REC;1364
16/05/2021;SSA;2607
16/05/2021;TECA;23906
16/05/2021;VIX;2331
17/05/2021;BHZ;11354
17/05/2021;BSB;6180
17/05/2021;CGB;4758
17/05/2021;CGR;402
17/05/2021;FOR;5868
17/05/2021;RIO;8006
17/05/2021;MAO;588
17/05/2021;POA;6540
17/05/2021;REC;8913
17/05/2021;SSA;6209
17/05/2021;TECA;58214
17/05/2021;VIX;5720
18/05/2021;BHZ;9423
18/05/2021;BSB;3546
18/05/2021;CGB;2860
18/05/2021;CGR;3079
18/05/2021;FOR;461
18/05/2021;RIO;22088
18/05/2021;MAO;527
18/05/2021;POA;11196
18/05/2021;REC;9849
18/05/2021;SSA;4518
18/05/2021;TECA;122079
18/05/2021;VIX;6434
19/05/2021;BHZ;16620
19/05/2021;BSB;4800
19/05/2021;CGB;999
19/05/2021;CGR;389
19/05/2021;FOR;2508
19/05/2021;RIO;19260
19/05/2021;MAO;1784
19/05/2021;POA;16216
19/05/2021;REC;10142
19/05/2021;SSA;4040
19/05/2021;TECA;132599
19/05/2021;VIX;10299
20/05/2021;BHZ;9777
20/05/2021;BSB;6434
20/05/2021;CGB;2084
20/05/2021;CGR;1047
20/05/2021;FOR;743
20/05/2021;RIO;22817
20/05/2021;MAO;2146
20/05/2021;POA;12304
20/05/2021;REC;6747
20/05/2021;SSA;6302
20/05/2021;TECA;135380
20/05/2021;VIX;8630
21/05/2021;BHZ;15700
21/05/2021;BSB;5930
21/05/2021;CGB;140
21/05/2021;CGR;2203
21/05/2021;FOR;2486
21/05/2021;RIO;22468
21/05/2021;MAO;150
21/05/2021;POA;9920
21/05/2021;REC;9434
21/05/2021;SSA;7200
21/05/2021;TECA;126756
21/05/2021;VIX;8545
22/05/2021;BHZ;6172
22/05/2021;BSB;5723
22/05/2021;CGB;4957
22/05/2021;CGR;1918
22/05/2021;FOR;200
22/05/2021;RIO;14604
22/05/2021;MAO;406
22/05/2021;POA;10632
22/05/2021;REC;4662
22/05/2021;SSA;4370
22/05/2021;TECA;98677
22/05/2021;VIX;4815
23/05/2021;BHZ;3712
23/05/2021;CGR;2932
23/05/2021;FOR;4285
23/05/2021;RIO;5097
23/05/2021;POA;2691
23/05/2021;REC;4465
23/05/2021;SSA;3235
23/05/2021;TECA;14528
23/05/2021;VIX;4521
24/05/2021;BHZ;9406
24/05/2021;BSB;6391
24/05/2021;CGB;5656
24/05/2021;CGR;487
24/05/2021;FOR;3252
24/05/2021;RIO;8521
24/05/2021;MAO;501
24/05/2021;POA;8022
24/05/2021;REC;9109
24/05/2021;SSA;4959
24/05/2021;TECA;60023
24/05/2021;VIX;2709
25/05/2021;BHZ;8504
25/05/2021;BSB;2274
25/05/2021;CGB;221
25/05/2021;CGR;1361
25/05/2021;FOR;761
25/05/2021;RIO;19292
25/05/2021;MAO;463
25/05/2021;POA;10994
25/05/2021;REC;8378
25/05/2021;SSA;6535
25/05/2021;TECA;120327
25/05/2021;VIX;8865
26/05/2021;BHZ;13405
26/05/2021;BSB;5316
26/05/2021;CGB;1809
26/05/2021;CGR;1161
26/05/2021;FOR;1578
26/05/2021;RIO;21750
26/05/2021;MAO;2025
26/05/2021;POA;13414
26/05/2021;REC;7386
26/05/2021;SSA;2944
26/05/2021;TECA;138389
26/05/2021;VIX;8650
27/05/2021;BHZ;12245
27/05/2021;BSB;6192
27/05/2021;CGB;2892
27/05/2021;CGR;1859
27/05/2021;FOR;618
27/05/2021;RIO;21227
27/05/2021;MAO;1428
27/05/2021;POA;12366
27/05/2021;REC;7090
27/05/2021;SSA;5837
27/05/2021;TECA;133302
27/05/2021;VIX;7393
28/05/2021;BHZ;11145
28/05/2021;BSB;5711
28/05/2021;CGB;1511
28/05/2021;CGR;2132
28/05/2021;FOR;4091
28/05/2021;RIO;17981
28/05/2021;MAO;499
28/05/2021;POA;11090
28/05/2021;REC;4690
28/05/2021;SSA;6913
28/05/2021;TECA;125555
28/05/2021;VIX;7550
29/05/2021;BHZ;6929
29/05/2021;BSB;5406
29/05/2021;CGB;4233
29/05/2021;CGR;1556
29/05/2021;FOR;565
29/05/2021;RIO;17207
29/05/2021;MAO;83
29/05/2021;POA;11288
29/05/2021;REC;6600
29/05/2021;SSA;4138
29/05/2021;TECA;97144
29/05/2021;VIX;4757
30/05/2021;BHZ;1791
30/05/2021;CGB;72
30/05/2021;CGR;1734
30/05/2021;FOR;3211
30/05/2021;RIO;4109
30/05/2021;POA;5051
30/05/2021;REC;1859
30/05/2021;SSA;5179
30/05/2021;TECA;12932
30/05/2021;VIX;5124
31/05/2021;SSA;1
31/05/2021;TECA;9918
01/06/2021;BHZ;9631
01/06/2021;BSB;3250
01/06/2021;CGB;3095
01/06/2021;CGR;355
01/06/2021;FOR;548
01/06/2021;RIO;16059
01/06/2021;MAO;405
01/06/2021;POA;13689
01/06/2021;REC;10333
01/06/2021;SSA;2181
01/06/2021;TECA;125675
01/06/2021;VIX;8424
02/06/2021;BHZ;12343
02/06/2021;BSB;5273
02/06/2021;CGB;905
02/06/2021;CGR;2447
02/06/2021;FOR;2220
02/06/2021;RIO;22944
02/06/2021;MAO;2116
02/06/2021;POA;10032
02/06/2021;REC;5317
02/06/2021;SSA;2480
02/06/2021;TECA;136669
02/06/2021;VIX;9761
03/06/2021;BHZ;9948
03/06/2021;BSB;4547
03/06/2021;CGB;1166
03/06/2021;CGR;113
03/06/2021;RIO;15993
03/06/2021;MAO;2115
03/06/2021;POA;11872
03/06/2021;REC;4824
03/06/2021;SSA;7964
03/06/2021;TECA;117730
03/06/2021;VIX;7220
04/06/2021;BHZ;9730
04/06/2021;BSB;6397
04/06/2021;CGB;4312
04/06/2021;CGR;2862
04/06/2021;FOR;2058
04/06/2021;RIO;14654
04/06/2021;MAO;111
04/06/2021;POA;8121
04/06/2021;REC;7314
04/06/2021;SSA;6081
04/06/2021;TECA;81199
04/06/2021;VIX;6280
05/06/2021;BHZ;5970
05/06/2021;BSB;2252
05/06/2021;CGB;794
05/06/2021;CGR;917
05/06/2021;FOR;489
05/06/2021;RIO;16056
05/06/2021;MAO;108
05/06/2021;POA;9807
05/06/2021;REC;9944
05/06/2021;SSA;4523
05/06/2021;TECA;92898
05/06/2021;VIX;5013
06/06/2021;BHZ;2181
06/06/2021;CGR;1797
06/06/2021;FOR;3336
06/06/2021;RIO;4241
06/06/2021;POA;2490
06/06/2021;REC;626
06/06/2021;SSA;2199
06/06/2021;TECA;22104
06/06/2021;VIX;4996
07/06/2021;BHZ;8676
07/06/2021;BSB;3779
07/06/2021;CGB;4774
07/06/2021;CGR;365
07/06/2021;FOR;2210
07/06/2021;RIO;9512
07/06/2021;MAO;575
07/06/2021;POA;5809
07/06/2021;REC;2637
07/06/2021;SSA;5747
07/06/2021;TECA;61480
07/06/2021;VIX;4203
08/06/2021;BHZ;9531
08/06/2021;BSB;4759
08/06/2021;CGB;1938
08/06/2021;CGR;2011
08/06/2021;FOR;675
08/06/2021;RIO;20795
08/06/2021;MAO;778
08/06/2021;POA;16068
08/06/2021;REC;7495
08/06/2021;SSA;2149
08/06/2021;TECA;123122
08/06/2021;VIX;8521
09/06/2021;BHZ;13374
09/06/2021;BSB;5404
09/06/2021;CGB;1297
09/06/2021;CGR;553
09/06/2021;FOR;2212
09/06/2021;RIO;21282
09/06/2021;MAO;1701
09/06/2021;POA;13369
09/06/2021;REC;5383
09/06/2021;SSA;1978
09/06/2021;TECA;142272
09/06/2021;VIX;10353
10/06/2021;BHZ;13263
10/06/2021;BSB;6334
10/06/2021;CGB;2582
10/06/2021;CGR;1244
10/06/2021;FOR;2282
10/06/2021;RIO;25334
10/06/2021;MAO;496
10/06/2021;POA;15212
10/06/2021;REC;3801
10/06/2021;SSA;8002
10/06/2021;TECA;136889
10/06/2021;VIX;11625
11/06/2021;BHZ;11860
11/06/2021;BSB;5918
11/06/2021;CGB;3274
11/06/2021;CGR;2217
11/06/2021;FOR;2461
11/06/2021;RIO;22622
11/06/2021;MAO;28
11/06/2021;POA;10064
11/06/2021;REC;8051
11/06/2021;SSA;6805
11/06/2021;TECA;136743
11/06/2021;VIX;9897
12/06/2021;BHZ;6651
12/06/2021;BSB;5402
12/06/2021;CGB;3022
12/06/2021;CGR;2127
12/06/2021;FOR;1634
12/06/2021;RIO;15620
12/06/2021;MAO;446
12/06/2021;POA;12207
12/06/2021;REC;6855
12/06/2021;SSA;3614
12/06/2021;TECA;108753
12/06/2021;VIX;5586
13/06/2021;BHZ;2319
13/06/2021;CGR;1080
13/06/2021;FOR;1610
13/06/2021;RIO;4876
13/06/2021;POA;8545
13/06/2021;REC;1013
13/06/2021;SSA;3285
13/06/2021;TECA;21406
13/06/2021;VIX;8030
14/06/2021;BHZ;9795
14/06/2021;BSB;5658
14/06/2021;CGB;3457
14/06/2021;CGR;3650
14/06/2021;FOR;2878
14/06/2021;RIO;9095
14/06/2021;MAO;841
14/06/2021;POA;5251
14/06/2021;REC;10147
14/06/2021;SSA;5621
14/06/2021;TECA;59114
14/06/2021;VIX;5400
15/06/2021;BHZ;9454
15/06/2021;BSB;3137
15/06/2021;CGB;3380
15/06/2021;CGR;167
15/06/2021;FOR;3546
15/06/2021;RIO;21084
15/06/2021;MAO;1066
15/06/2021;POA;9426
15/06/2021;REC;8960
15/06/2021;SSA;3757
15/06/2021;TECA;121238
15/06/2021;VIX;7602
16/06/2021;BHZ;12870
16/06/2021;BSB;4596
16/06/2021;CGB;213
16/06/2021;CGR;1285
16/06/2021;FOR;434
16/06/2021;RIO;22536
16/06/2021;MAO;259
16/06/2021;POA;12640
16/06/2021;REC;3351
16/06/2021;SSA;3645
16/06/2021;TECA;138129
16/06/2021;VIX;9559
17/06/2021;BHZ;12956
17/06/2021;BSB;5256
17/06/2021;CGB;32
17/06/2021;CGR;2353
17/06/2021;FOR;1912
17/06/2021;RIO;21019
17/06/2021;MAO;3507
17/06/2021;POA;12865
17/06/2021;REC;4695
17/06/2021;SSA;4538
17/06/2021;TECA;135883
17/06/2021;VIX;9899
18/06/2021;BHZ;11649
18/06/2021;BSB;5868
18/06/2021;CGB;6832
18/06/2021;CGR;1198
18/06/2021;FOR;2045
18/06/2021;RIO;20349
18/06/2021;MAO;560
18/06/2021;POA;14118
18/06/2021;REC;7362
18/06/2021;SSA;5670
18/06/2021;TECA;120602
18/06/2021;VIX;9716
19/06/2021;BHZ;7019
19/06/2021;BSB;5308
19/06/2021;CGB;2337
19/06/2021;CGR;1891
19/06/2021;FOR;1748
19/06/2021;RIO;16461
19/06/2021;MAO;458
19/06/2021;POA;11004
19/06/2021;REC;6556
19/06/2021;SSA;5557
19/06/2021;TECA;103994
19/06/2021;VIX;2728
20/06/2021;BHZ;2271
20/06/2021;CGB;497
20/06/2021;CGR;1776
20/06/2021;FOR;2860
20/06/2021;RIO;5876
20/06/2021;POA;2456
20/06/2021;SSA;1970
20/06/2021;TECA;15568
20/06/2021;VIX;5550
21/06/2021;BHZ;9236
21/06/2021;BSB;6168
21/06/2021;CGB;3125
21/06/2021;CGR;959
21/06/2021;FOR;2933
21/06/2021;RIO;10292
21/06/2021;MAO;411
21/06/2021;POA;5544
21/06/2021;REC;8985
21/06/2021;SSA;5527
21/06/2021;TECA;70422
21/06/2021;VIX;5517
22/06/2021;BHZ;8723
22/06/2021;BSB;1781
22/06/2021;CGB;58
22/06/2021;CGR;2113
22/06/2021;FOR;2292
22/06/2021;RIO;21810
22/06/2021;MAO;486
22/06/2021;POA;12090
22/06/2021;REC;9680
22/06/2021;SSA;1610
22/06/2021;TECA;130925
22/06/2021;VIX;8475
23/06/2021;BHZ;13251
23/06/2021;BSB;5433
23/06/2021;CGB;4186
23/06/2021;CGR;1276
23/06/2021;FOR;550
23/06/2021;RIO;22631
23/06/2021;MAO;183
23/06/2021;POA;15841
23/06/2021;REC;3734
23/06/2021;SSA;3990
23/06/2021;TECA;145646
23/06/2021;VIX;8437
24/06/2021;BHZ;13540
24/06/2021;BSB;5327
24/06/2021;CGB;2621
24/06/2021;CGR;1528
24/06/2021;FOR;1901
24/06/2021;RIO;26194
24/06/2021;MAO;3177
24/06/2021;POA;12315
24/06/2021;REC;5847
24/06/2021;SSA;6487
24/06/2021;TECA;135350
24/06/2021;VIX;9492
25/06/2021;BHZ;11853
25/06/2021;BSB;7238
25/06/2021;CGB;2935
25/06/2021;CGR;2900
25/06/2021;FOR;1811
25/06/2021;RIO;22007
25/06/2021;MAO;326
25/06/2021;POA;13791
25/06/2021;REC;4519
25/06/2021;SSA;6708
25/06/2021;TECA;121021
25/06/2021;VIX;9906
26/06/2021;BHZ;7461
26/06/2021;BSB;5131
26/06/2021;CGB;3129
26/06/2021;CGR;876
26/06/2021;FOR;2688
26/06/2021;RIO;16993
26/06/2021;MAO;328
26/06/2021;POA;9515
26/06/2021;REC;7390
26/06/2021;SSA;3914
26/06/2021;TECA;92021
26/06/2021;VIX;3049
27/06/2021;BHZ;2439
27/06/2021;CGB;524
27/06/2021;CGR;796
27/06/2021;FOR;1865
27/06/2021;RIO;3667
27/06/2021;POA;3665
27/06/2021;REC;1531
27/06/2021;SSA;3000
27/06/2021;TECA;15845
27/06/2021;VIX;7556
28/06/2021;BHZ;8802
28/06/2021;BSB;5405
28/06/2021;CGB;3443
28/06/2021;CGR;1672
28/06/2021;FOR;184
28/06/2021;RIO;9206
28/06/2021;MAO;548
28/06/2021;POA;5186
28/06/2021;REC;8097
28/06/2021;SSA;4841
28/06/2021;TECA;72515
28/06/2021;VIX;4110
29/06/2021;BHZ;7829
29/06/2021;BSB;2188
29/06/2021;CGB;2858
29/06/2021;CGR;1611
29/06/2021;FOR;3705
29/06/2021;RIO;19197
29/06/2021;MAO;536
29/06/2021;POA;14308
29/06/2021;REC;4949
29/06/2021;SSA;1418
29/06/2021;TECA;116639
29/06/2021;VIX;8604
30/06/2021;TECA;122
01/07/2021;BHZ;11944
01/07/2021;BSB;5784
01/07/2021;CGB;2392
01/07/2021;CGR;1566
01/07/2021;FOR;565
01/07/2021;RIO;22008
01/07/2021;MAO;1844
01/07/2021;POA;14275
01/07/2021;REC;1029
01/07/2021;SSA;5500
01/07/2021;TECA;120478
01/07/2021;VIX;9606
02/07/2021;BHZ;12159
02/07/2021;BSB;5169
02/07/2021;CGB;3329
02/07/2021;CGR;1592
02/07/2021;FOR;4279
02/07/2021;RIO;21377
02/07/2021;MAO;1343
02/07/2021;POA;18394
02/07/2021;REC;9185
02/07/2021;SSA;3907
02/07/2021;TECA;119715
02/07/2021;VIX;7593
03/07/2021;BHZ;6862
03/07/2021;BSB;5154
03/07/2021;CGB;1157
03/07/2021;CGR;417
03/07/2021;FOR;2990
03/07/2021;RIO;19122
03/07/2021;MAO;334
03/07/2021;POA;8047
03/07/2021;REC;8228
03/07/2021;SSA;5278
03/07/2021;TECA;95849
03/07/2021;VIX;2651
04/07/2021;BHZ;2141
04/07/2021;CGB;1743
04/07/2021;CGR;1430
04/07/2021;FOR;2965
04/07/2021;RIO;3955
04/07/2021;POA;4593
04/07/2021;REC;3716
04/07/2021;SSA;2458
04/07/2021;TECA;17511
04/07/2021;VIX;7107
05/07/2021;BHZ;11192
05/07/2021;BSB;5238
05/07/2021;CGB;4137
05/07/2021;CGR;1542
05/07/2021;FOR;538
05/07/2021;RIO;7999
05/07/2021;MAO;165
05/07/2021;POA;4114
05/07/2021;REC;6791
05/07/2021;SSA;5459
05/07/2021;TECA;61619
05/07/2021;VIX;3881
06/07/2021;BHZ;10886
06/07/2021;BSB;2701
06/07/2021;CGB;928
06/07/2021;CGR;321
06/07/2021;FOR;5621
06/07/2021;RIO;23793
06/07/2021;MAO;1116
06/07/2021;POA;15052
06/07/2021;REC;6934
06/07/2021;SSA;1335
06/07/2021;TECA;119625
06/07/2021;VIX;8892
07/07/2021;BHZ;11922
07/07/2021;BSB;5396
07/07/2021;CGB;202
07/07/2021;CGR;2154
07/07/2021;FOR;385
07/07/2021;RIO;20081
07/07/2021;MAO;1734
07/07/2021;POA;13372
07/07/2021;REC;1345
07/07/2021;SSA;5633
07/07/2021;TECA;121983
07/07/2021;VIX;12706
08/07/2021;BHZ;13762
08/07/2021;BSB;5256
08/07/2021;CGB;4149
08/07/2021;CGR;860
08/07/2021;FOR;439
08/07/2021;RIO;28642
08/07/2021;MAO;527
08/07/2021;POA;14576
08/07/2021;REC;5372
08/07/2021;SSA;4556
08/07/2021;TECA;135268
08/07/2021;VIX;11576
09/07/2021;BHZ;14045
09/07/2021;BSB;6589
09/07/2021;CGB;2610
09/07/2021;CGR;960
09/07/2021;FOR;3739
09/07/2021;RIO;29556
09/07/2021;MAO;626
09/07/2021;POA;13865
09/07/2021;REC;6854
09/07/2021;SSA;6876
09/07/2021;TECA;104713
09/07/2021;VIX;13582
10/07/2021;BHZ;8345
10/07/2021;BSB;4658
10/07/2021;CGB;56
10/07/2021;CGR;1896
10/07/2021;FOR;3011
10/07/2021;RIO;21433
10/07/2021;MAO;350
10/07/2021;POA;8017
10/07/2021;REC;7895
10/07/2021;SSA;6952
10/07/2021;TECA;90132
10/07/2021;VIX;2134
11/07/2021;BHZ;2892
11/07/2021;CGB;2342
11/07/2021;CGR;925
11/07/2021;FOR;3219
11/07/2021;RIO;3452
11/07/2021;MAO;20
11/07/2021;POA;3603
11/07/2021;REC;798
11/07/2021;SSA;771
11/07/2021;TECA;17119
11/07/2021;VIX;8890
12/07/2021;BHZ;12014
12/07/2021;BSB;5756
12/07/2021;CGB;3568
12/07/2021;CGR;780
12/07/2021;FOR;3650
12/07/2021;RIO;13187
12/07/2021;MAO;486
12/07/2021;POA;9084
12/07/2021;REC;7784
12/07/2021;SSA;6642
12/07/2021;TECA;55958
12/07/2021;VIX;5957
13/07/2021;BHZ;10214
13/07/2021;BSB;2916
13/07/2021;CGB;3858
13/07/2021;CGR;1547
13/07/2021;FOR;1386
13/07/2021;RIO;21855
13/07/2021;MAO;1138
13/07/2021;POA;10572
13/07/2021;REC;8739
13/07/2021;SSA;1125
13/07/2021;TECA;120668
13/07/2021;VIX;8306
14/07/2021;BHZ;14085
14/07/2021;BSB;5301
14/07/2021;CGB;100
14/07/2021;CGR;1593
14/07/2021;FOR;2996
14/07/2021;RIO;23106
14/07/2021;MAO;2494
14/07/2021;POA;14212
14/07/2021;REC;2361
14/07/2021;SSA;7175
14/07/2021;TECA;133976
14/07/2021;VIX;12606
15/07/2021;BHZ;14275
15/07/2021;BSB;5098
15/07/2021;CGB;3584
15/07/2021;CGR;306
15/07/2021;FOR;381
15/07/2021;RIO;31130
15/07/2021;MAO;1431
15/07/2021;POA;13166
15/07/2021;REC;6924
15/07/2021;SSA;4465
15/07/2021;TECA;117897
15/07/2021;VIX;10409
16/07/2021;BHZ;13112
16/07/2021;BSB;4876
16/07/2021;CGB;142
16/07/2021;CGR;1836
16/07/2021;FOR;3652
16/07/2021;RIO;26543
16/07/2021;MAO;173
16/07/2021;POA;11322
16/07/2021;REC;7521
16/07/2021;SSA;5317
16/07/2021;TECA;137815
16/07/2021;VIX;11886
17/07/2021;BHZ;5936
17/07/2021;BSB;4172
17/07/2021;CGB;3297
17/07/2021;CGR;2455
17/07/2021;FOR;2744
17/07/2021;RIO;23589
17/07/2021;MAO;6
17/07/2021;POA;10764
17/07/2021;REC;8542
17/07/2021;SSA;6796
17/07/2021;TECA;115260
17/07/2021;VIX;2407
18/07/2021;BHZ;3878
18/07/2021;CGR;692
18/07/2021;FOR;3178
18/07/2021;RIO;5434
18/07/2021;POA;4290
18/07/2021;REC;1759
18/07/2021;SSA;1749
18/07/2021;TECA;45358
18/07/2021;VIX;7775
19/07/2021;BHZ;12676
19/07/2021;BSB;7140
19/07/2021;CGB;6979
19/07/2021;CGR;987
19/07/2021;FOR;2876
19/07/2021;RIO;13126
19/07/2021;MAO;1886
19/07/2021;POA;8039
19/07/2021;REC;7333
19/07/2021;SSA;6517
19/07/2021;TECA;71728
19/07/2021;VIX;5104
20/07/2021;BHZ;11695
20/07/2021;BSB;1891
20/07/2021;CGB;1880
20/07/2021;CGR;1966
20/07/2021;FOR;4181
20/07/2021;RIO;23638
20/07/2021;MAO;591
20/07/2021;POA;10543
20/07/2021;REC;10217
20/07/2021;SSA;4649
20/07/2021;TECA;112634
20/07/2021;VIX;9344
21/07/2021;BHZ;12765
21/07/2021;BSB;5034
21/07/2021;CGB;1135
21/07/2021;CGR;272
21/07/2021;FOR;3263
21/07/2021;RIO;24627
21/07/2021;MAO;1636
21/07/2021;POA;13355
21/07/2021;REC;4837
21/07/2021;SSA;3367
21/07/2021;TECA;135984
21/07/2021;VIX;9937
22/07/2021;BHZ;14654
22/07/2021;BSB;4628
22/07/2021;CGB;1833
22/07/2021;CGR;1831
22/07/2021;FOR;512
22/07/2021;RIO;25947
22/07/2021;MAO;1699
22/07/2021;POA;13184
22/07/2021;REC;4675
22/07/2021;SSA;5399
22/07/2021;TECA;136431
22/07/2021;VIX;10372
23/07/2021;BHZ;13662
23/07/2021;BSB;5460
23/07/2021;CGB;1641
23/07/2021;CGR;158
23/07/2021;FOR;2944
23/07/2021;RIO;23135
23/07/2021;MAO;256
23/07/2021;POA;10103
23/07/2021;REC;1834
23/07/2021;SSA;6448
23/07/2021;TECA;131064
23/07/2021;VIX;9516
24/07/2021;BHZ;7454
24/07/2021;BSB;4106
24/07/2021;CGB;4049
24/07/2021;CGR;1798
24/07/2021;FOR;3077
24/07/2021;RIO;25248
24/07/2021;MAO;425
24/07/2021;POA;10786
24/07/2021;REC;12239
24/07/2021;SSA;4611
24/07/2021;TECA;121508
24/07/2021;VIX;3663
25/07/2021;BHZ;3033
25/07/2021;CGR;2373
25/07/2021;FOR;1442
25/07/2021;RIO;5982
25/07/2021;POA;6133
25/07/2021;REC;2305
25/07/2021;SSA;3683
25/07/2021;TECA;12749
25/07/2021;VIX;7982
26/07/2021;BHZ;14071
26/07/2021;BSB;6974
26/07/2021;CGB;6411
26/07/2021;CGR;2204
26/07/2021;FOR;3744
26/07/2021;RIO;10605
26/07/2021;MAO;650
26/07/2021;POA;6434
26/07/2021;REC;7327
26/07/2021;SSA;5525
26/07/2021;TECA;66521
26/07/2021;VIX;4909
27/07/2021;BHZ;11212
27/07/2021;BSB;2443
27/07/2021;CGB;1993
27/07/2021;CGR;1044
27/07/2021;FOR;4193
27/07/2021;RIO;20202
27/07/2021;MAO;2045
27/07/2021;POA;10681
27/07/2021;REC;9134
27/07/2021;SSA;3448
27/07/2021;TECA;119126
27/07/2021;VIX;7656
28/07/2021;BHZ;13974
28/07/2021;BSB;4526
28/07/2021;CGB;81
28/07/2021;CGR;211
28/07/2021;FOR;3545
28/07/2021;RIO;24311
28/07/2021;MAO;1784
28/07/2021;POA;15446
28/07/2021;REC;7354
28/07/2021;SSA;2161
28/07/2021;TECA;121440
28/07/2021;VIX;10789
29/07/2021;BHZ;14018
29/07/2021;BSB;4589
29/07/2021;CGB;2897
29/07/2021;CGR;1629
29/07/2021;FOR;714
29/07/2021;RIO;23136
29/07/2021;MAO;914
29/07/2021;POA;11851
29/07/2021;REC;1202
29/07/2021;SSA;7148
29/07/2021;TECA;145107
29/07/2021;VIX;7804
30/07/2021;BHZ;14209
30/07/2021;BSB;5125
30/07/2021;CGB;2232
30/07/2021;CGR;1948
30/07/2021;FOR;297
30/07/2021;RIO;22563
30/07/2021;MAO;62
30/07/2021;POA;13195
30/07/2021;REC;7575
30/07/2021;SSA;5600
30/07/2021;TECA;137141
30/07/2021;VIX;8848
31/07/2021;TECA;1
01/08/2021;BHZ;4296
01/08/2021;CGR;1635
01/08/2021;FOR;1526
01/08/2021;RIO;6703
01/08/2021;POA;6257
01/08/2021;REC;1340
01/08/2021;SSA;4
01/08/2021;TECA;15946
01/08/2021;VIX;9735
02/08/2021;BHZ;13353
02/08/2021;BSB;5833
02/08/2021;CGB;3826
02/08/2021;CGR;987
02/08/2021;FOR;5871
02/08/2021;RIO;11704
02/08/2021;MAO;2230
02/08/2021;POA;7978
02/08/2021;REC;8388
02/08/2021;SSA;9053
02/08/2021;TECA;71299
02/08/2021;VIX;5256
03/08/2021;BHZ;10990
03/08/2021;BSB;2259
03/08/2021;CGB;320
03/08/2021;CGR;1941
03/08/2021;FOR;6691
03/08/2021;RIO;20409
03/08/2021;MAO;1881
03/08/2021;POA;9900
03/08/2021;REC;10282
03/08/2021;SSA;1645
03/08/2021;TECA;142036
03/08/2021;VIX;6362
04/08/2021;BHZ;15607
04/08/2021;BSB;2352
04/08/2021;CGB;3205
04/08/2021;CGR;639
04/08/2021;FOR;563
04/08/2021;RIO;23221
04/08/2021;MAO;407
04/08/2021;POA;14199
04/08/2021;REC;2538
04/08/2021;SSA;3873
04/08/2021;TECA;147379
04/08/2021;VIX;10303
05/08/2021;BHZ;13509
05/08/2021;BSB;6899
05/08/2021;CGB;2792
05/08/2021;CGR;1275
05/08/2021;FOR;402
05/08/2021;RIO;28094
05/08/2021;MAO;1588
05/08/2021;POA;16296
05/08/2021;REC;5395
05/08/2021;SSA;5963
05/08/2021;TECA;147454
05/08/2021;VIX;10669
06/08/2021;BHZ;14090
06/08/2021;BSB;4796
06/08/2021;CGB;2733
06/08/2021;CGR;1567
06/08/2021;FOR;3441
06/08/2021;RIO;23714
06/08/2021;MAO;294
06/08/2021;POA;11439
06/08/2021;REC;6064
06/08/2021;SSA;7875
06/08/2021;TECA;142357
06/08/2021;VIX;8456
07/08/2021;BHZ;10733
07/08/2021;BSB;5952
07/08/2021;CGB;2153
07/08/2021;CGR;1311
07/08/2021;FOR;3985
07/08/2021;RIO;23350
07/08/2021;MAO;245
07/08/2021;POA;8769
07/08/2021;REC;9253
07/08/2021;SSA;4719
07/08/2021;TECA;111914
07/08/2021;VIX;9707
08/08/2021;BHZ;2568
08/08/2021;FOR;2905
08/08/2021;RIO;6952
08/08/2021;POA;7989
08/08/2021;REC;2959
08/08/2021;SSA;1477
08/08/2021;TECA;30254
09/08/2021;BHZ;12960
09/08/2021;BSB;2986
09/08/2021;CGB;3329
09/08/2021;CGR;1662
09/08/2021;FOR;3890
09/08/2021;RIO;9895
09/08/2021;MAO;1431
09/08/2021;POA;7709
09/08/2021;REC;7110
09/08/2021;SSA;7557
09/08/2021;TECA;77116
09/08/2021;VIX;7812
10/08/2021;BHZ;13674
10/08/2021;BSB;5576
10/08/2021;CGB;36
10/08/2021;CGR;1622
10/08/2021;FOR;3925
10/08/2021;RIO;21614
10/08/2021;MAO;1122
10/08/2021;POA;16477
10/08/2021;REC;9308
10/08/2021;SSA;1941
10/08/2021;TECA;131861
10/08/2021;VIX;9742
11/08/2021;BHZ;13886
11/08/2021;BSB;5026
11/08/2021;CGB;3624
11/08/2021;CGR;1680
11/08/2021;FOR;1982
11/08/2021;RIO;27518
11/08/2021;MAO;2031
11/08/2021;POA;13938
11/08/2021;REC;4518
11/08/2021;SSA;5824
11/08/2021;TECA;137934
11/08/2021;VIX;10134
12/08/2021;BHZ;16483
12/08/2021;BSB;5455
12/08/2021;CGB;3038
12/08/2021;CGR;624
12/08/2021;FOR;3009
12/08/2021;RIO;26441
12/08/2021;MAO;1053
12/08/2021;POA;12010
12/08/2021;REC;7300
12/08/2021;SSA;5028
12/08/2021;TECA;151023
12/08/2021;VIX;10525
13/08/2021;BHZ;15207
13/08/2021;BSB;5581
13/08/2021;CGB;1587
13/08/2021;CGR;1605
13/08/2021;FOR;3274
13/08/2021;RIO;27714
13/08/2021;MAO;442
13/08/2021;POA;13567
13/08/2021;REC;7160
13/08/2021;SSA;5826
13/08/2021;TECA;142737
13/08/2021;VIX;9201
14/08/2021;BHZ;12063
14/08/2021;BSB;4519
14/08/2021;CGB;2611
14/08/2021;CGR;990
14/08/2021;FOR;3134
14/08/2021;RIO;33177
14/08/2021;MAO;112
14/08/2021;POA;12710
14/08/2021;REC;7922
14/08/2021;SSA;5535
14/08/2021;TECA;131177
14/08/2021;VIX;9785
15/08/2021;BHZ;2018
15/08/2021;FOR;3289
15/08/2021;POA;5017
15/08/2021;REC;1893
15/08/2021;SSA;2486
15/08/2021;TECA;21877
15/08/2021;VIX;2326
16/08/2021;BHZ;15481
16/08/2021;BSB;6925
16/08/2021;CGB;3050
16/08/2021;CGR;2745
16/08/2021;FOR;3313
16/08/2021;RIO;22013
16/08/2021;MAO;372
16/08/2021;POA;6505
16/08/2021;REC;7301
16/08/2021;SSA;8535
16/08/2021;TECA;73519
16/08/2021;VIX;6311
17/08/2021;BHZ;12185
17/08/2021;BSB;2113
17/08/2021;CGB;3066
17/08/2021;CGR;2184
17/08/2021;FOR;2991
17/08/2021;RIO;19936
17/08/2021;MAO;1182
17/08/2021;POA;16229
17/08/2021;REC;9752
17/08/2021;SSA;2122
17/08/2021;TECA;135472
17/08/2021;VIX;9193
18/08/2021;BHZ;16238
18/08/2021;BSB;5815
18/08/2021;CGB;166
18/08/2021;CGR;713
18/08/2021;FOR;383
18/08/2021;RIO;30818
18/08/2021;MAO;2222
18/08/2021;POA;14984
18/08/2021;REC;8796
18/08/2021;SSA;5080
18/08/2021;TECA;141464
18/08/2021;VIX;10200
19/08/2021;BHZ;16376
19/08/2021;BSB;5304
19/08/2021;CGB;3351
19/08/2021;CGR;1817
19/08/2021;FOR;3608
19/08/2021;RIO;26692
19/08/2021;MAO;2647
19/08/2021;POA;14131
19/08/2021;REC;6669
19/08/2021;SSA;6224
19/08/2021;TECA;151664
19/08/2021;VIX;10093
20/08/2021;BHZ;15224
20/08/2021;BSB;5988
20/08/2021;CGB;3025
20/08/2021;CGR;1024
20/08/2021;FOR;3629
20/08/2021;RIO;24386
20/08/2021;MAO;530
20/08/2021;POA;14216
20/08/2021;REC;5462
20/08/2021;SSA;5643
20/08/2021;TECA;160825
20/08/2021;VIX;10660
21/08/2021;BHZ;10030
21/08/2021;BSB;4047
21/08/2021;CGB;2703
21/08/2021;CGR;1335
21/08/2021;FOR;3183
21/08/2021;RIO;26837
21/08/2021;MAO;363
21/08/2021;POA;9689
21/08/2021;REC;8781
21/08/2021;SSA;7287
21/08/2021;TECA;120880
21/08/2021;VIX;10078
22/08/2021;BHZ;1303
22/08/2021;FOR;2888
22/08/2021;POA;7344
22/08/2021;REC;1815
22/08/2021;SSA;2135
22/08/2021;TECA;28698
22/08/2021;VIX;1067
23/08/2021;BHZ;17539
23/08/2021;BSB;6721
23/08/2021;CGB;3634
23/08/2021;CGR;2926
23/08/2021;FOR;3415
23/08/2021;RIO;14897
23/08/2021;MAO;494
23/08/2021;POA;8293
23/08/2021;REC;7659
23/08/2021;SSA;3136
23/08/2021;TECA;126270
23/08/2021;VIX;7897
24/08/2021;BHZ;18609
24/08/2021;BSB;2102
24/08/2021;CGB;1170
24/08/2021;CGR;1586
24/08/2021;FOR;3088
24/08/2021;RIO;18598
24/08/2021;MAO;457
24/08/2021;POA;14277
24/08/2021;REC;8442
24/08/2021;SSA;5997
24/08/2021;TECA;129435
24/08/2021;VIX;10169
25/08/2021;BHZ;15963
25/08/2021;BSB;5489
25/08/2021;CGB;3203
25/08/2021;CGR;734
25/08/2021;FOR;1189
25/08/2021;RIO;26223
25/08/2021;MAO;583
25/08/2021;POA;12051
25/08/2021;REC;9660
25/08/2021;SSA;1770
25/08/2021;TECA;142730
25/08/2021;VIX;10277
26/08/2021;BHZ;16019
26/08/2021;BSB;4260
26/08/2021;CGB;2980
26/08/2021;CGR;1939
26/08/2021;FOR;3857
26/08/2021;RIO;25801
26/08/2021;MAO;287
26/08/2021;POA;14669
26/08/2021;REC;5484
26/08/2021;SSA;7786
26/08/2021;TECA;139228
26/08/2021;VIX;9433
27/08/2021;BHZ;15855
27/08/2021;BSB;5542
27/08/2021;CGB;2499
27/08/2021;CGR;1747
27/08/2021;FOR;3632
27/08/2021;RIO;24319
27/08/2021;MAO;3007
27/08/2021;POA;13579
27/08/2021;REC;6723
27/08/2021;SSA;7376
27/08/2021;TECA;142887
27/08/2021;VIX;12288
28/08/2021;BHZ;8123
28/08/2021;BSB;5286
28/08/2021;CGB;1693
28/08/2021;CGR;438
28/08/2021;FOR;3561
28/08/2021;RIO;27231
28/08/2021;MAO;1001
28/08/2021;POA;9485
28/08/2021;REC;9515
28/08/2021;SSA;5757
28/08/2021;TECA;125378
28/08/2021;VIX;9106
29/08/2021;BHZ;542
29/08/2021;FOR;3089
29/08/2021;RIO;1
29/08/2021;POA;8170
29/08/2021;REC;1777
29/08/2021;SSA;2733
29/08/2021;TECA;25421
29/08/2021;VIX;785
30/08/2021;BHZ;14265
30/08/2021;BSB;4046
30/08/2021;CGB;5208
30/08/2021;CGR;2568
30/08/2021;FOR;4988
30/08/2021;RIO;17312
30/08/2021;MAO;803
30/08/2021;POA;7287
30/08/2021;REC;9703
30/08/2021;SSA;5522
30/08/2021;TECA;77449
30/08/2021;VIX;6895
01/09/2021;BHZ;24167
01/09/2021;BSB;4860
01/09/2021;CGB;2592
01/09/2021;CGR;816
01/09/2021;FOR;392
01/09/2021;RIO;25179
01/09/2021;MAO;564
01/09/2021;POA;12674
01/09/2021;REC;7116
01/09/2021;SSA;4836
01/09/2021;TECA;144059
01/09/2021;VIX;11053
02/09/2021;BHZ;19638
02/09/2021;BSB;4606
02/09/2021;CGB;201
02/09/2021;CGR;1528
02/09/2021;FOR;466
02/09/2021;RIO;24800
02/09/2021;MAO;1922
02/09/2021;POA;12695
02/09/2021;REC;5110
02/09/2021;SSA;5991
02/09/2021;TECA;137669
02/09/2021;VIX;10932
03/09/2021;BHZ;16451
03/09/2021;BSB;5954
03/09/2021;CGB;3652
03/09/2021;CGR;1388
03/09/2021;FOR;3885
03/09/2021;RIO;26836
03/09/2021;MAO;2737
03/09/2021;POA;15022
03/09/2021;REC;7889
03/09/2021;SSA;6130
03/09/2021;TECA;138052
03/09/2021;VIX;11549
04/09/2021;BHZ;18536
04/09/2021;BSB;4293
04/09/2021;CGB;3113
04/09/2021;CGR;747
04/09/2021;FOR;180
04/09/2021;RIO;26095
04/09/2021;MAO;444
04/09/2021;POA;10689
04/09/2021;REC;7713
04/09/2021;SSA;4297
04/09/2021;TECA;118926
04/09/2021;VIX;7638
05/09/2021;FOR;5188
05/09/2021;RIO;1
05/09/2021;POA;4333
05/09/2021;REC;1090
05/09/2021;SSA;2553
05/09/2021;TECA;26675
05/09/2021;VIX;989
06/09/2021;BHZ;13368
06/09/2021;BSB;2625
06/09/2021;CGB;4568
06/09/2021;CGR;1864
06/09/2021;FOR;5305
06/09/2021;RIO;19823
06/09/2021;MAO;1124
06/09/2021;POA;5958
06/09/2021;REC;8301
06/09/2021;SSA;6823
06/09/2021;TECA;70092
06/09/2021;VIX;9358
07/09/2021;BHZ;3833
07/09/2021;FOR;2292
07/09/2021;RIO;10611
07/09/2021;POA;10414
07/09/2021;REC;9781
07/09/2021;SSA;3630
07/09/2021;TECA;70991
07/09/2021;VIX;4188
08/09/2021;BHZ;10667
08/09/2021;BSB;6191
08/09/2021;CGB;1087
08/09/2021;CGR;2311
08/09/2021;FOR;3180
08/09/2021;RIO;17330
08/09/2021;MAO;609
08/09/2021;POA;6613
08/09/2021;REC;5450
08/09/2021;SSA;1515
08/09/2021;TECA;71027
08/09/2021;VIX;4460
09/09/2021;BHZ;11047
09/09/2021;BSB;3168
09/09/2021;CGB;19
09/09/2021;CGR;1713
09/09/2021;FOR;680
09/09/2021;RIO;19142
09/09/2021;MAO;2003
09/09/2021;POA;6390
09/09/2021;REC;1754
09/09/2021;SSA;4801
09/09/2021;TECA;133732
09/09/2021;VIX;9263
10/09/2021;BHZ;18396
10/09/2021;BSB;4460
10/09/2021;CGB;184
10/09/2021;CGR;1395
10/09/2021;FOR;2600
10/09/2021;RIO;28466
10/09/2021;MAO;2135
10/09/2021;POA;13330
10/09/2021;REC;6266
10/09/2021;SSA;3075
10/09/2021;TECA;126843
10/09/2021;VIX;12645
11/09/2021;BHZ;11717
11/09/2021;BSB;3757
11/09/2021;CGB;4815
11/09/2021;CGR;672
11/09/2021;FOR;3586
11/09/2021;RIO;27506
11/09/2021;MAO;244
11/09/2021;POA;13037
11/09/2021;REC;2753
11/09/2021;SSA;6161
11/09/2021;TECA;148226
11/09/2021;VIX;9351
12/09/2021;BHZ;221
12/09/2021;FOR;2466
12/09/2021;RIO;126
12/09/2021;POA;11858
12/09/2021;REC;4776
12/09/2021;SSA;3528
12/09/2021;TECA;51777
12/09/2021;VIX;2114
13/09/2021;BHZ;15918
13/09/2021;BSB;6180
13/09/2021;CGB;5019
13/09/2021;CGR;1428
13/09/2021;FOR;3191
13/09/2021;RIO;28526
13/09/2021;MAO;211
13/09/2021;POA;7230
13/09/2021;REC;8433
13/09/2021;SSA;7116
13/09/2021;TECA;87448
13/09/2021;VIX;9013
14/09/2021;BHZ;16105
14/09/2021;BSB;5857
14/09/2021;CGB;270
14/09/2021;CGR;2718
14/09/2021;FOR;4052
14/09/2021;RIO;23774
14/09/2021;MAO;800
14/09/2021;POA;17395
14/09/2021;REC;8821
14/09/2021;SSA;3230
14/09/2021;TECA;139252
14/09/2021;VIX;12399
15/09/2021;BHZ;17085
15/09/2021;BSB;6659
15/09/2021;CGB;3651
15/09/2021;CGR;1430
15/09/2021;FOR;1127
15/09/2021;RIO;29100
15/09/2021;MAO;790
15/09/2021;POA;14609
15/09/2021;REC;9410
15/09/2021;SSA;5851
15/09/2021;TECA;145437
15/09/2021;VIX;13460
16/09/2021;BHZ;15782
16/09/2021;BSB;5781
16/09/2021;CGB;3387
16/09/2021;CGR;1926
16/09/2021;FOR;3625
16/09/2021;RIO;29251
16/09/2021;MAO;1618
16/09/2021;POA;17700
16/09/2021;REC;6910
16/09/2021;SSA;7499
16/09/2021;TECA;146854
16/09/2021;VIX;11505
17/09/2021;BHZ;19562
17/09/2021;BSB;5643
17/09/2021;CGB;2775
17/09/2021;CGR;1267
17/09/2021;FOR;1106
17/09/2021;RIO;28664
17/09/2021;MAO;2498
17/09/2021;POA;13637
17/09/2021;REC;6243
17/09/2021;SSA;6174
17/09/2021;TECA;151071
17/09/2021;VIX;13836
18/09/2021;BHZ;12343
18/09/2021;BSB;5004
18/09/2021;CGB;1579
18/09/2021;CGR;546
18/09/2021;FOR;6116
18/09/2021;RIO;28176
18/09/2021;MAO;188
18/09/2021;POA;10283
18/09/2021;REC;8362
18/09/2021;SSA;6827
18/09/2021;TECA;140405
18/09/2021;VIX;7943
19/09/2021;FOR;3184
19/09/2021;RIO;4135
19/09/2021;POA;10224
19/09/2021;REC;1343
19/09/2021;SSA;2034
19/09/2021;TECA;49957
19/09/2021;VIX;4432
20/09/2021;BHZ;15647
20/09/2021;BSB;3977
20/09/2021;CGB;5462
20/09/2021;CGR;2689
20/09/2021;FOR;1368
20/09/2021;RIO;17229
20/09/2021;MAO;959
20/09/2021;POA;3131
20/09/2021;REC;10250
20/09/2021;SSA;10420
20/09/2021;TECA;74227
20/09/2021;VIX;7367
21/09/2021;BHZ;15531
21/09/2021;BSB;8229
21/09/2021;CGB;101
21/09/2021;CGR;2051
21/09/2021;FOR;7496
21/09/2021;RIO;21722
21/09/2021;MAO;943
21/09/2021;POA;11428
21/09/2021;REC;9918
21/09/2021;SSA;4842
21/09/2021;TECA;147216
21/09/2021;VIX;9860
22/09/2021;BHZ;17366
22/09/2021;BSB;6153
22/09/2021;CGB;3423
22/09/2021;CGR;1645
22/09/2021;FOR;4096
22/09/2021;RIO;27798
22/09/2021;MAO;437
22/09/2021;POA;15360
22/09/2021;REC;8491
22/09/2021;SSA;3588
22/09/2021;TECA;142181
22/09/2021;VIX;10033
23/09/2021;BHZ;15294
23/09/2021;BSB;5551
23/09/2021;CGB;3176
23/09/2021;CGR;830
23/09/2021;FOR;1002
23/09/2021;RIO;25234
23/09/2021;MAO;1566
23/09/2021;POA;13170
23/09/2021;REC;7823
23/09/2021;SSA;7455
23/09/2021;TECA;145680
23/09/2021;VIX;10659
24/09/2021;BHZ;17452
24/09/2021;BSB;4507
24/09/2021;CGB;3983
24/09/2021;CGR;1775
24/09/2021;FOR;7061
24/09/2021;RIO;25216
24/09/2021;MAO;1935
24/09/2021;POA;13602
24/09/2021;REC;11753
24/09/2021;SSA;6035
24/09/2021;TECA;137853
24/09/2021;VIX;10960
25/09/2021;BHZ;11254
25/09/2021;BSB;4008
25/09/2021;CGB;2713
25/09/2021;CGR;425
25/09/2021;FOR;3094
25/09/2021;RIO;22867
25/09/2021;MAO;61
25/09/2021;POA;10627
25/09/2021;REC;8926
25/09/2021;SSA;6507
25/09/2021;TECA;131304
25/09/2021;VIX;7327
26/09/2021;FOR;4450
26/09/2021;RIO;22
26/09/2021;POA;9621
26/09/2021;REC;1969
26/09/2021;SSA;2069
26/09/2021;TECA;30127
26/09/2021;VIX;3112
27/09/2021;BHZ;16972
27/09/2021;BSB;4812
27/09/2021;CGB;3513
27/09/2021;CGR;2646
27/09/2021;FOR;4163
27/09/2021;RIO;16864
27/09/2021;MAO;1716
27/09/2021;POA;6284
27/09/2021;REC;11297
27/09/2021;SSA;7073
27/09/2021;TECA;76192
27/09/2021;VIX;4995
28/09/2021;BHZ;13257
28/09/2021;BSB;1909
28/09/2021;CGB;2678
28/09/2021;CGR;2070
28/09/2021;FOR;4656
28/09/2021;RIO;18453
28/09/2021;MAO;1130
28/09/2021;POA;14398
28/09/2021;REC;10244
28/09/2021;SSA;4951
28/09/2021;TECA;110978
28/09/2021;VIX;10787
29/09/2021;BHZ;13966
29/09/2021;BSB;4713
29/09/2021;CGB;2453
29/09/2021;CGR;2181
29/09/2021;FOR;865
29/09/2021;RIO;24237
29/09/2021;MAO;642
29/09/2021;POA;11855
29/09/2021;REC;8862
29/09/2021;SSA;3940
29/09/2021;TECA;171254
29/09/2021;VIX;11414
30/09/2021;SSA;1
30/09/2021;TECA;3
01/10/2021;BHZ;15723
01/10/2021;BSB;4865
01/10/2021;CGB;3856
01/10/2021;CGR;205
01/10/2021;FOR;6076
01/10/2021;RIO;20562
01/10/2021;MAO;2233
01/10/2021;POA;13515
01/10/2021;REC;6411
01/10/2021;SSA;6464
01/10/2021;TECA;154313
01/10/2021;VIX;11393
02/10/2021;BHZ;9587
02/10/2021;BSB;3319
02/10/2021;CGB;3596
02/10/2021;CGR;2217
02/10/2021;FOR;2995
02/10/2021;RIO;25511
02/10/2021;MAO;67
02/10/2021;POA;13153
02/10/2021;REC;8806
02/10/2021;SSA;6009
02/10/2021;TECA;113351
02/10/2021;VIX;8586
03/10/2021;FOR;3024
03/10/2021;POA;9585
03/10/2021;REC;1799
03/10/2021;SSA;4950
03/10/2021;TECA;20324
03/10/2021;VIX;4266
04/10/2021;BHZ;14005
04/10/2021;BSB;4436
04/10/2021;CGB;3554
04/10/2021;CGR;1777
04/10/2021;FOR;4425
04/10/2021;RIO;14833
04/10/2021;MAO;1513
04/10/2021;POA;7187
04/10/2021;REC;11373
04/10/2021;SSA;6937
04/10/2021;TECA;80950
04/10/2021;VIX;5751
05/10/2021;BHZ;12905
05/10/2021;BSB;3879
05/10/2021;CGB;2745
05/10/2021;CGR;2500
05/10/2021;FOR;1952
05/10/2021;RIO;19447
05/10/2021;MAO;775
05/10/2021;POA;11688
05/10/2021;REC;10871
05/10/2021;SSA;3218
05/10/2021;TECA;145316
05/10/2021;VIX;9505
06/10/2021;BHZ;15974
06/10/2021;BSB;4102
06/10/2021;CGB;201
06/10/2021;CGR;1411
06/10/2021;FOR;3217
06/10/2021;RIO;24545
06/10/2021;MAO;2038
06/10/2021;POA;18908
06/10/2021;REC;7981
06/10/2021;SSA;3460
06/10/2021;TECA;151265
06/10/2021;VIX;13354
07/10/2021;BHZ;15398
07/10/2021;BSB;3988
07/10/2021;CGB;3234
07/10/2021;CGR;2096
07/10/2021;FOR;3618
07/10/2021;RIO;25506
07/10/2021;MAO;1889
07/10/2021;POA;11953
07/10/2021;REC;7788
07/10/2021;SSA;9720
07/10/2021;TECA;165412
07/10/2021;VIX;11192
08/10/2021;BHZ;17203
08/10/2021;BSB;4758
08/10/2021;CGB;3396
08/10/2021;CGR;2035
08/10/2021;FOR;3968
08/10/2021;RIO;25597
08/10/2021;MAO;917
08/10/2021;POA;16660
08/10/2021;REC;8550
08/10/2021;SSA;7005
08/10/2021;TECA;121165
08/10/2021;VIX;11403
09/10/2021;BHZ;10941
09/10/2021;BSB;3977
09/10/2021;CGB;1032
09/10/2021;FOR;3263
09/10/2021;RIO;23448
09/10/2021;MAO;236
09/10/2021;POA;9896
09/10/2021;REC;8566
09/10/2021;SSA;5077
09/10/2021;TECA;130276
09/10/2021;VIX;9581
10/10/2021;FOR;2961
10/10/2021;POA;4460
10/10/2021;REC;1884
10/10/2021;SSA;3691
10/10/2021;TECA;25045
10/10/2021;VIX;3589
11/10/2021;BHZ;12578
11/10/2021;BSB;3267
11/10/2021;CGB;4946
11/10/2021;CGR;1635
11/10/2021;FOR;4393
11/10/2021;RIO;18849
11/10/2021;MAO;689
11/10/2021;POA;9995
11/10/2021;REC;9996
11/10/2021;SSA;9005
11/10/2021;TECA;66697
11/10/2021;VIX;4614
12/10/2021;BHZ;4983
12/10/2021;BSB;1
12/10/2021;CGB;1452
12/10/2021;FOR;3607
12/10/2021;RIO;12751
12/10/2021;MAO;1
12/10/2021;POA;7924
12/10/2021;REC;9571
12/10/2021;SSA;1014
12/10/2021;TECA;91951
12/10/2021;VIX;8089
13/10/2021;BHZ;13920
13/10/2021;BSB;6338
13/10/2021;CGB;2742
13/10/2021;CGR;1817
13/10/2021;FOR;3611
13/10/2021;RIO;20916
13/10/2021;MAO;2863
13/10/2021;POA;8252
13/10/2021;REC;8362
13/10/2021;SSA;3594
13/10/2021;TECA;73728
13/10/2021;VIX;6043
14/10/2021;BHZ;15489
14/10/2021;BSB;2032
14/10/2021;CGB;1783
14/10/2021;CGR;2354
14/10/2021;FOR;1225
14/10/2021;RIO;22699
14/10/2021;MAO;1767
14/10/2021;POA;11674
14/10/2021;REC;7926
14/10/2021;SSA;7531
14/10/2021;TECA;149344
14/10/2021;VIX;10997
15/10/2021;BHZ;19366
15/10/2021;BSB;4148
15/10/2021;CGB;101
15/10/2021;CGR;1316
15/10/2021;FOR;3969
15/10/2021;RIO;25405
15/10/2021;MAO;1785
15/10/2021;POA;11922
15/10/2021;REC;5948
15/10/2021;SSA;3268
15/10/2021;TECA;143508
15/10/2021;VIX;11670
16/10/2021;BHZ;13575
16/10/2021;BSB;3568
16/10/2021;CGB;3808
16/10/2021;FOR;2811
16/10/2021;RIO;27487
16/10/2021;MAO;337
16/10/2021;POA;9717
16/10/2021;REC;5862
16/10/2021;SSA;5405
16/10/2021;TECA;122382
16/10/2021;VIX;9569
17/10/2021;CGR;863
17/10/2021;FOR;2915
17/10/2021;RIO;164
17/10/2021;POA;6884
17/10/2021;REC;2044
17/10/2021;SSA;3093
17/10/2021;TECA;21520
17/10/2021;VIX;5507
18/10/2021;BHZ;19240
18/10/2021;BSB;2934
18/10/2021;CGB;5960
18/10/2021;CGR;2249
18/10/2021;FOR;1793
18/10/2021;RIO;21517
18/10/2021;MAO;1364
18/10/2021;POA;8358
18/10/2021;REC;10066
18/10/2021;SSA;6115
18/10/2021;TECA;73298
18/10/2021;VIX;8210
19/10/2021;BHZ;16817
19/10/2021;BSB;5015
19/10/2021;CGB;2449
19/10/2021;CGR;1713
19/10/2021;FOR;3767
19/10/2021;RIO;19752
19/10/2021;MAO;587
19/10/2021;POA;12658
19/10/2021;REC;10896
19/10/2021;SSA;5467
19/10/2021;TECA;136577
19/10/2021;VIX;9936
20/10/2021;BHZ;16258
20/10/2021;BSB;3862
20/10/2021;CGB;195
20/10/2021;CGR;1667
20/10/2021;FOR;3650
20/10/2021;RIO;26989
20/10/2021;MAO;2389
20/10/2021;POA;11940
20/10/2021;REC;9139
20/10/2021;SSA;2308
20/10/2021;TECA;149031
20/10/2021;VIX;13735
21/10/2021;BHZ;18902
21/10/2021;BSB;5025
21/10/2021;CGB;3384
21/10/2021;CGR;2499
21/10/2021;FOR;4169
21/10/2021;RIO;29383
21/10/2021;MAO;1029
21/10/2021;POA;13573
21/10/2021;REC;4835
21/10/2021;SSA;5444
21/10/2021;TECA;147110
21/10/2021;VIX;12675
22/10/2021;BHZ;18714
22/10/2021;BSB;2936
22/10/2021;CGB;3826
22/10/2021;CGR;1705
22/10/2021;FOR;1074
22/10/2021;RIO;28835
22/10/2021;MAO;352
22/10/2021;POA;13475
22/10/2021;REC;8753
22/10/2021;SSA;8744
22/10/2021;TECA;133956
22/10/2021;VIX;12511
23/10/2021;BHZ;12962
23/10/2021;BSB;4033
23/10/2021;CGB;3732
23/10/2021;CGR;25
23/10/2021;FOR;6577
23/10/2021;RIO;22621
23/10/2021;MAO;171
23/10/2021;POA;11596
23/10/2021;REC;9911
23/10/2021;SSA;7169
23/10/2021;TECA;93864
23/10/2021;VIX;8102
24/10/2021;FOR;4346
24/10/2021;RIO;3914
24/10/2021;POA;6096
24/10/2021;REC;1668
24/10/2021;SSA;2682
24/10/2021;TECA;30574
24/10/2021;VIX;565
25/10/2021;BHZ;14569
25/10/2021;BSB;5138
25/10/2021;CGB;3698
25/10/2021;CGR;2062
25/10/2021;FOR;6234
25/10/2021;RIO;16798
25/10/2021;MAO;1363
25/10/2021;POA;7622
25/10/2021;REC;9835
25/10/2021;SSA;5632
25/10/2021;TECA;71461
25/10/2021;VIX;7814
26/10/2021;BHZ;14671
26/10/2021;BSB;4012
26/10/2021;CGB;1896
26/10/2021;CGR;2460
26/10/2021;FOR;1297
26/10/2021;RIO;21516
26/10/2021;MAO;240
26/10/2021;POA;9127
26/10/2021;REC;11803
26/10/2021;SSA;3744
26/10/2021;TECA;138556
26/10/2021;VIX;11357
27/10/2021;BHZ;17302
27/10/2021;BSB;3736
27/10/2021;CGB;2623
27/10/2021;CGR;2188
27/10/2021;FOR;4187
27/10/2021;RIO;24733
27/10/2021;MAO;3249
27/10/2021;POA;13200
27/10/2021;REC;9360
27/10/2021;SSA;3098
27/10/2021;TECA;187088
27/10/2021;VIX;11702
28/10/2021;BHZ;16588
28/10/2021;BSB;4989
28/10/2021;CGB;3334
28/10/2021;CGR;2700
28/10/2021;FOR;1475
28/10/2021;RIO;28011
28/10/2021;MAO;3095
28/10/2021;POA;14336
28/10/2021;REC;7824
28/10/2021;SSA;6760
28/10/2021;TECA;144036
28/10/2021;VIX;12452
29/10/2021;BHZ;15425
29/10/2021;BSB;4436
29/10/2021;CGB;3138
29/10/2021;CGR;2455
29/10/2021;FOR;3744
29/10/2021;RIO;26422
29/10/2021;MAO;1284
29/10/2021;POA;13157
29/10/2021;REC;11092
29/10/2021;SSA;8154
29/10/2021;TECA;137023
29/10/2021;VIX;11244
30/10/2021;BHZ;12450
30/10/2021;BSB;3882
30/10/2021;CGB;231
30/10/2021;CGR;11
30/10/2021;FOR;4634
30/10/2021;RIO;20028
30/10/2021;MAO;814
30/10/2021;POA;6581
30/10/2021;REC;8000
30/10/2021;SSA;6528
30/10/2021;TECA;106350
30/10/2021;VIX;6596
01/11/2021;BHZ;15002
01/11/2021;BSB;5068
01/11/2021;CGB;7914
01/11/2021;CGR;2483
01/11/2021;FOR;3659
01/11/2021;RIO;10305
01/11/2021;MAO;862
01/11/2021;POA;7223
01/11/2021;REC;9043
01/11/2021;SSA;5523
01/11/2021;TECA;66242
01/11/2021;VIX;4402
02/11/2021;BHZ;4893
02/11/2021;BSB;1177
02/11/2021;CGR;529
02/11/2021;FOR;2979
02/11/2021;RIO;14905
02/11/2021;POA;5611
02/11/2021;REC;12576
02/11/2021;SSA;572
02/11/2021;TECA;89025
02/11/2021;VIX;8735
03/11/2021;BHZ;15488
03/11/2021;BSB;2951
03/11/2021;CGB;406
03/11/2021;CGR;1886
03/11/2021;FOR;2708
03/11/2021;RIO;16729
03/11/2021;MAO;2993
03/11/2021;POA;5960
03/11/2021;REC;6694
03/11/2021;SSA;4926
03/11/2021;TECA;82080
03/11/2021;VIX;6390
04/11/2021;BHZ;17529
04/11/2021;BSB;3012
04/11/2021;CGB;2869
04/11/2021;CGR;1617
04/11/2021;FOR;4365
04/11/2021;RIO;24744
04/11/2021;MAO;2659
04/11/2021;POA;12962
04/11/2021;REC;5673
04/11/2021;SSA;6074
04/11/2021;TECA;155103
04/11/2021;VIX;10883
05/11/2021;BHZ;17319
05/11/2021;BSB;4593
05/11/2021;CGB;1041
05/11/2021;CGR;1077
05/11/2021;FOR;1314
05/11/2021;RIO;29205
05/11/2021;MAO;1071
05/11/2021;POA;12653
05/11/2021;REC;5859
05/11/2021;SSA;4688
05/11/2021;TECA;159718
05/11/2021;VIX;11500
06/11/2021;BHZ;15208
06/11/2021;BSB;4310
06/11/2021;CGB;3663
06/11/2021;CGR;293
06/11/2021;FOR;1923
06/11/2021;RIO;22488
06/11/2021;MAO;164
06/11/2021;POA;6942
06/11/2021;REC;9780
06/11/2021;SSA;6948
06/11/2021;TECA;152810
06/11/2021;VIX;7889
07/11/2021;FOR;4037
07/11/2021;RIO;11772
07/11/2021;POA;12196
07/11/2021;REC;1279
07/11/2021;SSA;3609
07/11/2021;TECA;35678
07/11/2021;VIX;860
08/11/2021;BHZ;17080
08/11/2021;BSB;5379
08/11/2021;CGB;4673
08/11/2021;CGR;2010
08/11/2021;FOR;5263
08/11/2021;RIO;20507
08/11/2021;MAO;866
08/11/2021;POA;8680
08/11/2021;REC;12330
08/11/2021;SSA;7068
08/11/2021;TECA;77969
08/11/2021;VIX;6180
09/11/2021;BHZ;18879
09/11/2021;BSB;3251
09/11/2021;CGB;2420
09/11/2021;CGR;3566
09/11/2021;FOR;7838
09/11/2021;RIO;24787
09/11/2021;MAO;1183
09/11/2021;POA;10860
09/11/2021;REC;12234
09/11/2021;SSA;7622
09/11/2021;TECA;152027
09/11/2021;VIX;8964
10/11/2021;BHZ;17567
10/11/2021;BSB;5255
10/11/2021;CGB;3409
10/11/2021;CGR;1262
10/11/2021;FOR;3686
10/11/2021;RIO;24763
10/11/2021;MAO;2181
10/11/2021;POA;14301
10/11/2021;REC;11280
10/11/2021;SSA;4007
10/11/2021;TECA;166515
10/11/2021;VIX;12558
11/11/2021;BHZ;19224
11/11/2021;BSB;5187
11/11/2021;CGB;2891
11/11/2021;CGR;2206
11/11/2021;FOR;6077
11/11/2021;RIO;29084
11/11/2021;MAO;2098
11/11/2021;POA;13771
11/11/2021;REC;11165
11/11/2021;SSA;7141
11/11/2021;TECA;169067
11/11/2021;VIX;13460
12/11/2021;BHZ;18816
12/11/2021;BSB;5752
12/11/2021;CGB;3257
12/11/2021;CGR;2733
12/11/2021;FOR;5421
12/11/2021;RIO;31416
12/11/2021;MAO;1824
12/11/2021;POA;15482
12/11/2021;REC;11358
12/11/2021;SSA;10348
12/11/2021;TECA;163198
12/11/2021;VIX;9494
13/11/2021;BHZ;19090
13/11/2021;BSB;4004
13/11/2021;CGB;2556
13/11/2021;CGR;922
13/11/2021;FOR;2611
13/11/2021;RIO;26759
13/11/2021;MAO;122
13/11/2021;POA;7769
13/11/2021;REC;10566
13/11/2021;SSA;7774
13/11/2021;TECA;149727
13/11/2021;VIX;11054
14/11/2021;BSB;3463
14/11/2021;CGB;103
14/11/2021;CGR;1126
14/11/2021;FOR;4707
14/11/2021;RIO;9049
14/11/2021;POA;8782
14/11/2021;REC;879
14/11/2021;SSA;2343
14/11/2021;TECA;25196
14/11/2021;VIX;6199
15/11/2021;BHZ;12822
15/11/2021;BSB;3197
15/11/2021;CGB;7298
15/11/2021;FOR;1750
15/11/2021;RIO;15309
15/11/2021;MAO;692
15/11/2021;POA;5612
15/11/2021;REC;12130
15/11/2021;SSA;8493
15/11/2021;TECA;35580
15/11/2021;VIX;4158
16/11/2021;BHZ;12341
16/11/2021;BSB;4081
16/11/2021;CGB;531
16/11/2021;CGR;3215
16/11/2021;FOR;8420
16/11/2021;RIO;13938
16/11/2021;MAO;967
16/11/2021;POA;9357
16/11/2021;REC;14952
16/11/2021;SSA;7729
16/11/2021;TECA;72025
16/11/2021;VIX;4089
17/11/2021;BHZ;16771
17/11/2021;BSB;2942
17/11/2021;CGB;4761
17/11/2021;CGR;2312
17/11/2021;FOR;7203
17/11/2021;RIO;29013
17/11/2021;MAO;2965
17/11/2021;POA;13037
17/11/2021;REC;15021
17/11/2021;SSA;6598
17/11/2021;TECA;169420
17/11/2021;VIX;12787
18/11/2021;BHZ;26505
18/11/2021;BSB;6444
18/11/2021;CGB;609
18/11/2021;CGR;3005
18/11/2021;FOR;3183
18/11/2021;RIO;33434
18/11/2021;MAO;2932
18/11/2021;POA;15279
18/11/2021;REC;12850
18/11/2021;SSA;7799
18/11/2021;TECA;178225
18/11/2021;VIX;18064
19/11/2021;BHZ;21429
19/11/2021;BSB;7136
19/11/2021;CGB;6907
19/11/2021;CGR;1448
19/11/2021;FOR;6641
19/11/2021;RIO;34478
19/11/2021;MAO;1995
19/11/2021;POA;16612
19/11/2021;REC;10260
19/11/2021;SSA;9386
19/11/2021;TECA;183879
19/11/2021;VIX;15522
20/11/2021;BHZ;16152
20/11/2021;BSB;4412
20/11/2021;CGB;3519
20/11/2021;CGR;679
20/11/2021;FOR;4053
20/11/2021;RIO;30006
20/11/2021;MAO;690
20/11/2021;POA;8957
20/11/2021;REC;12650
20/11/2021;SSA;6214
20/11/2021;TECA;135060
20/11/2021;VIX;16007
21/11/2021;BHZ;6828
21/11/2021;BSB;1
21/11/2021;CGB;3639
21/11/2021;CGR;2234
21/11/2021;FOR;4795
21/11/2021;RIO;7117
21/11/2021;MAO;1190
21/11/2021;POA;7099
21/11/2021;REC;9567
21/11/2021;SSA;3558
21/11/2021;TECA;59289
21/11/2021;VIX;3646
22/11/2021;BHZ;15013
22/11/2021;BSB;5777
22/11/2021;CGB;375
22/11/2021;CGR;840
22/11/2021;FOR;6312
22/11/2021;RIO;16931
22/11/2021;MAO;952
22/11/2021;POA;13539
22/11/2021;REC;10820
22/11/2021;SSA;11705
22/11/2021;TECA;78792
22/11/2021;VIX;6744
23/11/2021;BHZ;18626
23/11/2021;BSB;6082
23/11/2021;CGB;457
23/11/2021;CGR;2576
23/11/2021;FOR;6621
23/11/2021;RIO;29349
23/11/2021;MAO;1048
23/11/2021;POA;14782
23/11/2021;REC;12874
23/11/2021;SSA;8057
23/11/2021;TECA;183440
23/11/2021;VIX;12151
24/11/2021;BHZ;22523
24/11/2021;BSB;7032
24/11/2021;CGB;1700
24/11/2021;CGR;2902
24/11/2021;FOR;6894
24/11/2021;RIO;33655
24/11/2021;MAO;3028
24/11/2021;POA;15663
24/11/2021;REC;14224
24/11/2021;SSA;7179
24/11/2021;TECA;203061
24/11/2021;VIX;16316
25/11/2021;BHZ;23186
25/11/2021;BSB;6901
25/11/2021;CGB;6904
25/11/2021;CGR;2607
25/11/2021;FOR;7468
25/11/2021;RIO;37573
25/11/2021;MAO;3165
25/11/2021;POA;13861
25/11/2021;REC;13835
25/11/2021;SSA;8153
25/11/2021;TECA;208395
25/11/2021;VIX;15095
26/11/2021;BHZ;27411
26/11/2021;BSB;6843
26/11/2021;CGB;5367
26/11/2021;CGR;2514
26/11/2021;FOR;6804
26/11/2021;RIO;41538
26/11/2021;MAO;1829
26/11/2021;POA;17422
26/11/2021;REC;11163
26/11/2021;SSA;11253
26/11/2021;TECA;199123
26/11/2021;VIX;16520
27/11/2021;BHZ;18461
27/11/2021;BSB;5724
27/11/2021;CGB;5477
27/11/2021;CGR;2763
27/11/2021;FOR;8776
27/11/2021;RIO;39526
27/11/2021;MAO;432
27/11/2021;POA;15762
27/11/2021;REC;13600
27/11/2021;SSA;4698
27/11/2021;TECA;189995
27/11/2021;VIX;20376
28/11/2021;BHZ;12338
28/11/2021;BSB;2044
28/11/2021;CGB;3377
28/11/2021;CGR;377
28/11/2021;FOR;2679
28/11/2021;RIO;23564
28/11/2021;MAO;54
28/11/2021;POA;13675
28/11/2021;REC;13570
28/11/2021;SSA;5731
28/11/2021;TECA;96900
28/11/2021;VIX;20646
29/11/2021;BHZ;22492
29/11/2021;BSB;5453
29/11/2021;CGB;4393
29/11/2021;CGR;2775
29/11/2021;FOR;6486
29/11/2021;RIO;32702
29/11/2021;MAO;1290
29/11/2021;POA;17628
29/11/2021;REC;13058
29/11/2021;SSA;11347
29/11/2021;TECA;151772
29/11/2021;VIX;14199
30/11/2021;BSB;1
30/11/2021;SSA;1
30/11/2021;TECA;3
01/12/2021;BHZ;25910
01/12/2021;BSB;6481
01/12/2021;CGB;3645
01/12/2021;CGR;4622
01/12/2021;FOR;9473
01/12/2021;RIO;41394
01/12/2021;MAO;1162
01/12/2021;POA;25145
01/12/2021;REC;21219
01/12/2021;SSA;8375
01/12/2021;TECA;210428
01/12/2021;VIX;21947
02/12/2021;BHZ;28952
02/12/2021;BSB;5862
02/12/2021;CGB;7378
02/12/2021;CGR;3554
02/12/2021;FOR;6578
02/12/2021;RIO;45166
02/12/2021;MAO;2984
02/12/2021;POA;21875
02/12/2021;REC;17308
02/12/2021;SSA;10236
02/12/2021;TECA;217511
02/12/2021;VIX;18984
03/12/2021;BHZ;22414
03/12/2021;BSB;10997
03/12/2021;CGB;4285
03/12/2021;CGR;2678
03/12/2021;FOR;10650
03/12/2021;RIO;43528
03/12/2021;MAO;1812
03/12/2021;POA;21434
03/12/2021;REC;14843
03/12/2021;SSA;11225
03/12/2021;TECA;219304
03/12/2021;VIX;22575
04/12/2021;BHZ;25884
04/12/2021;BSB;9266
04/12/2021;CGB;3903
04/12/2021;CGR;2325
04/12/2021;FOR;5074
04/12/2021;RIO;37689
04/12/2021;MAO;434
04/12/2021;POA;13083
04/12/2021;REC;13697
04/12/2021;SSA;5719
04/12/2021;TECA;168162
04/12/2021;VIX;15446
05/12/2021;BHZ;12976
05/12/2021;BSB;5742
05/12/2021;CGB;1905
05/12/2021;CGR;197
05/12/2021;FOR;5916
05/12/2021;RIO;22926
05/12/2021;MAO;254
05/12/2021;POA;13123
05/12/2021;REC;12146
05/12/2021;SSA;10073
05/12/2021;TECA;94082
05/12/2021;VIX;7039
06/12/2021;BHZ;23789
06/12/2021;BSB;7506
06/12/2021;CGB;6159
06/12/2021;CGR;1976
06/12/2021;FOR;6985
06/12/2021;RIO;36128
06/12/2021;MAO;1605
06/12/2021;POA;9848
06/12/2021;REC;14862
06/12/2021;SSA;11042
06/12/2021;TECA;124294
06/12/2021;VIX;9295
07/12/2021;BHZ;20682
07/12/2021;BSB;6300
07/12/2021;CGB;4595
07/12/2021;CGR;2464
07/12/2021;FOR;8093
07/12/2021;RIO;31842
07/12/2021;MAO;681
07/12/2021;POA;19336
07/12/2021;REC;15294
07/12/2021;SSA;7394
07/12/2021;TECA;184266
07/12/2021;VIX;11777
08/12/2021;BHZ;23944
08/12/2021;BSB;6526
08/12/2021;CGB;508
08/12/2021;CGR;4366
08/12/2021;FOR;7115
08/12/2021;RIO;30837
08/12/2021;MAO;2763
08/12/2021;POA;19186
08/12/2021;REC;16354
08/12/2021;SSA;11519
08/12/2021;TECA;190146
08/12/2021;VIX;15993
09/12/2021;BHZ;19626
09/12/2021;BSB;7995
09/12/2021;CGB;4097
09/12/2021;CGR;2418
09/12/2021;FOR;5371
09/12/2021;RIO;42058
09/12/2021;MAO;3011
09/12/2021;POA;18035
09/12/2021;REC;17341
09/12/2021;SSA;8393
09/12/2021;TECA;178083
09/12/2021;VIX;16247
10/12/2021;BHZ;25454
10/12/2021;BSB;7283
10/12/2021;CGB;2630
10/12/2021;CGR;3547
10/12/2021;FOR;7256
10/12/2021;RIO;35285
10/12/2021;MAO;2133
10/12/2021;POA;17015
10/12/2021;REC;14429
10/12/2021;SSA;7967
10/12/2021;TECA;167220
10/12/2021;VIX;12551
11/12/2021;BHZ;21368
11/12/2021;BSB;3971
11/12/2021;CGB;5093
11/12/2021;CGR;650
11/12/2021;FOR;2938
11/12/2021;RIO;31068
11/12/2021;MAO;1194
11/12/2021;POA;12310
11/12/2021;REC;13943
11/12/2021;SSA;12740
11/12/2021;TECA;170372
11/12/2021;VIX;14906
12/12/2021;BHZ;7314
12/12/2021;BSB;911
12/12/2021;CGB;2805
12/12/2021;CGR;1573
12/12/2021;FOR;3648
12/12/2021;RIO;18408
12/12/2021;POA;9562
12/12/2021;REC;14231
12/12/2021;SSA;4379
12/12/2021;TECA;88218
12/12/2021;VIX;6650
13/12/2021;BHZ;17207
13/12/2021;BSB;4880
13/12/2021;CGB;8992
13/12/2021;CGR;3053
13/12/2021;FOR;6836
13/12/2021;RIO;14405
13/12/2021;MAO;1377
13/12/2021;POA;15484
13/12/2021;REC;13820
13/12/2021;SSA;9008
13/12/2021;TECA;75968
13/12/2021;VIX;5725
14/12/2021;BHZ;18869
14/12/2021;BSB;7260
14/12/2021;CGB;637
14/12/2021;CGR;2936
14/12/2021;FOR;4878
14/12/2021;RIO;25404
14/12/2021;MAO;1451
14/12/2021;POA;11709
14/12/2021;REC;9121
14/12/2021;SSA;9339
14/12/2021;TECA;177762
14/12/2021;VIX;9635
15/12/2021;BHZ;23098
15/12/2021;BSB;9318
15/12/2021;CGB;3807
15/12/2021;CGR;3077
15/12/2021;FOR;6442
15/12/2021;RIO;34000
15/12/2021;MAO;2485
15/12/2021;POA;19487
15/12/2021;REC;9871
15/12/2021;SSA;7413
15/12/2021;TECA;192696
15/12/2021;VIX;14131
16/12/2021;BHZ;22631
16/12/2021;BSB;7594
16/12/2021;CGB;723
16/12/2021;CGR;3596
16/12/2021;FOR;2478
16/12/2021;RIO;42683
16/12/2021;MAO;2624
16/12/2021;POA;18899
16/12/2021;REC;11025
16/12/2021;SSA;8256
16/12/2021;TECA;197836
16/12/2021;VIX;15685
17/12/2021;BHZ;20386
17/12/2021;BSB;3960
17/12/2021;CGB;7857
17/12/2021;CGR;4031
17/12/2021;FOR;5250
17/12/2021;RIO;49844
17/12/2021;MAO;3108
17/12/2021;POA;18162
17/12/2021;REC;13696
17/12/2021;SSA;7671
17/12/2021;TECA;186524
17/12/2021;VIX;14454
18/12/2021;BHZ;16817
18/12/2021;BSB;9956
18/12/2021;CGB;2918
18/12/2021;CGR;965
18/12/2021;FOR;3267
18/12/2021;RIO;28902
18/12/2021;MAO;2447
18/12/2021;POA;12062
18/12/2021;REC;11572
18/12/2021;SSA;7891
18/12/2021;TECA;173762
18/12/2021;VIX;13496
19/12/2021;BHZ;5067
19/12/2021;BSB;2175
19/12/2021;CGB;3014
19/12/2021;CGR;1827
19/12/2021;FOR;2642
19/12/2021;RIO;20280
19/12/2021;MAO;235
19/12/2021;POA;7316
19/12/2021;REC;8757
19/12/2021;SSA;7027
19/12/2021;TECA;46245
19/12/2021;VIX;4640
20/12/2021;BHZ;14570
20/12/2021;BSB;10026
20/12/2021;CGB;4113
20/12/2021;CGR;3020
20/12/2021;FOR;4948
20/12/2021;RIO;14249
20/12/2021;MAO;1805
20/12/2021;POA;10196
20/12/2021;REC;10920
20/12/2021;SSA;7899
20/12/2021;TECA;78583
20/12/2021;VIX;7342
21/12/2021;BHZ;15056
21/12/2021;BSB;3553
21/12/2021;CGB;2086
21/12/2021;CGR;3198
21/12/2021;FOR;4557
21/12/2021;RIO;28813
21/12/2021;MAO;617
21/12/2021;POA;13898
21/12/2021;REC;14497
21/12/2021;SSA;5937
21/12/2021;TECA;181862
21/12/2021;VIX;9296
22/12/2021;BHZ;17846
22/12/2021;BSB;7245
22/12/2021;CGB;188
22/12/2021;CGR;869
22/12/2021;FOR;4961
22/12/2021;RIO;34830
22/12/2021;MAO;3035
22/12/2021;POA;13663
22/12/2021;REC;8663
22/12/2021;SSA;7650
22/12/2021;TECA;185817
22/12/2021;VIX;14477
23/12/2021;BHZ;23050
23/12/2021;BSB;9255
23/12/2021;CGB;4350
23/12/2021;CGR;3761
23/12/2021;FOR;1776
23/12/2021;RIO;34310
23/12/2021;MAO;4888
23/12/2021;POA;14160
23/12/2021;REC;10421
23/12/2021;SSA;8115
23/12/2021;TECA;177054
23/12/2021;VIX;11635
24/12/2021;BHZ;14160
24/12/2021;BSB;6489
24/12/2021;CGB;2375
24/12/2021;CGR;1916
24/12/2021;FOR;3880
24/12/2021;RIO;21013
24/12/2021;MAO;2121
24/12/2021;POA;8628
24/12/2021;REC;14334
24/12/2021;SSA;8584
24/12/2021;TECA;86480
24/12/2021;VIX;9765
26/12/2021;CGB;2812
26/12/2021;CGR;854
26/12/2021;RIO;6025
26/12/2021;POA;6218
26/12/2021;REC;7139
26/12/2021;SSA;8192
26/12/2021;TECA;34863
26/12/2021;VIX;1908
27/12/2021;BHZ;12921
27/12/2021;BSB;7445
27/12/2021;CGB;4919
27/12/2021;CGR;1477
27/12/2021;FOR;5763
27/12/2021;RIO;20945
27/12/2021;MAO;355
27/12/2021;POA;8245
27/12/2021;REC;14120
27/12/2021;SSA;4801
27/12/2021;TECA;110608
27/12/2021;VIX;6602
28/12/2021;BHZ;12161
28/12/2021;BSB;6004
28/12/2021;CGB;575
28/12/2021;CGR;959
28/12/2021;FOR;5121
28/12/2021;RIO;27068
28/12/2021;MAO;1702
28/12/2021;POA;11443
28/12/2021;REC;10439
28/12/2021;SSA;3591
28/12/2021;TECA;140671
28/12/2021;VIX;9212
29/12/2021;BHZ;17387
29/12/2021;BSB;6070
29/12/2021;CGB;3556
29/12/2021;CGR;3399
29/12/2021;FOR;2502
29/12/2021;RIO;30727
29/12/2021;MAO;1489
29/12/2021;POA;12357
29/12/2021;REC;4750
29/12/2021;SSA;6829
29/12/2021;TECA;140914
29/12/2021;VIX;9919
30/12/2021;BHZ;14991
30/12/2021;BSB;5984
30/12/2021;CGB;3840
30/12/2021;CGR;1759
30/12/2021;FOR;2052
30/12/2021;RIO;30080
30/12/2021;MAO;3064
30/12/2021;POA;10992
30/12/2021;REC;10473
30/12/2021;SSA;9442
30/12/2021;TECA;133686
30/12/2021;VIX;9737
31/12/2021;RIO;1
31/12/2021;TECA;4
01/01/2022;REC;1088
02/01/2022;CGB;393
02/01/2022;RIO;2926
02/01/2022;POA;6187
02/01/2022;REC;10815
02/01/2022;SSA;6988
02/01/2022;TECA;20224
02/01/2022;VIX;2588
03/01/2022;BHZ;10776
03/01/2022;BSB;7105
03/01/2022;CGB;4734
03/01/2022;CGR;1171
03/01/2022;FOR;6139
03/01/2022;RIO;15421
03/01/2022;MAO;1887
03/01/2022;POA;3640
03/01/2022;REC;13742
03/01/2022;SSA;3377
03/01/2022;TECA;65204
03/01/2022;VIX;5851
04/01/2022;BHZ;10542
04/01/2022;BSB;2295
04/01/2022;CGB;2361
04/01/2022;CGR;1066
04/01/2022;FOR;2982
04/01/2022;RIO;23849
04/01/2022;MAO;111
04/01/2022;POA;12368
04/01/2022;REC;5374
04/01/2022;SSA;4839
04/01/2022;TECA;112875
04/01/2022;VIX;7845
05/01/2022;BHZ;19670
05/01/2022;BSB;4204
05/01/2022;CGB;286
05/01/2022;CGR;2487
05/01/2022;FOR;1368
05/01/2022;RIO;28505
05/01/2022;MAO;3194
05/01/2022;POA;9310
05/01/2022;REC;10651
05/01/2022;SSA;6703
05/01/2022;TECA;134773
05/01/2022;VIX;12017
06/01/2022;BHZ;17389
06/01/2022;BSB;9381
06/01/2022;CGB;4303
06/01/2022;CGR;4246
06/01/2022;FOR;1252
06/01/2022;RIO;27900
06/01/2022;MAO;2445
06/01/2022;POA;8333
06/01/2022;REC;8832
06/01/2022;SSA;9435
06/01/2022;TECA;144285
06/01/2022;VIX;9945
07/01/2022;BHZ;14035
07/01/2022;BSB;7673
07/01/2022;CGB;4719
07/01/2022;CGR;3040
07/01/2022;FOR;1872
07/01/2022;RIO;42534
07/01/2022;MAO;675
07/01/2022;POA;9645
07/01/2022;REC;12670
07/01/2022;SSA;5209
07/01/2022;TECA;133396
07/01/2022;VIX;12133
08/01/2022;BHZ;12049
08/01/2022;BSB;7289
08/01/2022;CGB;2159
08/01/2022;CGR;1975
08/01/2022;FOR;1977
08/01/2022;RIO;30672
08/01/2022;MAO;681
08/01/2022;POA;5334
08/01/2022;REC;10625
08/01/2022;SSA;8354
08/01/2022;TECA;109988
08/01/2022;VIX;10937
09/01/2022;RIO;7547
09/01/2022;POA;5888
09/01/2022;REC;1640
09/01/2022;SSA;2238
09/01/2022;TECA;24624
09/01/2022;VIX;218
10/01/2022;BHZ;10463
10/01/2022;BSB;6214
10/01/2022;CGB;4245
10/01/2022;CGR;3375
10/01/2022;FOR;4362
10/01/2022;RIO;19906
10/01/2022;MAO;1111
10/01/2022;POA;8235
10/01/2022;REC;13263
10/01/2022;SSA;10391
10/01/2022;TECA;72576
10/01/2022;VIX;8049
11/01/2022;BHZ;13254
11/01/2022;BSB;6441
11/01/2022;CGB;3959
11/01/2022;CGR;2672
11/01/2022;FOR;2852
11/01/2022;RIO;28114
11/01/2022;MAO;244
11/01/2022;POA;9927
11/01/2022;REC;16183
11/01/2022;SSA;6337
11/01/2022;TECA;130330
11/01/2022;VIX;10032
12/01/2022;BHZ;15783
12/01/2022;BSB;6648
12/01/2022;CGB;523
12/01/2022;CGR;831
12/01/2022;FOR;3756
12/01/2022;RIO;35146
12/01/2022;MAO;2450
12/01/2022;POA;11474
12/01/2022;REC;14935
12/01/2022;SSA;8019
12/01/2022;TECA;146531
12/01/2022;VIX;13726
13/01/2022;BHZ;16653
13/01/2022;BSB;7502
13/01/2022;CGB;3014
13/01/2022;CGR;3124
13/01/2022;FOR;1285
13/01/2022;RIO;33444
13/01/2022;MAO;2688
13/01/2022;POA;10212
13/01/2022;REC;11912
13/01/2022;SSA;6746
13/01/2022;TECA;148870
13/01/2022;VIX;13856
14/01/2022;BHZ;18374
14/01/2022;BSB;6832
14/01/2022;CGB;2821
14/01/2022;CGR;2854
14/01/2022;FOR;3039
14/01/2022;RIO;35577
14/01/2022;MAO;1173
14/01/2022;POA;10119
14/01/2022;REC;13841
14/01/2022;SSA;8731
14/01/2022;TECA;149051
14/01/2022;VIX;13978
15/01/2022;BHZ;16759
15/01/2022;BSB;6846
15/01/2022;CGB;2791
15/01/2022;CGR;1016
15/01/2022;FOR;594
15/01/2022;RIO;32368
15/01/2022;MAO;596
15/01/2022;POA;3164
15/01/2022;REC;10836
15/01/2022;SSA;8193
15/01/2022;TECA;138086
15/01/2022;VIX;11657
16/01/2022;BSB;1397
16/01/2022;CGB;1630
16/01/2022;FOR;1646
16/01/2022;RIO;15379
16/01/2022;POA;2811
16/01/2022;REC;3902
16/01/2022;SSA;4653
16/01/2022;TECA;27198
16/01/2022;VIX;1770
17/01/2022;BHZ;20802
17/01/2022;BSB;10028
17/01/2022;CGB;2272
17/01/2022;CGR;4199
17/01/2022;FOR;3677
17/01/2022;RIO;25348
17/01/2022;MAO;1791
17/01/2022;POA;11470
17/01/2022;REC;13160
17/01/2022;SSA;12143
17/01/2022;TECA;65266
17/01/2022;VIX;7576
18/01/2022;BHZ;15249
18/01/2022;BSB;4604
18/01/2022;CGB;4137
18/01/2022;CGR;3524
18/01/2022;FOR;4686
18/01/2022;RIO;30981
18/01/2022;MAO;774
18/01/2022;POA;13594
18/01/2022;REC;13056
18/01/2022;SSA;5294
18/01/2022;TECA;159170
18/01/2022;VIX;11958
19/01/2022;BHZ;17997
19/01/2022;BSB;7909
19/01/2022;CGB;3740
19/01/2022;CGR;2476
19/01/2022;FOR;4792
19/01/2022;RIO;30449
19/01/2022;MAO;2468
19/01/2022;POA;10376
19/01/2022;REC;12707
19/01/2022;SSA;8306
19/01/2022;TECA;137912
19/01/2022;VIX;12655
20/01/2022;BHZ;18312
20/01/2022;BSB;8692
20/01/2022;CGB;1723
20/01/2022;CGR;1531
20/01/2022;FOR;3123
20/01/2022;RIO;33563
20/01/2022;MAO;1713
20/01/2022;POA;10816
20/01/2022;REC;15889
20/01/2022;SSA;9388
20/01/2022;TECA;142735
20/01/2022;VIX;12744
21/01/2022;BHZ;18294
21/01/2022;BSB;7347
21/01/2022;CGB;4254
21/01/2022;CGR;2395
21/01/2022;FOR;2354
21/01/2022;RIO;29587
21/01/2022;MAO;2303
21/01/2022;POA;13467
21/01/2022;REC;11067
21/01/2022;SSA;7049
21/01/2022;TECA;134986
21/01/2022;VIX;10974
22/01/2022;BHZ;13494
22/01/2022;BSB;8165
22/01/2022;CGB;3133
22/01/2022;CGR;3263
22/01/2022;FOR;2390
22/01/2022;RIO;27670
22/01/2022;MAO;1498
22/01/2022;POA;8774
22/01/2022;REC;11102
22/01/2022;SSA;9142
22/01/2022;TECA;103579
22/01/2022;VIX;11440
23/01/2022;CGB;2390
23/01/2022;FOR;2064
23/01/2022;RIO;335
23/01/2022;POA;1092
23/01/2022;REC;1735
23/01/2022;SSA;23
23/01/2022;TECA;17985
23/01/2022;VIX;815
24/01/2022;BHZ;12947
24/01/2022;BSB;6345
24/01/2022;CGB;3551
24/01/2022;CGR;2561
24/01/2022;FOR;4923
24/01/2022;RIO;19673
24/01/2022;MAO;774
24/01/2022;POA;11063
24/01/2022;REC;18762
24/01/2022;SSA;8610
24/01/2022;TECA;57510
24/01/2022;VIX;7267
25/01/2022;BHZ;11656
25/01/2022;BSB;5522
25/01/2022;CGB;3995
25/01/2022;CGR;3350
25/01/2022;FOR;1571
25/01/2022;RIO;28847
25/01/2022;MAO;1032
25/01/2022;POA;8420
25/01/2022;REC;15664
25/01/2022;SSA;7471
25/01/2022;TECA;99074
25/01/2022;VIX;8459
26/01/2022;BHZ;18187
26/01/2022;BSB;6085
26/01/2022;CGB;400
26/01/2022;CGR;1239
26/01/2022;FOR;3713
26/01/2022;RIO;34543
26/01/2022;MAO;2315
26/01/2022;POA;7542
26/01/2022;REC;12512
26/01/2022;SSA;5033
26/01/2022;TECA;128819
26/01/2022;VIX;11466
27/01/2022;BHZ;16640
27/01/2022;BSB;6266
27/01/2022;CGB;1487
27/01/2022;CGR;1402
27/01/2022;FOR;2175
27/01/2022;RIO;31388
27/01/2022;MAO;2543
27/01/2022;POA;9687
27/01/2022;REC;13834
27/01/2022;SSA;9798
27/01/2022;TECA;156155
27/01/2022;VIX;13433
28/01/2022;BHZ;18314
28/01/2022;BSB;7312
28/01/2022;CGB;5975
28/01/2022;CGR;2543
28/01/2022;FOR;4671
28/01/2022;RIO;35974
28/01/2022;MAO;2286
28/01/2022;POA;10758
28/01/2022;REC;11852
28/01/2022;SSA;8693
28/01/2022;TECA;130195
28/01/2022;VIX;13090
29/01/2022;BHZ;16289
29/01/2022;BSB;6611
29/01/2022;CGB;3236
29/01/2022;CGR;2715
29/01/2022;FOR;2189
29/01/2022;RIO;31089
29/01/2022;MAO;96
29/01/2022;POA;9686
29/01/2022;REC;14133
29/01/2022;SSA;5733
29/01/2022;TECA;119470
29/01/2022;VIX;10422
30/01/2022;CGB;315
30/01/2022;FOR;2790
30/01/2022;RIO;13082
30/01/2022;POA;3
30/01/2022;REC;6360
30/01/2022;SSA;1668
30/01/2022;TECA;28224
30/01/2022;VIX;1601
31/01/2022;BHZ;17655
31/01/2022;BSB;10200
31/01/2022;CGB;8775
31/01/2022;CGR;4246
31/01/2022;FOR;4389
31/01/2022;RIO;16312
31/01/2022;MAO;1069
31/01/2022;POA;12767
31/01/2022;REC;13932
31/01/2022;SSA;10857
31/01/2022;TECA;72713
31/01/2022;VIX;4813
01/02/2022;BHZ;14987
01/02/2022;BSB;3347
01/02/2022;CGB;392
01/02/2022;CGR;1577
01/02/2022;FOR;5293
01/02/2022;RIO;31301
01/02/2022;MAO;190
01/02/2022;POA;9676
01/02/2022;REC;13952
01/02/2022;SSA;6301
01/02/2022;TECA;143854
01/02/2022;VIX;12513
02/02/2022;BHZ;15188
02/02/2022;BSB;7169
02/02/2022;CGB;2109
02/02/2022;CGR;1768
02/02/2022;FOR;3520
02/02/2022;RIO;38068
02/02/2022;MAO;1592
02/02/2022;POA;13315
02/02/2022;REC;15726
02/02/2022;SSA;5173
02/02/2022;TECA;156323
02/02/2022;VIX;12655
03/02/2022;BHZ;18199
03/02/2022;BSB;5814
03/02/2022;CGB;2833
03/02/2022;CGR;1402
03/02/2022;FOR;3840
03/02/2022;RIO;38767
03/02/2022;MAO;2818
03/02/2022;POA;14820
03/02/2022;REC;19247
03/02/2022;SSA;8541
03/02/2022;TECA;144164
03/02/2022;VIX;12438
04/02/2022;BHZ;18065
04/02/2022;BSB;7793
04/02/2022;CGB;5330
04/02/2022;CGR;3119
04/02/2022;FOR;3461
04/02/2022;RIO;32849
04/02/2022;MAO;3702
04/02/2022;POA;11164
04/02/2022;REC;18307
04/02/2022;SSA;9035
04/02/2022;TECA;162418
04/02/2022;VIX;11341
05/02/2022;BHZ;14609
05/02/2022;BSB;8495
05/02/2022;CGB;1619
05/02/2022;CGR;985
05/02/2022;FOR;3124
05/02/2022;RIO;31361
05/02/2022;MAO;458
05/02/2022;POA;11504
05/02/2022;REC;15115
05/02/2022;SSA;8876
05/02/2022;TECA;130731
05/02/2022;VIX;9875
06/02/2022;CGB;1041
06/02/2022;FOR;2094
06/02/2022;RIO;6589
06/02/2022;POA;855
06/02/2022;REC;7958
06/02/2022;SSA;4565
06/02/2022;TECA;33050
06/02/2022;VIX;1073
07/02/2022;BHZ;16875
07/02/2022;BSB;7306
07/02/2022;CGB;8049
07/02/2022;CGR;3329
07/02/2022;FOR;4470
07/02/2022;RIO;21328
07/02/2022;MAO;2595
07/02/2022;POA;10345
07/02/2022;REC;15211
07/02/2022;SSA;9739
07/02/2022;TECA;92319
07/02/2022;VIX;8590
08/02/2022;BHZ;15854
08/02/2022;BSB;7313
08/02/2022;CGB;671
08/02/2022;CGR;3480
08/02/2022;FOR;2906
08/02/2022;RIO;36240
08/02/2022;MAO;1412
08/02/2022;POA;14239
08/02/2022;REC;17889
08/02/2022;SSA;4429
08/02/2022;TECA;159035
08/02/2022;VIX;11619
09/02/2022;BHZ;17537
09/02/2022;BSB;7470
09/02/2022;CGB;349
09/02/2022;CGR;1715
09/02/2022;FOR;5397
09/02/2022;RIO;38144
09/02/2022;MAO;750
09/02/2022;POA;12315
09/02/2022;REC;17012
09/02/2022;SSA;6460
09/02/2022;TECA;157863
09/02/2022;VIX;12267
10/02/2022;BHZ;21078
10/02/2022;BSB;8880
10/02/2022;CGB;4752
10/02/2022;CGR;2048
10/02/2022;FOR;2358
10/02/2022;RIO;40631
10/02/2022;MAO;1658
10/02/2022;POA;13173
10/02/2022;REC;16443
10/02/2022;SSA;7194
10/02/2022;TECA;180388
10/02/2022;VIX;14714
11/02/2022;BHZ;21332
11/02/2022;BSB;6958
11/02/2022;CGB;4833
11/02/2022;CGR;3591
11/02/2022;FOR;2518
11/02/2022;RIO;40128
11/02/2022;MAO;1464
11/02/2022;POA;13215
11/02/2022;REC;16867
11/02/2022;SSA;10768
11/02/2022;TECA;190680
11/02/2022;VIX;12198
12/02/2022;BHZ;16577
12/02/2022;BSB;7031
12/02/2022;CGB;594
12/02/2022;CGR;760
12/02/2022;FOR;621
12/02/2022;RIO;35704
12/02/2022;MAO;1071
12/02/2022;POA;12171
12/02/2022;REC;14249
12/02/2022;SSA;9643
12/02/2022;TECA;165148
12/02/2022;VIX;11003
13/02/2022;CGB;1763
13/02/2022;FOR;4068
13/02/2022;RIO;7241
13/02/2022;POA;6694
13/02/2022;REC;5883
13/02/2022;SSA;6773
13/02/2022;TECA;74815
13/02/2022;VIX;706
14/02/2022;BHZ;21987
14/02/2022;BSB;9352
14/02/2022;CGB;6617
14/02/2022;CGR;2380
14/02/2022;FOR;4121
14/02/2022;RIO;33622
14/02/2022;MAO;1471
14/02/2022;POA;11679
14/02/2022;REC;12886
14/02/2022;SSA;6750
14/02/2022;TECA;122792
14/02/2022;VIX;8666
15/02/2022;BHZ;21933
15/02/2022;BSB;12845
15/02/2022;CGB;5003
15/02/2022;CGR;3569
15/02/2022;FOR;4703
15/02/2022;RIO;41949
15/02/2022;MAO;775
15/02/2022;POA;11385
15/02/2022;REC;16874
15/02/2022;SSA;8902
15/02/2022;TECA;190169
15/02/2022;VIX;11906
16/02/2022;BHZ;20339
16/02/2022;BSB;10512
16/02/2022;CGB;343
16/02/2022;CGR;3843
16/02/2022;FOR;2856
16/02/2022;RIO;42130
16/02/2022;MAO;714
16/02/2022;POA;15482
16/02/2022;REC;16646
16/02/2022;SSA;6837
16/02/2022;TECA;199598
16/02/2022;VIX;15801
17/02/2022;BHZ;24207
17/02/2022;BSB;7445
17/02/2022;CGB;5900
17/02/2022;CGR;786
17/02/2022;FOR;3384
17/02/2022;RIO;42628
17/02/2022;MAO;2857
17/02/2022;POA;14869
17/02/2022;REC;17064
17/02/2022;SSA;6708
17/02/2022;TECA;217240
17/02/2022;VIX;15624
18/02/2022;BHZ;20932
18/02/2022;BSB;9092
18/02/2022;CGB;6737
18/02/2022;CGR;2354
18/02/2022;FOR;5086
18/02/2022;RIO;40167
18/02/2022;MAO;4733
18/02/2022;POA;16415
18/02/2022;REC;17559
18/02/2022;SSA;9314
18/02/2022;TECA;216991
18/02/2022;VIX;12593
19/02/2022;BHZ;24838
19/02/2022;BSB;7598
19/02/2022;CGB;421
19/02/2022;CGR;2851
19/02/2022;FOR;2669
19/02/2022;RIO;37935
19/02/2022;MAO;3131
19/02/2022;POA;14565
19/02/2022;REC;16755
19/02/2022;SSA;11197
19/02/2022;TECA;182865
19/02/2022;VIX;12524
20/02/2022;BSB;3707
20/02/2022;CGB;3724
20/02/2022;FOR;2096
20/02/2022;RIO;12560
20/02/2022;POA;8203
20/02/2022;REC;11767
20/02/2022;SSA;8054
20/02/2022;TECA;47287
20/02/2022;VIX;1630
21/02/2022;BHZ;33310
21/02/2022;BSB;9056
21/02/2022;CGB;3938
21/02/2022;CGR;2247
21/02/2022;FOR;2928
21/02/2022;RIO;32259
21/02/2022;MAO;2659
21/02/2022;POA;4633
21/02/2022;REC;18922
21/02/2022;SSA;8140
21/02/2022;TECA;66749
21/02/2022;VIX;7256
22/02/2022;BHZ;29900
22/02/2022;BSB;6578
22/02/2022;CGB;6411
22/02/2022;CGR;4307
22/02/2022;FOR;5882
22/02/2022;RIO;28614
22/02/2022;MAO;1001
22/02/2022;POA;13665
22/02/2022;REC;17460
22/02/2022;SSA;8614
22/02/2022;TECA;177076
22/02/2022;VIX;13099
23/02/2022;BHZ;24117
23/02/2022;BSB;7587
23/02/2022;CGB;2762
23/02/2022;CGR;2343
23/02/2022;FOR;5030
23/02/2022;RIO;40641
23/02/2022;MAO;1114
23/02/2022;POA;12443
23/02/2022;REC;17392
23/02/2022;SSA;4853
23/02/2022;TECA;202158
23/02/2022;VIX;11407
24/02/2022;BHZ;24122
24/02/2022;BSB;7711
24/02/2022;CGB;4795
24/02/2022;CGR;2237
24/02/2022;FOR;5094
24/02/2022;RIO;41528
24/02/2022;MAO;2686
24/02/2022;POA;12477
24/02/2022;REC;19465
24/02/2022;SSA;9167
24/02/2022;TECA;179354
24/02/2022;VIX;11903
25/02/2022;BHZ;21442
25/02/2022;BSB;7840
25/02/2022;CGB;4187
25/02/2022;CGR;4070
25/02/2022;FOR;4813
25/02/2022;RIO;34680
25/02/2022;MAO;3079
25/02/2022;POA;10322
25/02/2022;REC;19047
25/02/2022;SSA;9237
25/02/2022;TECA;166394
25/02/2022;VIX;10355
26/02/2022;BHZ;16758
26/02/2022;BSB;5874
26/02/2022;CGB;4083
26/02/2022;CGR;1381
26/02/2022;FOR;2686
26/02/2022;RIO;35064
26/02/2022;MAO;1574
26/02/2022;POA;9935
26/02/2022;REC;13368
26/02/2022;SSA;8466
26/02/2022;TECA;128781
26/02/2022;VIX;11093
27/02/2022;BSB;956
27/02/2022;CGB;2102
27/02/2022;CGR;1677
27/02/2022;FOR;1365
27/02/2022;RIO;4052
27/02/2022;POA;4388
27/02/2022;REC;6782
27/02/2022;SSA;3155
27/02/2022;TECA;25610
27/02/2022;VIX;282
28/02/2022;BHZ;18757
28/02/2022;BSB;8249
28/02/2022;CGB;6818
28/02/2022;CGR;2720
28/02/2022;FOR;5413
28/02/2022;RIO;13714
28/02/2022;MAO;4142
28/02/2022;POA;8113
28/02/2022;REC;15114
28/02/2022;SSA;8440
28/02/2022;TECA;53703
28/02/2022;VIX;7400
01/03/2022;BHZ;3795
01/03/2022;CGB;126
01/03/2022;FOR;4865
01/03/2022;POA;2800
01/03/2022;REC;16984
01/03/2022;SSA;5259
01/03/2022;TECA;79668
01/03/2022;VIX;7320
02/03/2022;BHZ;11991
02/03/2022;BSB;3828
02/03/2022;CGB;281
02/03/2022;CGR;2605
02/03/2022;FOR;3136
02/03/2022;RIO;27281
02/03/2022;MAO;1725
02/03/2022;POA;7342
02/03/2022;REC;10289
02/03/2022;SSA;6107
02/03/2022;TECA;69147
02/03/2022;VIX;4352
03/03/2022;BHZ;9972
03/03/2022;BSB;4711
03/03/2022;CGB;4075
03/03/2022;CGR;2927
03/03/2022;FOR;3434
03/03/2022;RIO;25302
03/03/2022;MAO;1836
03/03/2022;POA;10408
03/03/2022;REC;8942
03/03/2022;SSA;8258
03/03/2022;TECA;184797
03/03/2022;VIX;8985
04/03/2022;BHZ;22578
04/03/2022;BSB;6662
04/03/2022;CGB;4534
04/03/2022;CGR;3266
04/03/2022;FOR;4501
04/03/2022;RIO;39000
04/03/2022;MAO;2596
04/03/2022;POA;9687
04/03/2022;REC;9541
04/03/2022;SSA;3864
04/03/2022;TECA;190657
04/03/2022;VIX;11586
05/03/2022;BHZ;22535
05/03/2022;BSB;7902
05/03/2022;CGB;2149
05/03/2022;CGR;1369
05/03/2022;FOR;2234
05/03/2022;RIO;32406
05/03/2022;MAO;3173
05/03/2022;POA;8092
05/03/2022;REC;10959
05/03/2022;SSA;13035
05/03/2022;TECA;149765
05/03/2022;VIX;10140
06/03/2022;BSB;981
06/03/2022;CGB;2914
06/03/2022;FOR;1494
06/03/2022;RIO;10595
06/03/2022;POA;2142
06/03/2022;REC;7790
06/03/2022;TECA;22508
06/03/2022;VIX;1169
07/03/2022;BHZ;20517
07/03/2022;BSB;9379
07/03/2022;CGB;6327
07/03/2022;CGR;3356
07/03/2022;FOR;4713
07/03/2022;RIO;29701
07/03/2022;MAO;2491
07/03/2022;POA;10526
07/03/2022;REC;16760
07/03/2022;SSA;9461
07/03/2022;TECA;72702
07/03/2022;VIX;8250
08/03/2022;BHZ;12860
08/03/2022;BSB;3976
08/03/2022;CGB;1897
08/03/2022;CGR;3368
08/03/2022;FOR;5293
08/03/2022;RIO;30498
08/03/2022;MAO;2242
08/03/2022;POA;17000
08/03/2022;REC;16168
08/03/2022;SSA;7058
08/03/2022;TECA;171089
08/03/2022;VIX;11627
09/03/2022;BHZ;22208
09/03/2022;BSB;6548
09/03/2022;CGB;4048
09/03/2022;CGR;2785
09/03/2022;FOR;3060
09/03/2022;RIO;37531
09/03/2022;MAO;3493
09/03/2022;POA;11608
09/03/2022;REC;15848
09/03/2022;SSA;4728
09/03/2022;TECA;181572
09/03/2022;VIX;17432
10/03/2022;BHZ;23334
10/03/2022;BSB;8097
10/03/2022;CGB;2352
10/03/2022;CGR;2878
10/03/2022;FOR;5234
10/03/2022;RIO;47091
10/03/2022;MAO;1385
10/03/2022;POA;12147
10/03/2022;REC;14414
10/03/2022;SSA;7859
10/03/2022;TECA;168815
10/03/2022;VIX;14694
11/03/2022;BHZ;20053
11/03/2022;BSB;8944
11/03/2022;CGB;6686
11/03/2022;CGR;4333
11/03/2022;FOR;4460
11/03/2022;RIO;31868
11/03/2022;MAO;2386
11/03/2022;POA;15345
11/03/2022;REC;17490
11/03/2022;SSA;12910
11/03/2022;TECA;195711
11/03/2022;VIX;15993
12/03/2022;BHZ;19528
12/03/2022;BSB;7467
12/03/2022;CGB;3576
12/03/2022;CGR;3165
12/03/2022;FOR;6203
12/03/2022;RIO;40200
12/03/2022;MAO;1999
12/03/2022;POA;7229
12/03/2022;REC;14634
12/03/2022;SSA;7344
12/03/2022;TECA;163655
12/03/2022;VIX;11621
13/03/2022;BSB;5383
13/03/2022;FOR;2058
13/03/2022;RIO;7239
13/03/2022;POA;4477
13/03/2022;REC;8378
13/03/2022;SSA;4729
13/03/2022;TECA;44636
13/03/2022;VIX;822
14/03/2022;BHZ;22805
14/03/2022;BSB;8224
14/03/2022;CGB;7779
14/03/2022;CGR;3407
14/03/2022;FOR;5471
14/03/2022;RIO;33544
14/03/2022;MAO;1926
14/03/2022;POA;15467
14/03/2022;REC;15963
14/03/2022;SSA;9829
14/03/2022;TECA;77526
14/03/2022;VIX;8730
15/03/2022;BHZ;14420
15/03/2022;BSB;2625
15/03/2022;CGB;5895
15/03/2022;CGR;4124
15/03/2022;FOR;7426
15/03/2022;RIO;29082
15/03/2022;MAO;2670
15/03/2022;POA;11663
15/03/2022;REC;12206
15/03/2022;SSA;4975
15/03/2022;TECA;179718
15/03/2022;VIX;11123
16/03/2022;BHZ;23315
16/03/2022;BSB;5443
16/03/2022;CGB;1095
16/03/2022;CGR;1251
16/03/2022;FOR;3807
16/03/2022;RIO;43986
16/03/2022;MAO;895
16/03/2022;POA;13792
16/03/2022;REC;16384
16/03/2022;SSA;14298
16/03/2022;TECA;198146
16/03/2022;VIX;16032
17/03/2022;BHZ;25111
17/03/2022;BSB;8170
17/03/2022;CGB;6477
17/03/2022;CGR;3754
17/03/2022;FOR;4747
17/03/2022;RIO;43614
17/03/2022;MAO;2103
17/03/2022;POA;13442
17/03/2022;REC;14934
17/03/2022;SSA;9241
17/03/2022;TECA;195160
17/03/2022;VIX;15672
18/03/2022;BHZ;24068
18/03/2022;BSB;9447
18/03/2022;CGB;5055
18/03/2022;CGR;648
18/03/2022;FOR;3627
18/03/2022;RIO;41323
18/03/2022;MAO;1952
18/03/2022;POA;16203
18/03/2022;REC;14622
18/03/2022;SSA;11267
18/03/2022;TECA;168812
18/03/2022;VIX;14970
19/03/2022;BHZ;18693
19/03/2022;BSB;7300
19/03/2022;CGB;2907
19/03/2022;CGR;1603
19/03/2022;FOR;1783
19/03/2022;RIO;38453
19/03/2022;MAO;4207
19/03/2022;POA;10065
19/03/2022;REC;14245
19/03/2022;SSA;6381
19/03/2022;TECA;176978
19/03/2022;VIX;11555
20/03/2022;BSB;1842
20/03/2022;CGB;1542
20/03/2022;FOR;1767
20/03/2022;RIO;17618
20/03/2022;POA;6697
20/03/2022;REC;9214
20/03/2022;SSA;6014
20/03/2022;TECA;47930
20/03/2022;VIX;3823
21/03/2022;BHZ;20513
21/03/2022;BSB;7965
21/03/2022;CGB;6303
21/03/2022;CGR;2658
21/03/2022;FOR;4428
21/03/2022;RIO;25358
21/03/2022;MAO;3700
21/03/2022;POA;9480
21/03/2022;REC;17526
21/03/2022;SSA;11646
21/03/2022;TECA;122078
21/03/2022;VIX;8868
22/03/2022;BHZ;22640
22/03/2022;BSB;7216
22/03/2022;CGB;5983
22/03/2022;CGR;4893
22/03/2022;FOR;3163
22/03/2022;RIO;34787
22/03/2022;MAO;922
22/03/2022;POA;13622
22/03/2022;REC;16199
22/03/2022;SSA;4155
22/03/2022;TECA;173571
22/03/2022;VIX;12642
23/03/2022;BHZ;20950
23/03/2022;BSB;10261
23/03/2022;CGB;2111
23/03/2022;CGR;2589
23/03/2022;FOR;3320
23/03/2022;RIO;44251
23/03/2022;MAO;727
23/03/2022;POA;13908
23/03/2022;REC;15468
23/03/2022;SSA;9266
23/03/2022;TECA;181936
23/03/2022;VIX;11953
24/03/2022;BHZ;21207
24/03/2022;BSB;6182
24/03/2022;CGB;5357
24/03/2022;CGR;3393
24/03/2022;FOR;2717
24/03/2022;RIO;42853
24/03/2022;MAO;4186
24/03/2022;POA;12344
24/03/2022;REC;15833
24/03/2022;SSA;4112
24/03/2022;TECA;162797
24/03/2022;VIX;14424
25/03/2022;BHZ;24022
25/03/2022;BSB;10662
25/03/2022;CGB;3695
25/03/2022;CGR;1623
25/03/2022;FOR;3071
25/03/2022;RIO;37182
25/03/2022;MAO;3015
25/03/2022;POA;14144
25/03/2022;REC;10814
25/03/2022;SSA;8383
25/03/2022;TECA;158853
25/03/2022;VIX;12855
26/03/2022;BHZ;15883
26/03/2022;BSB;3686
26/03/2022;CGB;1175
26/03/2022;CGR;610
26/03/2022;FOR;1515
26/03/2022;RIO;27267
26/03/2022;MAO;2203
26/03/2022;POA;7726
26/03/2022;REC;14541
26/03/2022;SSA;14201
26/03/2022;TECA;123002
26/03/2022;VIX;9447
27/03/2022;BSB;2548
27/03/2022;CGB;1616
27/03/2022;FOR;1286
27/03/2022;RIO;9824
27/03/2022;POA;4890
27/03/2022;REC;9224
27/03/2022;SSA;9183
27/03/2022;TECA;17147
27/03/2022;VIX;755
28/03/2022;BHZ;16087
28/03/2022;BSB;4837
28/03/2022;CGB;8485
28/03/2022;CGR;3306
28/03/2022;FOR;2097
28/03/2022;RIO;13640
28/03/2022;MAO;1873
28/03/2022;POA;7989
28/03/2022;REC;12703
28/03/2022;SSA;7311
28/03/2022;TECA;62741
28/03/2022;VIX;8904
29/03/2022;BHZ;11981
29/03/2022;BSB;3671
29/03/2022;CGB;4081
29/03/2022;CGR;3468
29/03/2022;FOR;2179
29/03/2022;RIO;32632
29/03/2022;MAO;399
29/03/2022;POA;9327
29/03/2022;REC;7560
29/03/2022;SSA;1925
29/03/2022;TECA;158367
29/03/2022;VIX;9746
30/03/2022;BHZ;21371
30/03/2022;BSB;5880
30/03/2022;CGB;187
30/03/2022;CGR;284
30/03/2022;FOR;2340
30/03/2022;RIO;33281
30/03/2022;MAO;1209
30/03/2022;POA;13994
30/03/2022;REC;8747
30/03/2022;SSA;4583
30/03/2022;TECA;154771
30/03/2022;VIX;13319
31/03/2022;BHZ;18146
31/03/2022;BSB;6771
31/03/2022;CGB;4270
31/03/2022;CGR;2083
31/03/2022;FOR;1279
31/03/2022;RIO;35832
31/03/2022;MAO;2904
31/03/2022;POA;13652
31/03/2022;REC;10637
31/03/2022;SSA;2813
31/03/2022;TECA;170859
31/03/2022;VIX;11015
01/04/2022;BHZ;21762
01/04/2022;BSB;7320
01/04/2022;CGB;5840
01/04/2022;CGR;4561
01/04/2022;FOR;1966
01/04/2022;RIO;29736
01/04/2022;MAO;4393
01/04/2022;POA;14755
01/04/2022;REC;11118
01/04/2022;SSA;8192
01/04/2022;TECA;151912
01/04/2022;VIX;9961
02/04/2022;BHZ;19311
02/04/2022;BSB;5996
02/04/2022;CGB;1229
02/04/2022;CGR;566
02/04/2022;FOR;1015
02/04/2022;RIO;30267
02/04/2022;MAO;3011
02/04/2022;POA;5357
02/04/2022;REC;11492
02/04/2022;SSA;7148
02/04/2022;TECA;131409
02/04/2022;VIX;8976
03/04/2022;BSB;1849
03/04/2022;FOR;1455
03/04/2022;RIO;10004
03/04/2022;POA;3777
03/04/2022;REC;9396
03/04/2022;SSA;9224
03/04/2022;TECA;22352
03/04/2022;VIX;1281
04/04/2022;BHZ;16147
04/04/2022;BSB;6116
04/04/2022;CGB;8016
04/04/2022;CGR;2749
04/04/2022;FOR;3282
04/04/2022;RIO;17193
04/04/2022;MAO;1229
04/04/2022;POA;10377
04/04/2022;REC;10534
04/04/2022;SSA;5518
04/04/2022;TECA;70375
04/04/2022;VIX;7387
05/04/2022;BHZ;11777
05/04/2022;BSB;4153
05/04/2022;CGB;4605
05/04/2022;CGR;2282
05/04/2022;FOR;918
05/04/2022;RIO;30289
05/04/2022;MAO;815
05/04/2022;POA;12030
05/04/2022;REC;8906
05/04/2022;SSA;2098
05/04/2022;TECA;177657
05/04/2022;VIX;8098
06/04/2022;BHZ;25391
06/04/2022;BSB;5758
06/04/2022;CGB;151
06/04/2022;CGR;2484
06/04/2022;FOR;1550
06/04/2022;RIO;40363
06/04/2022;MAO;392
06/04/2022;POA;13855
06/04/2022;REC;6335
06/04/2022;SSA;6939
06/04/2022;TECA;191308
06/04/2022;VIX;11760
07/04/2022;BHZ;21545
07/04/2022;BSB;7758
07/04/2022;CGB;4898
07/04/2022;CGR;2090
07/04/2022;FOR;1473
07/04/2022;RIO;44454
07/04/2022;MAO;3817
07/04/2022;POA;12150
07/04/2022;REC;10098
07/04/2022;SSA;2649
07/04/2022;TECA;177070
07/04/2022;VIX;13254
08/04/2022;BHZ;20078
08/04/2022;BSB;6935
08/04/2022;CGB;4286
08/04/2022;CGR;2319
08/04/2022;FOR;1130
08/04/2022;RIO;37443
08/04/2022;MAO;2833
08/04/2022;POA;13578
08/04/2022;REC;12741
08/04/2022;SSA;4876
08/04/2022;TECA;169353
08/04/2022;VIX;8921
09/04/2022;BHZ;19543
09/04/2022;BSB;5765
09/04/2022;CGB;2621
09/04/2022;CGR;101
09/04/2022;FOR;1728
09/04/2022;RIO;30451
09/04/2022;MAO;486
09/04/2022;POA;7809
09/04/2022;REC;11496
09/04/2022;SSA;10511
09/04/2022;TECA;189226
09/04/2022;VIX;9131
10/04/2022;BHZ;1318
10/04/2022;BSB;2747
10/04/2022;FOR;1704
10/04/2022;RIO;10233
10/04/2022;POA;4138
10/04/2022;REC;7933
10/04/2022;SSA;5090
10/04/2022;TECA;55248
10/04/2022;VIX;1529
11/04/2022;BHZ;27888
11/04/2022;BSB;8856
11/04/2022;CGB;9052
11/04/2022;CGR;4220
11/04/2022;FOR;2020
11/04/2022;RIO;28095
11/04/2022;MAO;3452
11/04/2022;POA;10104
11/04/2022;REC;13319
11/04/2022;SSA;13221
11/04/2022;TECA;133955
11/04/2022;VIX;5713
12/04/2022;BHZ;23267
12/04/2022;BSB;5147
12/04/2022;CGB;912
12/04/2022;CGR;4106
12/04/2022;FOR;2424
12/04/2022;RIO;34365
12/04/2022;MAO;1908
12/04/2022;POA;12860
12/04/2022;REC;13763
12/04/2022;SSA;8386
12/04/2022;TECA;173878
12/04/2022;VIX;10296
13/04/2022;BHZ;24456
13/04/2022;BSB;6535
13/04/2022;CGB;1818
13/04/2022;CGR;3788
13/04/2022;FOR;820
13/04/2022;RIO;45291
13/04/2022;MAO;1051
13/04/2022;POA;14194
13/04/2022;REC;15139
13/04/2022;SSA;5667
13/04/2022;TECA;233682
13/04/2022;VIX;13928
14/04/2022;BHZ;24309
14/04/2022;BSB;9737
14/04/2022;CGB;4822
14/04/2022;CGR;1970
14/04/2022;FOR;2172
14/04/2022;RIO;36791
14/04/2022;MAO;1811
14/04/2022;POA;12593
14/04/2022;REC;13045
14/04/2022;SSA;11677
14/04/2022;TECA;193227
14/04/2022;VIX;18308
15/04/2022;BHZ;17458
15/04/2022;BSB;7287
15/04/2022;CGB;3670
15/04/2022;FOR;1052
15/04/2022;RIO;27157
15/04/2022;MAO;4784
15/04/2022;POA;13086
15/04/2022;REC;15406
15/04/2022;SSA;1236
15/04/2022;TECA;135386
15/04/2022;VIX;9685
16/04/2022;BHZ;16059
16/04/2022;BSB;6537
16/04/2022;CGB;6527
16/04/2022;CGR;3029
16/04/2022;FOR;823
16/04/2022;RIO;23449
16/04/2022;MAO;147
16/04/2022;POA;4041
16/04/2022;REC;13374
16/04/2022;SSA;8073
16/04/2022;TECA;71609
16/04/2022;VIX;7699
17/04/2022;BHZ;789
17/04/2022;BSB;338
17/04/2022;FOR;2265
17/04/2022;RIO;1916
17/04/2022;POA;4867
17/04/2022;REC;7824
17/04/2022;SSA;8385
17/04/2022;TECA;43957
17/04/2022;VIX;1752
18/04/2022;BHZ;14925
18/04/2022;BSB;5519
18/04/2022;CGB;6460
18/04/2022;CGR;4265
18/04/2022;FOR;1550
18/04/2022;RIO;23146
18/04/2022;MAO;570
18/04/2022;POA;10134
18/04/2022;REC;14672
18/04/2022;SSA;7599
18/04/2022;TECA;71905
18/04/2022;VIX;8523
19/04/2022;BHZ;18147
19/04/2022;BSB;6017
19/04/2022;CGB;5690
19/04/2022;CGR;2717
19/04/2022;FOR;1415
19/04/2022;RIO;30210
19/04/2022;MAO;575
19/04/2022;POA;13650
19/04/2022;REC;15899
19/04/2022;SSA;1435
19/04/2022;TECA;162468
19/04/2022;VIX;7973
20/04/2022;BHZ;21051
20/04/2022;BSB;5673
20/04/2022;CGB;3835
20/04/2022;CGR;2021
20/04/2022;FOR;2975
20/04/2022;RIO;41606
20/04/2022;MAO;258
20/04/2022;POA;11290
20/04/2022;REC;10777
20/04/2022;SSA;7872
20/04/2022;TECA;205937
20/04/2022;VIX;14298
21/04/2022;BHZ;15952
21/04/2022;BSB;7516
21/04/2022;CGR;24
21/04/2022;FOR;1315
21/04/2022;RIO;34574
21/04/2022;MAO;5469
21/04/2022;POA;10688
21/04/2022;REC;8083
21/04/2022;SSA;8707
21/04/2022;TECA;154742
21/04/2022;VIX;12030
22/04/2022;BHZ;23606
22/04/2022;BSB;5367
22/04/2022;CGB;6176
22/04/2022;CGR;2711
22/04/2022;FOR;1476
22/04/2022;RIO;29595
22/04/2022;MAO;3693
22/04/2022;POA;10382
22/04/2022;REC;11805
22/04/2022;SSA;9242
22/04/2022;TECA;145161
22/04/2022;VIX;11457
23/04/2022;BHZ;19543
23/04/2022;BSB;5678
23/04/2022;CGB;3238
23/04/2022;CGR;948
23/04/2022;FOR;2837
23/04/2022;RIO;31532
23/04/2022;MAO;4531
23/04/2022;POA;5654
23/04/2022;REC;16119
23/04/2022;SSA;2923
23/04/2022;TECA;165375
23/04/2022;VIX;11897
24/04/2022;BHZ;1904
24/04/2022;BSB;3104
24/04/2022;CGB;877
24/04/2022;FOR;563
24/04/2022;RIO;7592
24/04/2022;POA;8606
24/04/2022;REC;9648
24/04/2022;SSA;5104
24/04/2022;TECA;64307
24/04/2022;VIX;2356
25/04/2022;BHZ;27219
25/04/2022;BSB;9153
25/04/2022;CGB;7059
25/04/2022;CGR;5525
25/04/2022;FOR;4800
25/04/2022;RIO;31373
25/04/2022;MAO;1633
25/04/2022;POA;11381
25/04/2022;REC;11504
25/04/2022;SSA;10282
25/04/2022;TECA;109044
25/04/2022;VIX;10749
26/04/2022;BHZ;22888
26/04/2022;BSB;6941
26/04/2022;CGB;1187
26/04/2022;CGR;3304
26/04/2022;FOR;2011
26/04/2022;RIO;35578
26/04/2022;MAO;151
26/04/2022;POA;12194
26/04/2022;REC;15390
26/04/2022;SSA;6542
26/04/2022;TECA;188724
26/04/2022;VIX;14162
27/04/2022;BHZ;22105
27/04/2022;BSB;7608
27/04/2022;CGB;8295
27/04/2022;CGR;2081
27/04/2022;FOR;1319
27/04/2022;RIO;42059
27/04/2022;MAO;323
27/04/2022;POA;11503
27/04/2022;REC;12613
27/04/2022;SSA;12074
27/04/2022;TECA;210490
27/04/2022;VIX;13174
28/04/2022;BHZ;24214
28/04/2022;BSB;6874
28/04/2022;CGB;3445
28/04/2022;CGR;1565
28/04/2022;FOR;2844
28/04/2022;RIO;48118
28/04/2022;MAO;3049
28/04/2022;POA;17001
28/04/2022;REC;15625
28/04/2022;SSA;11777
28/04/2022;TECA;230823
28/04/2022;VIX;16551
29/04/2022;BHZ;23121
29/04/2022;BSB;6963
29/04/2022;CGB;5757
29/04/2022;CGR;4024
29/04/2022;FOR;3652
29/04/2022;RIO;46145
29/04/2022;MAO;6028
29/04/2022;POA;16007
29/04/2022;REC;14231
29/04/2022;SSA;4721
29/04/2022;TECA;223698
29/04/2022;VIX;16611
30/04/2022;BHZ;22727
30/04/2022;BSB;10521
30/04/2022;CGB;2731
30/04/2022;CGR;1475
30/04/2022;FOR;1460
30/04/2022;RIO;40500
30/04/2022;MAO;3182
30/04/2022;POA;9896
30/04/2022;REC;13098
30/04/2022;SSA;15152
30/04/2022;TECA;211194
30/04/2022;VIX;10673
01/05/2022;BHZ;2075
01/05/2022;BSB;3058
01/05/2022;CGB;1508
01/05/2022;FOR;527
01/05/2022;RIO;11910
01/05/2022;POA;6640
01/05/2022;REC;6921
01/05/2022;SSA;11052
01/05/2022;TECA;66121
01/05/2022;VIX;2892
02/05/2022;BHZ;27498
02/05/2022;BSB;11175
02/05/2022;CGB;7824
02/05/2022;CGR;3476
02/05/2022;FOR;2721
02/05/2022;RIO;31647
02/05/2022;MAO;1466
02/05/2022;POA;12087
02/05/2022;REC;13562
02/05/2022;SSA;7881
02/05/2022;TECA;103995
02/05/2022;VIX;13504
03/05/2022;BHZ;26341
03/05/2022;BSB;9091
03/05/2022;CGB;4905
03/05/2022;CGR;2916
03/05/2022;FOR;2037
03/05/2022;RIO;42879
03/05/2022;MAO;279
03/05/2022;POA;14025
03/05/2022;REC;15475
03/05/2022;SSA;8487
03/05/2022;TECA;176019
03/05/2022;VIX;15999
04/05/2022;BHZ;22488
04/05/2022;BSB;6340
04/05/2022;CGB;4233
04/05/2022;CGR;1655
04/05/2022;FOR;1335
04/05/2022;RIO;48971
04/05/2022;MAO;261
04/05/2022;POA;14678
04/05/2022;REC;17029
04/05/2022;SSA;6367
04/05/2022;TECA;217611
04/05/2022;VIX;14505
05/05/2022;BHZ;22127
05/05/2022;BSB;8328
05/05/2022;CGB;3174
05/05/2022;CGR;2681
05/05/2022;FOR;2843
05/05/2022;RIO;57889
05/05/2022;MAO;676
05/05/2022;POA;16512
05/05/2022;REC;13608
05/05/2022;SSA;9372
05/05/2022;TECA;211954
05/05/2022;VIX;13558
06/05/2022;BHZ;26923
06/05/2022;BSB;10054
06/05/2022;CGB;4486
06/05/2022;CGR;1684
06/05/2022;FOR;4295
06/05/2022;RIO;60430
06/05/2022;MAO;3912
06/05/2022;POA;15727
06/05/2022;REC;17922
06/05/2022;SSA;10377
06/05/2022;TECA;210029
06/05/2022;VIX;16618
07/05/2022;BHZ;20373
07/05/2022;BSB;9202
07/05/2022;CGB;4474
07/05/2022;CGR;3093
07/05/2022;FOR;962
07/05/2022;RIO;49690
07/05/2022;MAO;3716
07/05/2022;POA;10327
07/05/2022;REC;18182
07/05/2022;SSA;9252
07/05/2022;TECA;183526
07/05/2022;VIX;15465
08/05/2022;BHZ;7382
08/05/2022;BSB;461
08/05/2022;RIO;13297
08/05/2022;POA;10455
08/05/2022;REC;2939
08/05/2022;SSA;9411
08/05/2022;TECA;43183
08/05/2022;VIX;2099
09/05/2022;BHZ;25643
09/05/2022;BSB;11903
09/05/2022;CGB;6921
09/05/2022;CGR;2818
09/05/2022;FOR;5103
09/05/2022;RIO;56109
09/05/2022;MAO;3123
09/05/2022;POA;15061
09/05/2022;REC;16040
09/05/2022;SSA;7924
09/05/2022;TECA;155397
09/05/2022;VIX;10654
10/05/2022;BHZ;34006
10/05/2022;BSB;7016
10/05/2022;CGB;4607
10/05/2022;CGR;3275
10/05/2022;FOR;3138
10/05/2022;RIO;61706
10/05/2022;MAO;4471
10/05/2022;POA;18758
10/05/2022;REC;16216
10/05/2022;SSA;6246
10/05/2022;TECA;211799
10/05/2022;VIX;16488
11/05/2022;BHZ;27528
11/05/2022;BSB;7825
11/05/2022;CGB;6670
11/05/2022;CGR;2756
11/05/2022;FOR;2646
11/05/2022;RIO;62605
11/05/2022;MAO;4490
11/05/2022;POA;13650
11/05/2022;REC;22510
11/05/2022;SSA;3767
11/05/2022;TECA;211825
11/05/2022;VIX;19422
12/05/2022;BHZ;27800
12/05/2022;BSB;6818
12/05/2022;CGB;4141
12/05/2022;CGR;1112
12/05/2022;FOR;1386
12/05/2022;RIO;65442
12/05/2022;MAO;397
12/05/2022;POA;16353
12/05/2022;REC;19025
12/05/2022;SSA;20610
12/05/2022;TECA;232477
12/05/2022;VIX;14919
13/05/2022;BHZ;25075
13/05/2022;BSB;12355
13/05/2022;CGB;4136
13/05/2022;CGR;4942
13/05/2022;FOR;3589
13/05/2022;RIO;52148
13/05/2022;MAO;4643
13/05/2022;POA;18234
13/05/2022;REC;19917
13/05/2022;SSA;10850
13/05/2022;TECA;234860
13/05/2022;VIX;21256
14/05/2022;BHZ;20320
14/05/2022;BSB;11718
14/05/2022;CGB;2828
14/05/2022;CGR;943
14/05/2022;FOR;3770
14/05/2022;RIO;35930
14/05/2022;MAO;3167
14/05/2022;POA;12939
14/05/2022;REC;18126
14/05/2022;SSA;5758
14/05/2022;TECA;192069
14/05/2022;VIX;15682
15/05/2022;BHZ;1423
15/05/2022;BSB;1672
15/05/2022;CGB;1703
15/05/2022;CGR;809
15/05/2022;FOR;525
15/05/2022;RIO;32587
15/05/2022;POA;4940
15/05/2022;REC;7182
15/05/2022;SSA;10509
15/05/2022;TECA;49464
15/05/2022;VIX;878
16/05/2022;BHZ;24463
16/05/2022;BSB;10998
16/05/2022;CGB;8605
16/05/2022;CGR;3112
16/05/2022;FOR;4146
16/05/2022;RIO;43014
16/05/2022;MAO;2254
16/05/2022;POA;11084
16/05/2022;REC;18420
16/05/2022;SSA;12083
16/05/2022;TECA;86508
16/05/2022;VIX;12087
17/05/2022;BHZ;22665
17/05/2022;BSB;8595
17/05/2022;CGB;5099
17/05/2022;CGR;3845
17/05/2022;FOR;4757
17/05/2022;RIO;54319
17/05/2022;MAO;804
17/05/2022;POA;13247
17/05/2022;REC;25621
17/05/2022;SSA;7800
17/05/2022;TECA;179711
17/05/2022;VIX;12942
18/05/2022;BHZ;22805
18/05/2022;BSB;5648
18/05/2022;CGB;4790
18/05/2022;CGR;2475
18/05/2022;FOR;2672
18/05/2022;RIO;57064
18/05/2022;MAO;109
18/05/2022;POA;18351
18/05/2022;REC;19491
18/05/2022;SSA;7874
18/05/2022;TECA;211584
18/05/2022;VIX;18856
19/05/2022;BHZ;22086
19/05/2022;BSB;11054
19/05/2022;CGB;3996
19/05/2022;CGR;1510
19/05/2022;FOR;3513
19/05/2022;RIO;42673
19/05/2022;MAO;5488
19/05/2022;POA;19885
19/05/2022;REC;17634
19/05/2022;SSA;9130
19/05/2022;TECA;227166
19/05/2022;VIX;17220
20/05/2022;BHZ;20364
20/05/2022;BSB;6887
20/05/2022;CGB;4883
20/05/2022;CGR;2925
20/05/2022;FOR;4785
20/05/2022;RIO;53654
20/05/2022;MAO;5038
20/05/2022;POA;15522
20/05/2022;REC;18618
20/05/2022;SSA;15320
20/05/2022;TECA;226497
20/05/2022;VIX;15384
21/05/2022;BHZ;18798
21/05/2022;BSB;8849
21/05/2022;CGB;971
21/05/2022;CGR;930
21/05/2022;FOR;625
21/05/2022;RIO;43196
21/05/2022;MAO;1040
21/05/2022;POA;11583
21/05/2022;REC;14108
21/05/2022;SSA;4633
21/05/2022;TECA;198306
21/05/2022;VIX;11551
22/05/2022;BHZ;1926
22/05/2022;BSB;1070
22/05/2022;FOR;414
22/05/2022;RIO;9900
22/05/2022;POA;8374
22/05/2022;REC;8252
22/05/2022;SSA;6081
22/05/2022;TECA;40694
23/05/2022;BHZ;21310
23/05/2022;BSB;10810
23/05/2022;CGB;8630
23/05/2022;CGR;5206
23/05/2022;FOR;4684
23/05/2022;RIO;42211
23/05/2022;MAO;3415
23/05/2022;POA;7138
23/05/2022;REC;18337
23/05/2022;SSA;14282
23/05/2022;TECA;60561
23/05/2022;VIX;11870
24/05/2022;BHZ;18438
24/05/2022;BSB;6527
24/05/2022;CGB;4751
24/05/2022;CGR;3226
24/05/2022;FOR;2839
24/05/2022;RIO;42606
24/05/2022;MAO;341
24/05/2022;POA;12619
24/05/2022;REC;18857
24/05/2022;SSA;1805
24/05/2022;TECA;197372
24/05/2022;VIX;11572
25/05/2022;BHZ;21692
25/05/2022;BSB;6416
25/05/2022;CGB;673
25/05/2022;CGR;1820
25/05/2022;FOR;2514
25/05/2022;RIO;39435
25/05/2022;MAO;1620
25/05/2022;POA;15117
25/05/2022;REC;10283
25/05/2022;SSA;7078
25/05/2022;TECA;206638
25/05/2022;VIX;16328
26/05/2022;BHZ;22780
26/05/2022;BSB;8797
26/05/2022;CGB;1505
26/05/2022;CGR;1466
26/05/2022;FOR;1922
26/05/2022;RIO;58419
26/05/2022;MAO;445
26/05/2022;POA;16967
26/05/2022;REC;7726
26/05/2022;SSA;7985
26/05/2022;TECA;223010
26/05/2022;VIX;15188
27/05/2022;BHZ;22657
27/05/2022;BSB;6831
27/05/2022;CGB;7839
27/05/2022;CGR;2391
27/05/2022;FOR;3277
27/05/2022;RIO;48239
27/05/2022;MAO;6963
27/05/2022;POA;15188
27/05/2022;REC;14756
27/05/2022;SSA;12836
27/05/2022;TECA;207445
27/05/2022;VIX;15777
28/05/2022;BHZ;18622
28/05/2022;BSB;6358
28/05/2022;CGB;1288
28/05/2022;CGR;2531
28/05/2022;FOR;4358
28/05/2022;RIO;40166
28/05/2022;MAO;2933
28/05/2022;POA;11703
28/05/2022;REC;6476
28/05/2022;SSA;3304
28/05/2022;TECA;159259
28/05/2022;VIX;12529
29/05/2022;BHZ;1733
29/05/2022;BSB;4397
29/05/2022;FOR;1725
29/05/2022;RIO;10086
29/05/2022;POA;4906
29/05/2022;REC;353
29/05/2022;SSA;15854
29/05/2022;TECA;44823
29/05/2022;VIX;1012
30/05/2022;BHZ;21828
30/05/2022;BSB;7608
30/05/2022;CGB;8409
30/05/2022;CGR;4286
30/05/2022;FOR;4544
30/05/2022;RIO;35108
30/05/2022;MAO;5598
30/05/2022;POA;13204
30/05/2022;REC;12761
30/05/2022;SSA;6783
30/05/2022;TECA;74520
30/05/2022;VIX;11128
31/05/2022;BHZ;16011
31/05/2022;BSB;4526
31/05/2022;CGB;2754
31/05/2022;CGR;2240
31/05/2022;FOR;1701
31/05/2022;RIO;43967
31/05/2022;MAO;1744
31/05/2022;POA;12854
31/05/2022;REC;20912
31/05/2022;SSA;2399
31/05/2022;TECA;204727
31/05/2022;VIX;9897
01/06/2022;BHZ;21069
01/06/2022;BSB;7250
01/06/2022;CGB;3699
01/06/2022;CGR;1323
01/06/2022;FOR;3847
01/06/2022;RIO;54027
01/06/2022;MAO;707
01/06/2022;POA;13945
01/06/2022;REC;20020
01/06/2022;SSA;7083
01/06/2022;TECA;189041
01/06/2022;VIX;17121
02/06/2022;BHZ;22960
02/06/2022;BSB;7328
02/06/2022;CGB;4527
02/06/2022;CGR;1733
02/06/2022;FOR;4297
02/06/2022;RIO;55089
02/06/2022;MAO;4383
02/06/2022;POA;14702
02/06/2022;REC;16041
02/06/2022;SSA;7983
02/06/2022;TECA;191921
02/06/2022;VIX;18126
03/06/2022;BHZ;23166
03/06/2022;BSB;7502
03/06/2022;CGB;4534
03/06/2022;CGR;3942
03/06/2022;FOR;3763
03/06/2022;RIO;50457
03/06/2022;MAO;3595
03/06/2022;POA;17263
03/06/2022;REC;9879
03/06/2022;SSA;10122
03/06/2022;TECA;195072
03/06/2022;VIX;13663
04/06/2022;BHZ;16525
04/06/2022;BSB;8267
04/06/2022;CGB;130
04/06/2022;CGR;207
04/06/2022;FOR;1189
04/06/2022;RIO;34035
04/06/2022;MAO;2875
04/06/2022;POA;11660
04/06/2022;REC;11851
04/06/2022;SSA;2209
04/06/2022;TECA;162682
04/06/2022;VIX;14117
05/06/2022;BHZ;1866
05/06/2022;BSB;5582
05/06/2022;FOR;2042
05/06/2022;RIO;7165
05/06/2022;POA;4391
05/06/2022;REC;11725
05/06/2022;SSA;9496
05/06/2022;TECA;58157
05/06/2022;VIX;3770
06/06/2022;BHZ;18354
06/06/2022;BSB;6640
06/06/2022;CGB;8906
06/06/2022;CGR;3456
06/06/2022;FOR;2689
06/06/2022;RIO;40818
06/06/2022;MAO;3230
06/06/2022;POA;11052
06/06/2022;REC;16072
06/06/2022;SSA;6909
06/06/2022;TECA;100636
06/06/2022;VIX;10252
07/06/2022;BHZ;19909
07/06/2022;BSB;5831
07/06/2022;CGB;4035
07/06/2022;CGR;3986
07/06/2022;FOR;1843
07/06/2022;RIO;43949
07/06/2022;MAO;2011
07/06/2022;POA;13145
07/06/2022;REC;13578
07/06/2022;SSA;9130
07/06/2022;TECA;223700
07/06/2022;VIX;12483
08/06/2022;BHZ;23539
08/06/2022;BSB;8135
08/06/2022;CGB;3423
08/06/2022;CGR;2672
08/06/2022;FOR;3000
08/06/2022;RIO;55990
08/06/2022;MAO;774
08/06/2022;POA;16167
08/06/2022;REC;9735
08/06/2022;SSA;2945
08/06/2022;TECA;208879
08/06/2022;VIX;18221
09/06/2022;BHZ;25284
09/06/2022;BSB;11797
09/06/2022;CGB;2835
09/06/2022;CGR;1943
09/06/2022;FOR;3142
09/06/2022;RIO;55468
09/06/2022;MAO;3174
09/06/2022;POA;16340
09/06/2022;REC;9091
09/06/2022;SSA;5906
09/06/2022;TECA;231783
09/06/2022;VIX;16879
10/06/2022;BHZ;19709
10/06/2022;BSB;6574
10/06/2022;CGB;2501
10/06/2022;CGR;1907
10/06/2022;FOR;2075
10/06/2022;RIO;48641
10/06/2022;MAO;3704
10/06/2022;POA;15839
10/06/2022;REC;14400
10/06/2022;SSA;13400
10/06/2022;TECA;223972
10/06/2022;VIX;12961
11/06/2022;BHZ;18305
11/06/2022;BSB;8157
11/06/2022;CGB;4538
11/06/2022;CGR;2126
11/06/2022;FOR;2671
11/06/2022;RIO;41915
11/06/2022;MAO;3293
11/06/2022;POA;13346
11/06/2022;REC;15965
11/06/2022;SSA;10698
11/06/2022;TECA;187470
11/06/2022;VIX;14560
12/06/2022;BHZ;1654
12/06/2022;BSB;5241
12/06/2022;CGB;2039
12/06/2022;FOR;1149
12/06/2022;RIO;2151
12/06/2022;POA;4964
12/06/2022;REC;6277
12/06/2022;SSA;9282
12/06/2022;TECA;62877
12/06/2022;VIX;1766
13/06/2022;BHZ;23339
13/06/2022;BSB;11808
13/06/2022;CGB;7656
13/06/2022;CGR;4884
13/06/2022;FOR;4293
13/06/2022;RIO;51155
13/06/2022;MAO;1454
13/06/2022;POA;12965
13/06/2022;REC;23457
13/06/2022;SSA;13561
13/06/2022;TECA;99654
13/06/2022;VIX;15665
14/06/2022;BHZ;18909
14/06/2022;BSB;7419
14/06/2022;CGB;5685
14/06/2022;CGR;2616
14/06/2022;FOR;1683
14/06/2022;RIO;57987
14/06/2022;MAO;359
14/06/2022;POA;16324
14/06/2022;REC;18768
14/06/2022;SSA;2183
14/06/2022;TECA;176992
14/06/2022;VIX;13811
15/06/2022;BHZ;22920
15/06/2022;BSB;5570
15/06/2022;CGB;3351
15/06/2022;CGR;1433
15/06/2022;FOR;4791
15/06/2022;RIO;57702
15/06/2022;MAO;60
15/06/2022;POA;16468
15/06/2022;REC;15686
15/06/2022;SSA;1786
15/06/2022;TECA;221511
15/06/2022;VIX;19961
16/06/2022;BHZ;13343
16/06/2022;BSB;8932
16/06/2022;CGB;107
16/06/2022;CGR;750
16/06/2022;FOR;1961
16/06/2022;RIO;54155
16/06/2022;MAO;3402
16/06/2022;POA;14787
16/06/2022;REC;19154
16/06/2022;SSA;13033
16/06/2022;TECA;203733
16/06/2022;VIX;16701
17/06/2022;BHZ;22074
17/06/2022;BSB;11500
17/06/2022;CGB;8160
17/06/2022;CGR;2646
17/06/2022;FOR;5328
17/06/2022;RIO;47464
17/06/2022;MAO;4863
17/06/2022;POA;14608
17/06/2022;REC;14106
17/06/2022;SSA;10582
17/06/2022;TECA;220028
17/06/2022;VIX;9094
18/06/2022;BHZ;17635
18/06/2022;BSB;8287
18/06/2022;CGB;211
18/06/2022;CGR;468
18/06/2022;FOR;4038
18/06/2022;RIO;50471
18/06/2022;MAO;2764
18/06/2022;POA;6711
18/06/2022;REC;20040
18/06/2022;SSA;10107
18/06/2022;TECA;227841
18/06/2022;VIX;17357
19/06/2022;BHZ;1667
19/06/2022;BSB;2522
19/06/2022;CGB;1393
19/06/2022;FOR;2158
19/06/2022;RIO;11642
19/06/2022;POA;6558
19/06/2022;REC;9426
19/06/2022;SSA;13803
19/06/2022;TECA;84326
19/06/2022;VIX;4989
20/06/2022;BHZ;27052
20/06/2022;BSB;13358
20/06/2022;CGB;9143
20/06/2022;CGR;5425
20/06/2022;FOR;3541
20/06/2022;RIO;37515
20/06/2022;MAO;3078
20/06/2022;POA;12237
20/06/2022;REC;14208
20/06/2022;SSA;9682
20/06/2022;TECA;84645
20/06/2022;VIX;11764
21/06/2022;BHZ;30781
21/06/2022;BSB;4382
21/06/2022;CGB;3542
21/06/2022;CGR;4125
21/06/2022;FOR;3753
21/06/2022;RIO;47984
21/06/2022;MAO;233
21/06/2022;POA;16659
21/06/2022;REC;20202
21/06/2022;SSA;1599
21/06/2022;TECA;219164
21/06/2022;VIX;15469
22/06/2022;BHZ;28491
22/06/2022;BSB;7704
22/06/2022;CGB;4858
22/06/2022;CGR;1583
22/06/2022;FOR;4106
22/06/2022;RIO;45492
22/06/2022;MAO;5010
22/06/2022;POA;15053
22/06/2022;REC;20131
22/06/2022;SSA;7588
22/06/2022;TECA;224124
22/06/2022;VIX;16211
23/06/2022;BHZ;27525
23/06/2022;BSB;7217
23/06/2022;CGB;1852
23/06/2022;CGR;1378
23/06/2022;FOR;1489
23/06/2022;RIO;51797
23/06/2022;MAO;2029
23/06/2022;POA;14293
23/06/2022;REC;11509
23/06/2022;SSA;11600
23/06/2022;TECA;233553
23/06/2022;VIX;18497
24/06/2022;BHZ;30231
24/06/2022;BSB;10451
24/06/2022;CGB;3343
24/06/2022;CGR;4700
24/06/2022;FOR;4578
24/06/2022;RIO;40150
24/06/2022;MAO;402
24/06/2022;POA;15993
24/06/2022;REC;15174
24/06/2022;SSA;6153
24/06/2022;TECA;195791
24/06/2022;VIX;15173
25/06/2022;BHZ;22954
25/06/2022;BSB;5636
25/06/2022;CGB;4374
25/06/2022;CGR;344
25/06/2022;FOR;4432
25/06/2022;RIO;48902
25/06/2022;MAO;44
25/06/2022;POA;11219
25/06/2022;REC;12847
25/06/2022;SSA;3026
25/06/2022;TECA;181966
25/06/2022;VIX;14702
26/06/2022;BHZ;6988
26/06/2022;BSB;1839
26/06/2022;CGB;1169
26/06/2022;FOR;238
26/06/2022;RIO;14234
26/06/2022;POA;5668
26/06/2022;REC;9170
26/06/2022;SSA;5128
26/06/2022;TECA;29555
26/06/2022;VIX;3333
27/06/2022;BHZ;21318
27/06/2022;BSB;12351
27/06/2022;CGB;9894
27/06/2022;CGR;4745
27/06/2022;FOR;3736
27/06/2022;RIO;22185
27/06/2022;MAO;1050
27/06/2022;POA;12287
27/06/2022;REC;14664
27/06/2022;SSA;9573
27/06/2022;TECA;72306
27/06/2022;VIX;7279
28/06/2022;BHZ;20462
28/06/2022;BSB;2736
28/06/2022;CGB;6155
28/06/2022;CGR;1782
28/06/2022;FOR;3593
28/06/2022;RIO;36982
28/06/2022;MAO;538
28/06/2022;POA;12684
28/06/2022;REC;18982
28/06/2022;SSA;4007
28/06/2022;TECA;167762
28/06/2022;VIX;13898
29/06/2022;BHZ;24846
29/06/2022;BSB;5939
29/06/2022;CGB;2622
29/06/2022;CGR;1068
29/06/2022;FOR;1274
29/06/2022;RIO;41515
29/06/2022;MAO;962
29/06/2022;POA;14235
29/06/2022;REC;12466
29/06/2022;SSA;3043
29/06/2022;TECA;190698
29/06/2022;VIX;13848
30/06/2022;BHZ;26244
30/06/2022;BSB;6216
30/06/2022;CGB;3952
30/06/2022;CGR;1594
30/06/2022;FOR;4237
30/06/2022;RIO;43155
30/06/2022;MAO;2900
30/06/2022;POA;17208
30/06/2022;REC;8013
30/06/2022;SSA;6690
30/06/2022;TECA;236842
30/06/2022;VIX;12981
01/07/2022;BHZ;25628
01/07/2022;BSB;9921
01/07/2022;CGB;3557
01/07/2022;CGR;3820
01/07/2022;FOR;2147
01/07/2022;RIO;46603
01/07/2022;MAO;3444
01/07/2022;POA;16878
01/07/2022;REC;15860
01/07/2022;SSA;6789
01/07/2022;TECA;219470
01/07/2022;VIX;15458
02/07/2022;BHZ;22613
02/07/2022;BSB;8298
02/07/2022;CGB;1384
02/07/2022;CGR;1917
02/07/2022;FOR;1383
02/07/2022;RIO;42229
02/07/2022;MAO;236
02/07/2022;POA;10645
02/07/2022;REC;12867
02/07/2022;SSA;1233
02/07/2022;TECA;159759
02/07/2022;VIX;11940
03/07/2022;BHZ;2641
03/07/2022;BSB;2231
03/07/2022;CGB;67
03/07/2022;FOR;2195
03/07/2022;RIO;8937
03/07/2022;POA;4864
03/07/2022;REC;6675
03/07/2022;SSA;7526
03/07/2022;TECA;41635
03/07/2022;VIX;2440
04/07/2022;BHZ;18724
04/07/2022;BSB;7823
04/07/2022;CGB;10057
04/07/2022;CGR;5154
04/07/2022;FOR;5585
04/07/2022;RIO;17569
04/07/2022;MAO;631
04/07/2022;POA;12261
04/07/2022;REC;19382
04/07/2022;SSA;6827
04/07/2022;TECA;88124
04/07/2022;VIX;9047
05/07/2022;BHZ;16855
05/07/2022;BSB;3618
05/07/2022;CGB;5140
05/07/2022;CGR;2062
05/07/2022;FOR;5440
05/07/2022;RIO;42435
05/07/2022;MAO;1033
05/07/2022;POA;12630
05/07/2022;REC;19443
05/07/2022;SSA;5570
05/07/2022;TECA;198528
05/07/2022;VIX;12720
06/07/2022;BHZ;25952
06/07/2022;BSB;6536
06/07/2022;CGB;4081
06/07/2022;CGR;2664
06/07/2022;FOR;2302
06/07/2022;RIO;54137
06/07/2022;MAO;149
06/07/2022;POA;16070
06/07/2022;REC;15272
06/07/2022;SSA;3115
06/07/2022;TECA;208786
06/07/2022;VIX;16162
07/07/2022;BHZ;24348
07/07/2022;BSB;8223
07/07/2022;CGB;3214
07/07/2022;CGR;226
07/07/2022;FOR;1640
07/07/2022;RIO;56277
07/07/2022;MAO;4026
07/07/2022;POA;16720
07/07/2022;REC;8233
07/07/2022;SSA;3161
07/07/2022;TECA;212537
07/07/2022;VIX;17814
08/07/2022;BHZ;25755
08/07/2022;BSB;7188
08/07/2022;CGB;5080
08/07/2022;CGR;5025
08/07/2022;FOR;4959
08/07/2022;RIO;51368
08/07/2022;MAO;2176
08/07/2022;POA;12733
08/07/2022;REC;15546
08/07/2022;SSA;10982
08/07/2022;TECA;205060
08/07/2022;VIX;18656
09/07/2022;BHZ;22453
09/07/2022;BSB;6557
09/07/2022;CGB;3964
09/07/2022;CGR;1089
09/07/2022;FOR;378
09/07/2022;RIO;51230
09/07/2022;MAO;2818
09/07/2022;POA;10464
09/07/2022;REC;9113
09/07/2022;SSA;2388
09/07/2022;TECA;138066
09/07/2022;VIX;13176
10/07/2022;BHZ;11604
10/07/2022;BSB;5285
10/07/2022;FOR;2287
10/07/2022;RIO;12945
10/07/2022;POA;5004
10/07/2022;REC;9929
10/07/2022;SSA;6787
10/07/2022;TECA;57944
10/07/2022;VIX;6179
11/07/2022;BHZ;20537
11/07/2022;BSB;5393
11/07/2022;CGB;8468
11/07/2022;CGR;5843
11/07/2022;FOR;3217
11/07/2022;RIO;49188
11/07/2022;MAO;3035
11/07/2022;POA;14305
11/07/2022;REC;16543
11/07/2022;SSA;10586
11/07/2022;TECA;164794
11/07/2022;VIX;5548
12/07/2022;BHZ;26282
12/07/2022;BSB;7182
12/07/2022;CGB;3752
12/07/2022;CGR;2098
12/07/2022;FOR;4274
12/07/2022;RIO;71819
12/07/2022;MAO;3482
12/07/2022;POA;13925
12/07/2022;REC;21211
12/07/2022;SSA;1806
12/07/2022;TECA;253232
12/07/2022;VIX;17340
13/07/2022;BHZ;34982
13/07/2022;BSB;9857
13/07/2022;CGB;5273
13/07/2022;CGR;3056
13/07/2022;FOR;4090
13/07/2022;RIO;65857
13/07/2022;MAO;4869
13/07/2022;POA;14582
13/07/2022;REC;17843
13/07/2022;SSA;6887
13/07/2022;TECA;246179
13/07/2022;VIX;23644
14/07/2022;BHZ;45395
14/07/2022;BSB;10166
14/07/2022;CGB;198
14/07/2022;CGR;1394
14/07/2022;FOR;3130
14/07/2022;RIO;59321
14/07/2022;MAO;3306
14/07/2022;POA;14608
14/07/2022;REC;15146
14/07/2022;SSA;8736
14/07/2022;TECA;233842
14/07/2022;VIX;23442
15/07/2022;BHZ;40347
15/07/2022;BSB;8289
15/07/2022;CGB;7196
15/07/2022;CGR;5167
15/07/2022;FOR;3380
15/07/2022;RIO;68352
15/07/2022;MAO;3396
15/07/2022;POA;19588
15/07/2022;REC;22726
15/07/2022;SSA;12554
15/07/2022;TECA;237061
15/07/2022;VIX;20572
16/07/2022;BHZ;29684
16/07/2022;BSB;9637
16/07/2022;CGB;3830
16/07/2022;CGR;3648
16/07/2022;FOR;9598
16/07/2022;RIO;60205
16/07/2022;MAO;1824
16/07/2022;POA;14128
16/07/2022;REC;12194
16/07/2022;SSA;5175
16/07/2022;TECA;217939
16/07/2022;VIX;23491
17/07/2022;BHZ;13619
17/07/2022;BSB;1541
17/07/2022;CGB;1448
17/07/2022;CGR;555
17/07/2022;FOR;7595
17/07/2022;RIO;23585
17/07/2022;POA;17422
17/07/2022;REC;12277
17/07/2022;SSA;11003
17/07/2022;TECA;111449
17/07/2022;VIX;9286
18/07/2022;BHZ;27328
18/07/2022;BSB;11909
18/07/2022;CGB;9191
18/07/2022;CGR;6370
18/07/2022;FOR;4785
18/07/2022;RIO;52438
18/07/2022;MAO;2997
18/07/2022;POA;15064
18/07/2022;REC;21038
18/07/2022;SSA;6647
18/07/2022;TECA;192612
18/07/2022;VIX;10418
19/07/2022;BHZ;26193
19/07/2022;BSB;10843
19/07/2022;CGB;3918
19/07/2022;CGR;4274
19/07/2022;FOR;4832
19/07/2022;RIO;43668
19/07/2022;MAO;1023
19/07/2022;POA;13824
19/07/2022;REC;21122
19/07/2022;SSA;13012
19/07/2022;TECA;259152
19/07/2022;VIX;15746
20/07/2022;BHZ;35527
20/07/2022;BSB;11247
20/07/2022;CGB;364
20/07/2022;CGR;5865
20/07/2022;FOR;2174
20/07/2022;RIO;53209
20/07/2022;MAO;1607
20/07/2022;POA;16720
20/07/2022;REC;20766
20/07/2022;SSA;7551
20/07/2022;TECA;275466
20/07/2022;VIX;21491
21/07/2022;BHZ;30974
21/07/2022;BSB;11772
21/07/2022;CGB;6277
21/07/2022;CGR;4102
21/07/2022;FOR;3573
21/07/2022;RIO;50955
21/07/2022;MAO;4943
21/07/2022;POA;16545
21/07/2022;REC;22006
21/07/2022;SSA;13194
21/07/2022;TECA;262422
21/07/2022;VIX;32926
22/07/2022;BHZ;35531
22/07/2022;BSB;10072
22/07/2022;CGB;8663
22/07/2022;CGR;4317
22/07/2022;FOR;3507
22/07/2022;RIO;57677
22/07/2022;MAO;4938
22/07/2022;POA;17637
22/07/2022;REC;26142
22/07/2022;SSA;7553
22/07/2022;TECA;256780
22/07/2022;VIX;18890
23/07/2022;BHZ;20060
23/07/2022;BSB;8731
23/07/2022;CGB;6492
23/07/2022;CGR;4545
23/07/2022;FOR;2545
23/07/2022;RIO;42486
23/07/2022;MAO;1170
23/07/2022;POA;10843
23/07/2022;REC;12656
23/07/2022;SSA;11141
23/07/2022;TECA;177666
23/07/2022;VIX;17476
24/07/2022;BHZ;2037
24/07/2022;BSB;4054
24/07/2022;CGR;1341
24/07/2022;FOR;2421
24/07/2022;RIO;9671
24/07/2022;POA;29483
24/07/2022;REC;11675
24/07/2022;SSA;19532
24/07/2022;TECA;32127
24/07/2022;VIX;538
25/07/2022;BHZ;21740
25/07/2022;BSB;8554
25/07/2022;CGB;11301
25/07/2022;CGR;4544
25/07/2022;FOR;4446
25/07/2022;RIO;23664
25/07/2022;MAO;3587
25/07/2022;POA;14464
25/07/2022;REC;24443
25/07/2022;SSA;8148
25/07/2022;TECA;71451
25/07/2022;VIX;11920
26/07/2022;BHZ;16217
26/07/2022;BSB;2986
26/07/2022;CGB;734
26/07/2022;CGR;4232
26/07/2022;FOR;6333
26/07/2022;RIO;39562
26/07/2022;MAO;1444
26/07/2022;POA;15652
26/07/2022;REC;19778
26/07/2022;SSA;1626
26/07/2022;TECA;167302
26/07/2022;VIX;11905
27/07/2022;BHZ;23648
27/07/2022;BSB;9415
27/07/2022;CGB;2640
27/07/2022;CGR;2127
27/07/2022;FOR;1063
27/07/2022;RIO;39080
27/07/2022;MAO;669
27/07/2022;POA;14609
27/07/2022;REC;24324
27/07/2022;SSA;4488
27/07/2022;TECA;181214
27/07/2022;VIX;14854
28/07/2022;BHZ;22702
28/07/2022;BSB;4129
28/07/2022;CGB;5850
28/07/2022;CGR;2301
28/07/2022;FOR;1595
28/07/2022;RIO;39130
28/07/2022;MAO;4069
28/07/2022;POA;15011
28/07/2022;REC;23224
28/07/2022;SSA;6114
28/07/2022;TECA;165055
28/07/2022;VIX;13461
29/07/2022;BHZ;21041
29/07/2022;BSB;9528
29/07/2022;CGB;3347
29/07/2022;CGR;1728
29/07/2022;FOR;3766
29/07/2022;RIO;37473
29/07/2022;MAO;2014
29/07/2022;POA;17112
29/07/2022;REC;18856
29/07/2022;SSA;6938
29/07/2022;TECA;168854
29/07/2022;VIX;14026
30/07/2022;BHZ;16674
30/07/2022;BSB;7001
30/07/2022;CGB;3842
30/07/2022;CGR;2901
30/07/2022;FOR;704
30/07/2022;RIO;26140
30/07/2022;MAO;2461
30/07/2022;POA;11086
30/07/2022;REC;8446
30/07/2022;SSA;1699
30/07/2022;TECA;125206
30/07/2022;VIX;13297
31/07/2022;BHZ;975
31/07/2022;BSB;2616
31/07/2022;FOR;671
31/07/2022;RIO;9992
31/07/2022;POA;8314
31/07/2022;REC;9847
31/07/2022;SSA;10473
31/07/2022;TECA;20783
31/07/2022;VIX;4412
01/08/2022;BHZ;16259
01/08/2022;BSB;5477
01/08/2022;CGB;6522
01/08/2022;CGR;3421
01/08/2022;FOR;2643
01/08/2022;RIO;14837
01/08/2022;MAO;4013
01/08/2022;POA;7161
01/08/2022;REC;15724
01/08/2022;SSA;7073
01/08/2022;TECA;67307
01/08/2022;VIX;5904
02/08/2022;BHZ;12742
02/08/2022;BSB;2337
02/08/2022;CGB;4225
02/08/2022;CGR;1444
02/08/2022;FOR;3057
02/08/2022;RIO;31452
02/08/2022;MAO;1432
02/08/2022;POA;15398
02/08/2022;REC;15850
02/08/2022;SSA;2303
02/08/2022;TECA;131227
02/08/2022;VIX;12084
03/08/2022;BHZ;21147
03/08/2022;BSB;7215
03/08/2022;CGB;148
03/08/2022;CGR;1373
03/08/2022;FOR;1326
03/08/2022;RIO;37263
03/08/2022;MAO;1227
03/08/2022;POA;12961
03/08/2022;REC;11568
03/08/2022;SSA;1462
03/08/2022;TECA;129125
03/08/2022;VIX;15668
04/08/2022;BHZ;19679
04/08/2022;BSB;6699
04/08/2022;CGB;3022
04/08/2022;CGR;3062
04/08/2022;FOR;2379
04/08/2022;RIO;40609
04/08/2022;MAO;2528
04/08/2022;POA;16569
04/08/2022;REC;8126
04/08/2022;SSA;9399
04/08/2022;TECA;176309
04/08/2022;VIX;13869
05/08/2022;BHZ;21066
05/08/2022;BSB;7277
05/08/2022;CGB;6114
05/08/2022;CGR;1240
05/08/2022;FOR;2703
05/08/2022;RIO;41651
05/08/2022;MAO;4385
05/08/2022;POA;15509
05/08/2022;REC;12832
05/08/2022;SSA;5107
05/08/2022;TECA;185237
05/08/2022;VIX;13301
06/08/2022;BHZ;17634
06/08/2022;BSB;6607
06/08/2022;CGB;288
06/08/2022;CGR;2374
06/08/2022;FOR;1828
06/08/2022;RIO;37144
06/08/2022;MAO;1653
06/08/2022;POA;10079
06/08/2022;REC;7330
06/08/2022;SSA;4937
06/08/2022;TECA;132521
06/08/2022;VIX;14453
07/08/2022;BHZ;329
07/08/2022;BSB;2104
07/08/2022;CGB;63
07/08/2022;CGR;389
07/08/2022;FOR;431
07/08/2022;RIO;9829
07/08/2022;POA;5437
07/08/2022;REC;7470
07/08/2022;SSA;8572
07/08/2022;TECA;42415
07/08/2022;VIX;74
08/08/2022;BHZ;19129
08/08/2022;BSB;7926
08/08/2022;CGB;8780
08/08/2022;CGR;4705
08/08/2022;FOR;3264
08/08/2022;RIO;17970
08/08/2022;MAO;500
08/08/2022;POA;12153
08/08/2022;REC;17831
08/08/2022;SSA;6056
08/08/2022;TECA;73081
08/08/2022;VIX;11824
09/08/2022;BHZ;14583
09/08/2022;BSB;4072
09/08/2022;CGB;4923
09/08/2022;CGR;906
09/08/2022;FOR;2904
09/08/2022;RIO;37061
09/08/2022;MAO;973
09/08/2022;POA;14713
09/08/2022;REC;20670
09/08/2022;SSA;3312
09/08/2022;TECA;170938
09/08/2022;VIX;12978
10/08/2022;BHZ;23773
10/08/2022;BSB;8314
10/08/2022;CGB;172
10/08/2022;CGR;3140
10/08/2022;FOR;3193
10/08/2022;RIO;46795
10/08/2022;MAO;1197
10/08/2022;POA;11546
10/08/2022;REC;16110
10/08/2022;SSA;4011
10/08/2022;TECA;182774
10/08/2022;VIX;18178
11/08/2022;BHZ;22975
11/08/2022;BSB;5160
11/08/2022;CGB;6598
11/08/2022;CGR;1769
11/08/2022;FOR;1010
11/08/2022;RIO;43660
11/08/2022;MAO;3174
11/08/2022;POA;15018
11/08/2022;REC;6701
11/08/2022;SSA;6239
11/08/2022;TECA;188964
11/08/2022;VIX;15496
12/08/2022;BHZ;22771
12/08/2022;BSB;8205
12/08/2022;CGB;2138
12/08/2022;CGR;2566
12/08/2022;FOR;2418
12/08/2022;RIO;40389
12/08/2022;MAO;2441
12/08/2022;POA;13787
12/08/2022;REC;15653
12/08/2022;SSA;6220
12/08/2022;TECA;193265
12/08/2022;VIX;14067
13/08/2022;BHZ;22927
13/08/2022;BSB;8427
13/08/2022;CGB;7683
13/08/2022;CGR;314
13/08/2022;FOR;706
13/08/2022;RIO;36906
13/08/2022;MAO;1514
13/08/2022;POA;9928
13/08/2022;REC;7877
13/08/2022;SSA;2300
13/08/2022;TECA;160710
13/08/2022;VIX;12623
14/08/2022;BHZ;2962
14/08/2022;BSB;1755
14/08/2022;CGR;2
14/08/2022;FOR;2064
14/08/2022;RIO;7377
14/08/2022;POA;3312
14/08/2022;REC;8500
14/08/2022;SSA;8920
14/08/2022;TECA;40224
14/08/2022;VIX;2784
15/08/2022;BHZ;19968
15/08/2022;BSB;9035
15/08/2022;CGB;5440
15/08/2022;CGR;5448
15/08/2022;FOR;4732
15/08/2022;RIO;29378
15/08/2022;MAO;1960
15/08/2022;POA;13231
15/08/2022;REC;14612
15/08/2022;SSA;5766
15/08/2022;TECA;121581
15/08/2022;VIX;10486
16/08/2022;BHZ;16575
16/08/2022;BSB;3243
16/08/2022;CGB;3947
16/08/2022;CGR;2230
16/08/2022;FOR;1080
16/08/2022;RIO;41767
16/08/2022;MAO;1822
16/08/2022;POA;13115
16/08/2022;REC;16366
16/08/2022;SSA;1310
16/08/2022;TECA;180439
16/08/2022;VIX;13998
17/08/2022;BHZ;21886
17/08/2022;BSB;7496
17/08/2022;CGB;249
17/08/2022;CGR;2577
17/08/2022;FOR;3022
17/08/2022;RIO;47224
17/08/2022;MAO;604
17/08/2022;POA;16024
17/08/2022;REC;17081
17/08/2022;SSA;5712
17/08/2022;TECA;187880
17/08/2022;VIX;12815
18/08/2022;BHZ;29079
18/08/2022;BSB;8040
18/08/2022;CGB;6430
18/08/2022;CGR;1752
18/08/2022;FOR;2749
18/08/2022;RIO;39500
18/08/2022;MAO;3367
18/08/2022;POA;15862
18/08/2022;REC;17745
18/08/2022;SSA;7642
18/08/2022;TECA;183801
18/08/2022;VIX;15339
19/08/2022;BHZ;24515
19/08/2022;BSB;8666
19/08/2022;CGB;7147
19/08/2022;CGR;3002
19/08/2022;FOR;1560
19/08/2022;RIO;44284
19/08/2022;MAO;1493
19/08/2022;POA;13867
19/08/2022;REC;16444
19/08/2022;SSA;5915
19/08/2022;TECA;181221
19/08/2022;VIX;17676
20/08/2022;BHZ;20363
20/08/2022;BSB;8491
20/08/2022;CGB;4553
20/08/2022;CGR;1121
20/08/2022;FOR;3266
20/08/2022;RIO;35096
20/08/2022;MAO;2820
20/08/2022;POA;11502
20/08/2022;REC;9924
20/08/2022;SSA;1939
20/08/2022;TECA;157343
20/08/2022;VIX;12622
21/08/2022;BHZ;2534
21/08/2022;BSB;1670
21/08/2022;FOR;734
21/08/2022;RIO;1754
21/08/2022;POA;3653
21/08/2022;REC;8084
21/08/2022;SSA;5228
21/08/2022;TECA;34323
21/08/2022;VIX;723
22/08/2022;BHZ;17055
22/08/2022;BSB;10142
22/08/2022;CGB;8732
22/08/2022;CGR;3606
22/08/2022;FOR;3852
22/08/2022;RIO;26909
22/08/2022;MAO;1367
22/08/2022;POA;15330
22/08/2022;REC;15736
22/08/2022;SSA;9541
22/08/2022;TECA;92181
22/08/2022;VIX;10448
23/08/2022;BHZ;14742
23/08/2022;BSB;3204
23/08/2022;CGB;2642
23/08/2022;CGR;2238
23/08/2022;FOR;3084
23/08/2022;RIO;36576
23/08/2022;MAO;433
23/08/2022;POA;11890
23/08/2022;REC;17606
23/08/2022;SSA;4008
23/08/2022;TECA;165496
23/08/2022;VIX;13918
24/08/2022;BHZ;20510
24/08/2022;BSB;6410
24/08/2022;CGB;810
24/08/2022;CGR;4293
24/08/2022;FOR;1642
24/08/2022;RIO;44537
24/08/2022;MAO;128
24/08/2022;POA;15921
24/08/2022;REC;18508
24/08/2022;SSA;6078
24/08/2022;TECA;178574
24/08/2022;VIX;9935
25/08/2022;BHZ;20006
25/08/2022;BSB;8125
25/08/2022;CGB;5772
25/08/2022;CGR;1451
25/08/2022;FOR;1225
25/08/2022;RIO;42483
25/08/2022;MAO;2113
25/08/2022;POA;13537
25/08/2022;REC;12338
25/08/2022;SSA;6887
25/08/2022;TECA;179074
25/08/2022;VIX;12201
26/08/2022;BHZ;22777
26/08/2022;BSB;9947
26/08/2022;CGB;4112
26/08/2022;CGR;5241
26/08/2022;FOR;3588
26/08/2022;RIO;40839
26/08/2022;MAO;3204
26/08/2022;POA;15449
26/08/2022;REC;16271
26/08/2022;SSA;2183
26/08/2022;TECA;167460
26/08/2022;VIX;17050
27/08/2022;BHZ;20420
27/08/2022;BSB;7361
27/08/2022;CGB;7268
27/08/2022;CGR;566
27/08/2022;FOR;1662
27/08/2022;RIO;34686
27/08/2022;MAO;84
27/08/2022;POA;9566
27/08/2022;REC;11446
27/08/2022;SSA;7364
27/08/2022;TECA;143799
27/08/2022;VIX;14577
28/08/2022;BHZ;111
28/08/2022;BSB;1867
28/08/2022;FOR;1251
28/08/2022;RIO;1727
28/08/2022;POA;4697
28/08/2022;REC;9302
28/08/2022;SSA;7240
28/08/2022;TECA;31790
28/08/2022;VIX;380
29/08/2022;BHZ;17684
29/08/2022;BSB;6498
29/08/2022;CGB;6999
29/08/2022;CGR;5311
29/08/2022;FOR;3634
29/08/2022;RIO;25883
29/08/2022;MAO;2484
29/08/2022;POA;9193
29/08/2022;REC;12497
29/08/2022;SSA;8582
29/08/2022;TECA;63758
29/08/2022;VIX;9622
30/08/2022;BHZ;13150
30/08/2022;BSB;3554
30/08/2022;CGB;3123
30/08/2022;CGR;286
30/08/2022;FOR;3479
30/08/2022;RIO;32122
30/08/2022;MAO;3338
30/08/2022;POA;9992
30/08/2022;REC;17302
30/08/2022;SSA;1164
30/08/2022;TECA;149801
30/08/2022;VIX;11692
31/08/2022;BHZ;16733
31/08/2022;BSB;5181
31/08/2022;CGB;135
31/08/2022;CGR;3305
31/08/2022;FOR;2163
31/08/2022;RIO;42553
31/08/2022;MAO;3647
31/08/2022;POA;14052
31/08/2022;REC;19722
31/08/2022;SSA;5730
31/08/2022;TECA;154890
31/08/2022;VIX;15484
01/09/2022;BHZ;22439
01/09/2022;BSB;8518
01/09/2022;CGB;3904
01/09/2022;CGR;290
01/09/2022;FOR;3430
01/09/2022;RIO;38814
01/09/2022;MAO;1877
01/09/2022;POA;15481
01/09/2022;REC;14826
01/09/2022;SSA;6615
01/09/2022;TECA;160791
01/09/2022;VIX;10040
02/09/2022;BHZ;20609
02/09/2022;BSB;7909
02/09/2022;CGB;3424
02/09/2022;CGR;2709
02/09/2022;FOR;1164
02/09/2022;RIO;40555
02/09/2022;MAO;3227
02/09/2022;POA;13347
02/09/2022;REC;18483
02/09/2022;SSA;7901
02/09/2022;TECA;134077
02/09/2022;VIX;12229
03/09/2022;BHZ;16237
03/09/2022;BSB;5367
03/09/2022;CGB;5248
03/09/2022;CGR;4781
03/09/2022;FOR;1886
03/09/2022;RIO;33782
03/09/2022;MAO;1259
03/09/2022;POA;10662
03/09/2022;REC;11487
03/09/2022;SSA;6533
03/09/2022;TECA;113997
03/09/2022;VIX;14853
04/09/2022;BHZ;1278
04/09/2022;BSB;1642
04/09/2022;FOR;562
04/09/2022;RIO;5485
04/09/2022;POA;3341
04/09/2022;REC;11529
04/09/2022;SSA;4245
04/09/2022;TECA;29876
04/09/2022;VIX;505
05/09/2022;BHZ;16460
05/09/2022;BSB;7468
05/09/2022;CGB;6817
05/09/2022;CGR;2090
05/09/2022;FOR;3513
05/09/2022;RIO;26822
05/09/2022;MAO;3554
05/09/2022;POA;11247
05/09/2022;REC;13763
05/09/2022;SSA;6500
05/09/2022;TECA;56240
05/09/2022;VIX;8281
06/09/2022;BHZ;13220
06/09/2022;BSB;2351
06/09/2022;CGB;3084
06/09/2022;CGR;2204
06/09/2022;FOR;2366
06/09/2022;RIO;33690
06/09/2022;MAO;736
06/09/2022;POA;12201
06/09/2022;REC;22764
06/09/2022;SSA;2169
06/09/2022;TECA;144275
06/09/2022;VIX;14064
07/09/2022;BHZ;13733
07/09/2022;BSB;4904
07/09/2022;CGB;3465
07/09/2022;CGR;217
07/09/2022;FOR;3581
07/09/2022;RIO;27805
07/09/2022;POA;12895
07/09/2022;REC;9766
07/09/2022;SSA;4584
07/09/2022;TECA;107211
07/09/2022;VIX;8457
08/09/2022;BHZ;15731
08/09/2022;BSB;3747
08/09/2022;CGB;320
08/09/2022;CGR;1741
08/09/2022;FOR;3986
08/09/2022;RIO;37310
08/09/2022;MAO;2171
08/09/2022;POA;10080
08/09/2022;REC;8292
08/09/2022;SSA;7899
08/09/2022;TECA;114197
08/09/2022;VIX;9338
09/09/2022;BHZ;21783
09/09/2022;BSB;7325
09/09/2022;CGB;930
09/09/2022;CGR;4429
09/09/2022;FOR;1332
09/09/2022;RIO;31425
09/09/2022;MAO;2692
09/09/2022;POA;14193
09/09/2022;REC;6486
09/09/2022;SSA;3480
09/09/2022;TECA;145829
09/09/2022;VIX;13380
10/09/2022;BHZ;19510
10/09/2022;BSB;6307
10/09/2022;CGB;6322
10/09/2022;CGR;2364
10/09/2022;FOR;2270
10/09/2022;RIO;43685
10/09/2022;MAO;1948
10/09/2022;POA;9236
10/09/2022;REC;21546
10/09/2022;SSA;5147
10/09/2022;TECA;131509
10/09/2022;VIX;15139
11/09/2022;BHZ;2032
11/09/2022;BSB;1000
11/09/2022;RIO;2294
11/09/2022;POA;3524
11/09/2022;REC;5383
11/09/2022;SSA;1555
11/09/2022;TECA;32389
11/09/2022;VIX;83
12/09/2022;BHZ;16155
12/09/2022;BSB;6445
12/09/2022;CGB;5846
12/09/2022;CGR;3720
12/09/2022;FOR;2502
12/09/2022;RIO;34883
12/09/2022;MAO;1069
12/09/2022;POA;10649
12/09/2022;REC;11627
12/09/2022;SSA;11349
12/09/2022;TECA;59340
12/09/2022;VIX;9178
13/09/2022;BHZ;13855
13/09/2022;BSB;5958
13/09/2022;CGB;6594
13/09/2022;CGR;1362
13/09/2022;FOR;3587
13/09/2022;RIO;45035
13/09/2022;MAO;896
13/09/2022;POA;15432
13/09/2022;REC;14693
13/09/2022;SSA;1351
13/09/2022;TECA;130574
13/09/2022;VIX;12594
14/09/2022;BHZ;25700
14/09/2022;BSB;5820
14/09/2022;CGB;4623
14/09/2022;CGR;906
14/09/2022;FOR;1849
14/09/2022;RIO;41552
14/09/2022;MAO;1519
14/09/2022;POA;13427
14/09/2022;REC;12796
14/09/2022;SSA;1192
14/09/2022;TECA;149211
14/09/2022;VIX;16628
15/09/2022;BHZ;23842
15/09/2022;BSB;4724
15/09/2022;CGB;321
15/09/2022;CGR;2029
15/09/2022;FOR;4184
15/09/2022;RIO;41508
15/09/2022;MAO;3953
15/09/2022;POA;14642
15/09/2022;REC;3759
15/09/2022;SSA;7640
15/09/2022;TECA;151267
15/09/2022;VIX;13940
16/09/2022;BHZ;23838
16/09/2022;BSB;9152
16/09/2022;CGB;6615
16/09/2022;CGR;4017
16/09/2022;FOR;695
16/09/2022;RIO;40942
16/09/2022;MAO;3037
16/09/2022;POA;15506
16/09/2022;REC;17800
16/09/2022;SSA;6376
16/09/2022;TECA;140247
16/09/2022;VIX;16819
17/09/2022;BHZ;17217
17/09/2022;BSB;5261
17/09/2022;CGB;6848
17/09/2022;CGR;1739
17/09/2022;FOR;3826
17/09/2022;RIO;33562
17/09/2022;MAO;719
17/09/2022;POA;7400
17/09/2022;REC;11726
17/09/2022;SSA;6168
17/09/2022;TECA;126957
17/09/2022;VIX;13879
18/09/2022;BHZ;1931
18/09/2022;BSB;1143
18/09/2022;RIO;12983
18/09/2022;POA;3345
18/09/2022;REC;10266
18/09/2022;SSA;5006
18/09/2022;TECA;32836
18/09/2022;VIX;621
19/09/2022;BHZ;24333
19/09/2022;BSB;12140
19/09/2022;CGB;5713
19/09/2022;CGR;5903
19/09/2022;FOR;1738
19/09/2022;RIO;43742
19/09/2022;MAO;1131
19/09/2022;POA;13064
19/09/2022;REC;17289
19/09/2022;SSA;11589
19/09/2022;TECA;96277
19/09/2022;VIX;9879
20/09/2022;BHZ;23834
20/09/2022;BSB;4943
20/09/2022;CGB;4691
20/09/2022;CGR;479
20/09/2022;FOR;3351
20/09/2022;RIO;44668
20/09/2022;MAO;615
20/09/2022;POA;10490
20/09/2022;REC;15627
20/09/2022;SSA;1135
20/09/2022;TECA;126734
20/09/2022;VIX;15558
21/09/2022;BHZ;22981
21/09/2022;BSB;9196
21/09/2022;CGB;1731
21/09/2022;CGR;4017
21/09/2022;FOR;2222
21/09/2022;RIO;43936
21/09/2022;MAO;272
21/09/2022;POA;10861
21/09/2022;REC;10295
21/09/2022;SSA;2473
21/09/2022;TECA;140041
21/09/2022;VIX;14213
22/09/2022;BHZ;22920
22/09/2022;BSB;6828
22/09/2022;CGB;2963
22/09/2022;CGR;2627
22/09/2022;FOR;3963
22/09/2022;RIO;42101
22/09/2022;MAO;2406
22/09/2022;POA;16346
22/09/2022;REC;13260
22/09/2022;SSA;9097
22/09/2022;TECA;137454
22/09/2022;VIX;11292
23/09/2022;BHZ;22405
23/09/2022;BSB;7196
23/09/2022;CGB;7241
23/09/2022;CGR;3828
23/09/2022;FOR;1216
23/09/2022;RIO;38721
23/09/2022;MAO;2451
23/09/2022;POA;15495
23/09/2022;REC;9101
23/09/2022;SSA;5175
23/09/2022;TECA;126379
23/09/2022;VIX;14107
24/09/2022;BHZ;18390
24/09/2022;BSB;6910
24/09/2022;CGB;4500
24/09/2022;CGR;1878
24/09/2022;FOR;279
24/09/2022;RIO;37874
24/09/2022;MAO;1143
24/09/2022;POA;8501
24/09/2022;REC;9675
24/09/2022;SSA;8017
24/09/2022;TECA;110057
24/09/2022;VIX;14257
25/09/2022;BHZ;495
25/09/2022;BSB;1341
25/09/2022;RIO;10559
25/09/2022;POA;4766
25/09/2022;REC;9307
25/09/2022;SSA;4008
25/09/2022;TECA;27420
25/09/2022;VIX;24
26/09/2022;BHZ;17318
26/09/2022;BSB;7777
26/09/2022;CGB;7436
26/09/2022;CGR;4538
26/09/2022;FOR;4167
26/09/2022;RIO;32219
26/09/2022;MAO;2797
26/09/2022;POA;12510
26/09/2022;REC;12879
26/09/2022;SSA;7966
26/09/2022;TECA;54356
26/09/2022;VIX;12235
27/09/2022;BHZ;13532
27/09/2022;BSB;3719
27/09/2022;CGB;5295
27/09/2022;CGR;2053
27/09/2022;FOR;4353
27/09/2022;RIO;30819
27/09/2022;MAO;2462
27/09/2022;POA;12301
27/09/2022;REC;11685
27/09/2022;SSA;2211
27/09/2022;TECA;118699
27/09/2022;VIX;11482
28/09/2022;BHZ;22906
28/09/2022;BSB;4896
28/09/2022;CGB;4404
28/09/2022;CGR;2125
28/09/2022;FOR;3641
28/09/2022;RIO;37250
28/09/2022;MAO;407
28/09/2022;POA;13997
28/09/2022;REC;10037
28/09/2022;SSA;3322
28/09/2022;TECA;133733
28/09/2022;VIX;11481
29/09/2022;BHZ;15704
29/09/2022;BSB;4423
29/09/2022;CGB;2364
29/09/2022;CGR;3798
29/09/2022;FOR;1109
29/09/2022;RIO;35986
29/09/2022;MAO;2061
29/09/2022;POA;16091
29/09/2022;REC;10912
29/09/2022;SSA;4440
29/09/2022;TECA;132949
29/09/2022;VIX;13943
30/09/2022;BHZ;18378
30/09/2022;BSB;3828
30/09/2022;CGB;6942
30/09/2022;CGR;1891
30/09/2022;FOR;1369
30/09/2022;RIO;33402
30/09/2022;MAO;1996
30/09/2022;POA;13010
30/09/2022;REC;6343
30/09/2022;SSA;11424
30/09/2022;TECA;117940
30/09/2022;VIX;12554
01/10/2022;BHZ;18942
01/10/2022;BSB;3672
01/10/2022;CGB;3902
01/10/2022;CGR;1382
01/10/2022;FOR;1490
01/10/2022;RIO;31894
01/10/2022;MAO;1193
01/10/2022;POA;10661
01/10/2022;REC;7739
01/10/2022;SSA;9913
01/10/2022;TECA;99594
01/10/2022;VIX;13593
02/10/2022;BHZ;1910
02/10/2022;BSB;1309
02/10/2022;RIO;9442
02/10/2022;POA;2703
02/10/2022;REC;3995
02/10/2022;SSA;2733
02/10/2022;TECA;30993
02/10/2022;VIX;192
03/10/2022;BHZ;15351
03/10/2022;BSB;3410
03/10/2022;CGB;5572
03/10/2022;CGR;4425
03/10/2022;FOR;1980
03/10/2022;RIO;25883
03/10/2022;MAO;2000
03/10/2022;POA;12640
03/10/2022;REC;11692
03/10/2022;SSA;8383
03/10/2022;TECA;49629
03/10/2022;VIX;12075
04/10/2022;BHZ;23924
04/10/2022;BSB;3409
04/10/2022;CGB;3578
04/10/2022;CGR;1988
04/10/2022;FOR;3263
04/10/2022;RIO;28593
04/10/2022;MAO;1297
04/10/2022;POA;11571
04/10/2022;REC;13752
04/10/2022;SSA;5394
04/10/2022;TECA;109415
04/10/2022;VIX;13650
05/10/2022;BHZ;19922
05/10/2022;BSB;3484
05/10/2022;CGB;165
05/10/2022;CGR;2143
05/10/2022;FOR;1209
05/10/2022;RIO;31908
05/10/2022;MAO;1087
05/10/2022;POA;14652
05/10/2022;REC;14015
05/10/2022;SSA;1717
05/10/2022;TECA;119522
05/10/2022;VIX;15116
06/10/2022;BHZ;18650
06/10/2022;BSB;4235
06/10/2022;CGB;6579
06/10/2022;CGR;2661
06/10/2022;FOR;3283
06/10/2022;RIO;34102
06/10/2022;MAO;2180
06/10/2022;POA;15134
06/10/2022;REC;8594
06/10/2022;SSA;9425
06/10/2022;TECA;128321
06/10/2022;VIX;12626
07/10/2022;BHZ;21394
07/10/2022;BSB;4324
07/10/2022;CGB;3705
07/10/2022;CGR;3442
07/10/2022;FOR;1497
07/10/2022;RIO;30643
07/10/2022;MAO;2169
07/10/2022;POA;15855
07/10/2022;REC;10953
07/10/2022;SSA;6481
07/10/2022;TECA;110579
07/10/2022;VIX;13836
08/10/2022;BHZ;17019
08/10/2022;BSB;4426
08/10/2022;CGB;4464
08/10/2022;CGR;614
08/10/2022;FOR;174
08/10/2022;RIO;28021
08/10/2022;MAO;1028
08/10/2022;POA;7778
08/10/2022;REC;7379
08/10/2022;SSA;4669
08/10/2022;TECA;104635
08/10/2022;VIX;12977
09/10/2022;BHZ;1621
09/10/2022;BSB;848
09/10/2022;FOR;2361
09/10/2022;RIO;9933
09/10/2022;POA;5312
09/10/2022;REC;8231
09/10/2022;SSA;5220
09/10/2022;TECA;31798
09/10/2022;VIX;1
10/10/2022;BHZ;14211
10/10/2022;BSB;2763
10/10/2022;CGB;6654
10/10/2022;CGR;5007
10/10/2022;FOR;2757
10/10/2022;RIO;16569
10/10/2022;MAO;1463
10/10/2022;POA;13698
10/10/2022;REC;10958
10/10/2022;SSA;5457
10/10/2022;TECA;68289
10/10/2022;VIX;12073
11/10/2022;BHZ;17304
11/10/2022;BSB;4869
11/10/2022;CGB;4086
11/10/2022;CGR;1328
11/10/2022;FOR;3261
11/10/2022;RIO;30085
11/10/2022;MAO;732
11/10/2022;POA;12948
11/10/2022;REC;13129
11/10/2022;SSA;3075
11/10/2022;TECA;119999
11/10/2022;VIX;13714
12/10/2022;BHZ;17205
12/10/2022;BSB;3322
12/10/2022;CGB;129
12/10/2022;FOR;1080
12/10/2022;RIO;24085
12/10/2022;POA;11133
12/10/2022;REC;11357
12/10/2022;SSA;8035
12/10/2022;TECA;82106
12/10/2022;VIX;12150
13/10/2022;BHZ;15776
13/10/2022;BSB;2586
13/10/2022;CGB;4625
13/10/2022;CGR;4191
13/10/2022;FOR;1277
13/10/2022;RIO;33143
13/10/2022;MAO;1505
13/10/2022;POA;8484
13/10/2022;REC;12288
13/10/2022;SSA;7793
13/10/2022;TECA;119135
13/10/2022;VIX;12008
14/10/2022;BHZ;20260
14/10/2022;BSB;3809
14/10/2022;CGB;4170
14/10/2022;CGR;1371
14/10/2022;FOR;2870
14/10/2022;RIO;31629
14/10/2022;MAO;2905
14/10/2022;POA;14203
14/10/2022;REC;11766
14/10/2022;SSA;3636
14/10/2022;TECA;151366
14/10/2022;VIX;13820
15/10/2022;BHZ;17586
15/10/2022;BSB;4692
15/10/2022;CGB;3103
15/10/2022;CGR;3707
15/10/2022;FOR;1877
15/10/2022;RIO;30348
15/10/2022;MAO;1379
15/10/2022;POA;13957
15/10/2022;REC;11007
15/10/2022;SSA;8421
15/10/2022;TECA;136567
15/10/2022;VIX;14188
16/10/2022;BHZ;500
16/10/2022;BSB;1992
16/10/2022;CGB;112
16/10/2022;FOR;1265
16/10/2022;RIO;11435
16/10/2022;POA;5400
16/10/2022;REC;7938
16/10/2022;SSA;6421
16/10/2022;TECA;41486
16/10/2022;VIX;4516
17/10/2022;BHZ;19443
17/10/2022;BSB;3303
17/10/2022;CGB;5784
17/10/2022;CGR;3690
17/10/2022;FOR;2037
17/10/2022;RIO;22548
17/10/2022;MAO;1938
17/10/2022;POA;13370
17/10/2022;REC;13661
17/10/2022;SSA;6338
17/10/2022;TECA;91975
17/10/2022;VIX;7164
18/10/2022;BHZ;19923
18/10/2022;BSB;2643
18/10/2022;CGB;5949
18/10/2022;CGR;1612
18/10/2022;FOR;1382
18/10/2022;RIO;28648
18/10/2022;MAO;1736
18/10/2022;POA;12222
18/10/2022;REC;13720
18/10/2022;SSA;5041
18/10/2022;TECA;136359
18/10/2022;VIX;14436
19/10/2022;BHZ;21561
19/10/2022;BSB;4381
19/10/2022;CGB;3427
19/10/2022;CGR;1877
19/10/2022;FOR;3617
19/10/2022;RIO;36039
19/10/2022;MAO;791
19/10/2022;POA;14382
19/10/2022;REC;13601
19/10/2022;SSA;2267
19/10/2022;TECA;139612
19/10/2022;VIX;15158
20/10/2022;BHZ;22824
20/10/2022;BSB;4911
20/10/2022;CGB;3363
20/10/2022;CGR;2524
20/10/2022;FOR;3407
20/10/2022;RIO;32195
20/10/2022;MAO;2851
20/10/2022;POA;15563
20/10/2022;REC;8638
20/10/2022;SSA;7817
20/10/2022;TECA;126336
20/10/2022;VIX;11155
21/10/2022;BHZ;27553
21/10/2022;BSB;4677
21/10/2022;CGB;3210
21/10/2022;CGR;1282
21/10/2022;FOR;2142
21/10/2022;RIO;37261
21/10/2022;MAO;1326
21/10/2022;POA;14220
21/10/2022;REC;16156
21/10/2022;SSA;9311
21/10/2022;TECA;120404
21/10/2022;VIX;13777
22/10/2022;BHZ;22336
22/10/2022;BSB;3760
22/10/2022;CGB;3481
22/10/2022;CGR;4108
22/10/2022;FOR;3035
22/10/2022;RIO;26307
22/10/2022;MAO;1935
22/10/2022;POA;7062
22/10/2022;REC;9181
22/10/2022;SSA;8850
22/10/2022;TECA;114581
22/10/2022;VIX;14707
23/10/2022;BHZ;1230
23/10/2022;BSB;1001
23/10/2022;FOR;3640
23/10/2022;RIO;7011
23/10/2022;POA;7498
23/10/2022;REC;8038
23/10/2022;SSA;2083
23/10/2022;TECA;39083
23/10/2022;VIX;4708
24/10/2022;BHZ;16740
24/10/2022;BSB;4323
24/10/2022;CGB;7469
24/10/2022;CGR;3416
24/10/2022;FOR;3073
24/10/2022;RIO;20755
24/10/2022;MAO;1330
24/10/2022;POA;13570
24/10/2022;REC;11911
24/10/2022;SSA;4833
24/10/2022;TECA;64143
24/10/2022;VIX;9078
25/10/2022;BHZ;12744
25/10/2022;BSB;2863
25/10/2022;CGB;3172
25/10/2022;CGR;565
25/10/2022;FOR;3765
25/10/2022;RIO;31828
25/10/2022;MAO;1906
25/10/2022;POA;11265
25/10/2022;REC;13351
25/10/2022;SSA;7228
25/10/2022;TECA;115709
25/10/2022;VIX;13980
26/10/2022;BHZ;23858
26/10/2022;BSB;4468
26/10/2022;CGB;3018
26/10/2022;CGR;3069
26/10/2022;FOR;3469
26/10/2022;RIO;30384
26/10/2022;MAO;1806
26/10/2022;POA;13329
26/10/2022;REC;14793
26/10/2022;SSA;5937
26/10/2022;TECA;134488
26/10/2022;VIX;10450
27/10/2022;BHZ;18337
27/10/2022;BSB;4052
27/10/2022;CGB;3081
27/10/2022;CGR;2167
27/10/2022;FOR;5156
27/10/2022;RIO;29931
27/10/2022;MAO;2154
27/10/2022;POA;12793
27/10/2022;REC;7513
27/10/2022;SSA;7301
27/10/2022;TECA;125828
27/10/2022;VIX;12142
28/10/2022;BHZ;18692
28/10/2022;BSB;4532
28/10/2022;CGB;3918
28/10/2022;CGR;1908
28/10/2022;FOR;1867
28/10/2022;RIO;29212
28/10/2022;MAO;2755
28/10/2022;POA;12724
28/10/2022;REC;12539
28/10/2022;SSA;6850
28/10/2022;TECA;134086
28/10/2022;VIX;11364
29/10/2022;BHZ;14473
29/10/2022;BSB;3716
29/10/2022;CGB;1691
29/10/2022;CGR;3529
29/10/2022;FOR;1573
29/10/2022;RIO;25827
29/10/2022;MAO;1187
29/10/2022;POA;7942
29/10/2022;REC;9385
29/10/2022;SSA;6912
29/10/2022;TECA;107945
29/10/2022;VIX;9513
30/10/2022;BHZ;2629
30/10/2022;BSB;1251
30/10/2022;CGB;38
30/10/2022;FOR;840
30/10/2022;RIO;10658
30/10/2022;POA;5660
30/10/2022;REC;8436
30/10/2022;SSA;2590
30/10/2022;TECA;22568
30/10/2022;VIX;4335
31/10/2022;BHZ;15719
31/10/2022;BSB;1951
31/10/2022;CGB;7291
31/10/2022;CGR;2245
31/10/2022;FOR;3247
31/10/2022;RIO;14440
31/10/2022;MAO;2254
31/10/2022;POA;8312
31/10/2022;REC;9739
31/10/2022;SSA;8253
31/10/2022;TECA;51477
31/10/2022;VIX;3555
01/11/2022;BHZ;7603
01/11/2022;BSB;501
01/11/2022;CGB;249
01/11/2022;CGR;187
01/11/2022;FOR;3739
01/11/2022;RIO;14031
01/11/2022;MAO;3435
01/11/2022;POA;2978
01/11/2022;REC;12530
01/11/2022;SSA;7934
01/11/2022;TECA;60972
01/11/2022;VIX;9561
02/11/2022;BHZ;2898
02/11/2022;BSB;324
02/11/2022;FOR;3864
02/11/2022;RIO;8397
02/11/2022;MAO;554
02/11/2022;POA;1717
02/11/2022;REC;10349
02/11/2022;SSA;1377
02/11/2022;TECA;48088
02/11/2022;VIX;5825
03/11/2022;BHZ;15314
03/11/2022;BSB;6026
03/11/2022;CGB;3717
03/11/2022;CGR;107
03/11/2022;FOR;2015
03/11/2022;RIO;26067
03/11/2022;MAO;2625
03/11/2022;POA;3687
03/11/2022;REC;2762
03/11/2022;SSA;2067
03/11/2022;TECA;93506
03/11/2022;VIX;13238
04/11/2022;BHZ;17005
04/11/2022;BSB;5128
04/11/2022;CGB;1853
04/11/2022;CGR;5422
04/11/2022;FOR;1122
04/11/2022;RIO;25821
04/11/2022;MAO;2463
04/11/2022;POA;11306
04/11/2022;REC;2692
04/11/2022;SSA;8833
04/11/2022;TECA;140849
04/11/2022;VIX;13823
05/11/2022;BHZ;9753
05/11/2022;BSB;2416
05/11/2022;CGB;5778
05/11/2022;CGR;1534
05/11/2022;FOR;1775
05/11/2022;RIO;32099
05/11/2022;MAO;1410
05/11/2022;POA;11568
05/11/2022;REC;9721
05/11/2022;SSA;7772
05/11/2022;TECA;120258
05/11/2022;VIX;9744
06/11/2022;BHZ;4814
06/11/2022;BSB;629
06/11/2022;FOR;1366
06/11/2022;RIO;10211
06/11/2022;POA;8961
06/11/2022;REC;10790
06/11/2022;SSA;1469
06/11/2022;TECA;42843
06/11/2022;VIX;3968
07/11/2022;BHZ;8099
07/11/2022;BSB;7664
07/11/2022;CGB;6432
07/11/2022;CGR;3989
07/11/2022;FOR;4393
07/11/2022;RIO;21516
07/11/2022;MAO;2355
07/11/2022;POA;13484
07/11/2022;REC;7359
07/11/2022;SSA;6636
07/11/2022;TECA;59304
07/11/2022;VIX;8315
08/11/2022;BHZ;14914
08/11/2022;BSB;2868
08/11/2022;CGB;3629
08/11/2022;CGR;231
08/11/2022;FOR;4960
08/11/2022;RIO;26259
08/11/2022;MAO;423
08/11/2022;POA;20089
08/11/2022;REC;8233
08/11/2022;SSA;10429
08/11/2022;TECA;97549
08/11/2022;VIX;12603
09/11/2022;BHZ;23060
09/11/2022;BSB;3977
09/11/2022;CGB;734
09/11/2022;CGR;3201
09/11/2022;FOR;4208
09/11/2022;RIO;38548
09/11/2022;MAO;859
09/11/2022;POA;14601
09/11/2022;REC;16430
09/11/2022;SSA;5504
09/11/2022;TECA;146190
09/11/2022;VIX;14903
10/11/2022;BHZ;23058
10/11/2022;BSB;5547
10/11/2022;CGB;2156
10/11/2022;CGR;2903
10/11/2022;FOR;5013
10/11/2022;RIO;40926
10/11/2022;MAO;3254
10/11/2022;POA;17474
10/11/2022;REC;14362
10/11/2022;SSA;10107
10/11/2022;TECA;138737
10/11/2022;VIX;15518
11/11/2022;BHZ;23358
11/11/2022;BSB;5509
11/11/2022;CGB;5292
11/11/2022;CGR;3717
11/11/2022;FOR;2510
11/11/2022;RIO;34163
11/11/2022;MAO;2747
11/11/2022;POA;13523
11/11/2022;REC;12346
11/11/2022;SSA;7615
11/11/2022;TECA;145090
11/11/2022;VIX;19086
12/11/2022;BHZ;19418
12/11/2022;BSB;3797
12/11/2022;CGB;4464
12/11/2022;CGR;1756
12/11/2022;FOR;2138
12/11/2022;RIO;32645
12/11/2022;MAO;1485
12/11/2022;POA;11054
12/11/2022;REC;12341
12/11/2022;SSA;4458
12/11/2022;TECA;133829
12/11/2022;VIX;21473
13/11/2022;BHZ;3796
13/11/2022;BSB;1
13/11/2022;CGR;2
13/11/2022;FOR;1229
13/11/2022;RIO;10200
13/11/2022;POA;4020
13/11/2022;REC;6389
13/11/2022;SSA;8114
13/11/2022;TECA;36843
13/11/2022;VIX;13606
14/11/2022;BHZ;925
14/11/2022;BSB;5426
14/11/2022;CGB;1353
14/11/2022;FOR;623
14/11/2022;RIO;4289
14/11/2022;MAO;783
14/11/2022;POA;10474
14/11/2022;REC;9926
14/11/2022;SSA;9840
14/11/2022;TECA;26545
14/11/2022;VIX;3437
15/11/2022;BHZ;7021
15/11/2022;BSB;1427
15/11/2022;CGB;7501
15/11/2022;CGR;3282
15/11/2022;FOR;5637
15/11/2022;RIO;16912
15/11/2022;MAO;2161
15/11/2022;POA;4619
15/11/2022;REC;8220
15/11/2022;SSA;2882
15/11/2022;TECA;55857
15/11/2022;VIX;11697
16/11/2022;BHZ;15919
16/11/2022;BSB;2733
16/11/2022;CGB;1607
16/11/2022;CGR;1906
16/11/2022;FOR;1992
16/11/2022;RIO;29428
16/11/2022;MAO;1149
16/11/2022;POA;10656
16/11/2022;REC;12952
16/11/2022;SSA;7752
16/11/2022;TECA;94725
16/11/2022;VIX;9645
17/11/2022;BHZ;21778
17/11/2022;BSB;4064
17/11/2022;CGB;3599
17/11/2022;CGR;2190
17/11/2022;FOR;4472
17/11/2022;RIO;37049
17/11/2022;MAO;3085
17/11/2022;POA;16017
17/11/2022;REC;16215
17/11/2022;SSA;2755
17/11/2022;TECA;140900
17/11/2022;VIX;16197
18/11/2022;BHZ;23603
18/11/2022;BSB;4224
18/11/2022;CGB;2637
18/11/2022;CGR;4342
18/11/2022;FOR;3582
18/11/2022;RIO;40220
18/11/2022;MAO;2634
18/11/2022;POA;14943
18/11/2022;REC;13271
18/11/2022;SSA;10553
18/11/2022;TECA;145793
18/11/2022;VIX;19785
19/11/2022;BHZ;16898
19/11/2022;BSB;4058
19/11/2022;CGB;4333
19/11/2022;CGR;1020
19/11/2022;FOR;4648
19/11/2022;RIO;34183
19/11/2022;MAO;2724
19/11/2022;POA;9077
19/11/2022;REC;12731
19/11/2022;SSA;7385
19/11/2022;TECA;148908
19/11/2022;VIX;15780
20/11/2022;BHZ;6344
20/11/2022;BSB;4418
20/11/2022;CGB;1916
20/11/2022;CGR;641
20/11/2022;RIO;12301
20/11/2022;POA;11508
20/11/2022;REC;10241
20/11/2022;SSA;11797
20/11/2022;TECA;60408
20/11/2022;VIX;9564
21/11/2022;BHZ;20807
21/11/2022;BSB;4054
21/11/2022;CGB;6263
21/11/2022;CGR;4768
21/11/2022;FOR;5276
21/11/2022;RIO;27694
21/11/2022;MAO;2135
21/11/2022;POA;14505
21/11/2022;REC;14385
21/11/2022;SSA;5560
21/11/2022;TECA;110434
21/11/2022;VIX;10836
22/11/2022;BHZ;20822
22/11/2022;BSB;4066
22/11/2022;CGB;4237
22/11/2022;CGR;2435
22/11/2022;FOR;4719
22/11/2022;RIO;30142
22/11/2022;MAO;1658
22/11/2022;POA;13404
22/11/2022;REC;15117
22/11/2022;SSA;11380
22/11/2022;TECA;158700
22/11/2022;VIX;14810
23/11/2022;BHZ;24952
23/11/2022;BSB;4056
23/11/2022;CGB;3411
23/11/2022;CGR;3437
23/11/2022;FOR;6389
23/11/2022;RIO;46690
23/11/2022;MAO;1441
23/11/2022;POA;16275
23/11/2022;REC;12395
23/11/2022;SSA;5708
23/11/2022;TECA;168418
23/11/2022;VIX;16191
24/11/2022;BHZ;23566
24/11/2022;BSB;6906
24/11/2022;CGB;4751
24/11/2022;CGR;1663
24/11/2022;FOR;4432
24/11/2022;RIO;36554
24/11/2022;MAO;1810
24/11/2022;POA;17347
24/11/2022;REC;12762
24/11/2022;SSA;9781
24/11/2022;TECA;155115
24/11/2022;VIX;17294
25/11/2022;BHZ;23301
25/11/2022;BSB;4122
25/11/2022;CGB;4641
25/11/2022;CGR;2956
25/11/2022;FOR;2804
25/11/2022;RIO;30101
25/11/2022;MAO;2854
25/11/2022;POA;16141
25/11/2022;REC;12696
25/11/2022;SSA;10682
25/11/2022;TECA;151880
25/11/2022;VIX;16993
26/11/2022;BHZ;18554
26/11/2022;BSB;4559
26/11/2022;CGB;1454
26/11/2022;CGR;1198
26/11/2022;FOR;3708
26/11/2022;RIO;43887
26/11/2022;MAO;3035
26/11/2022;POA;13567
26/11/2022;REC;15354
26/11/2022;SSA;8302
26/11/2022;TECA;150897
26/11/2022;VIX;19763
27/11/2022;BHZ;10266
27/11/2022;BSB;3086
27/11/2022;CGB;3833
27/11/2022;CGR;1189
27/11/2022;FOR;3954
27/11/2022;RIO;17004
27/11/2022;MAO;1569
27/11/2022;POA;16038
27/11/2022;REC;12528
27/11/2022;SSA;14123
27/11/2022;TECA;82001
27/11/2022;VIX;16334
28/11/2022;BHZ;21284
28/11/2022;BSB;3948
28/11/2022;CGB;5551
28/11/2022;CGR;4844
28/11/2022;FOR;2416
28/11/2022;RIO;23888
28/11/2022;MAO;2185
28/11/2022;POA;12450
28/11/2022;REC;11325
28/11/2022;SSA;8189
28/11/2022;TECA;103828
28/11/2022;VIX;13312
29/11/2022;BHZ;19812
29/11/2022;BSB;4076
29/11/2022;CGB;4648
29/11/2022;CGR;2319
29/11/2022;FOR;3636
29/11/2022;RIO;33458
29/11/2022;MAO;1825
29/11/2022;POA;10578
29/11/2022;REC;14197
29/11/2022;SSA;9484
29/11/2022;TECA;147511
29/11/2022;VIX;27228
30/11/2022;BHZ;20471
30/11/2022;BSB;4208
30/11/2022;CGB;198
30/11/2022;CGR;3726
30/11/2022;FOR;5451
30/11/2022;RIO;49621
30/11/2022;MAO;2477
30/11/2022;POA;15400
30/11/2022;REC;18982
30/11/2022;SSA;6979
30/11/2022;TECA;164189
30/11/2022;VIX;28307
01/12/2022;BHZ;23359
01/12/2022;BSB;4971
01/12/2022;CGB;5004
01/12/2022;CGR;2107
01/12/2022;FOR;3539
01/12/2022;RIO;48231
01/12/2022;MAO;3303
01/12/2022;POA;16377
01/12/2022;REC;15964
01/12/2022;SSA;9338
01/12/2022;TECA;153378
01/12/2022;VIX;8195
02/12/2022;BHZ;21827
02/12/2022;BSB;7114
02/12/2022;CGB;3508
02/12/2022;CGR;2610
02/12/2022;FOR;1972
02/12/2022;RIO;32504
02/12/2022;MAO;2269
02/12/2022;POA;14906
02/12/2022;REC;11997
02/12/2022;SSA;8772
02/12/2022;TECA;144632
02/12/2022;VIX;12885
03/12/2022;BHZ;23685
03/12/2022;BSB;5899
03/12/2022;CGB;211
03/12/2022;CGR;806
03/12/2022;FOR;1346
03/12/2022;RIO;22572
03/12/2022;MAO;2333
03/12/2022;POA;13426
03/12/2022;REC;12910
03/12/2022;SSA;9506
03/12/2022;TECA;151004
03/12/2022;VIX;14985
04/12/2022;BHZ;6462
04/12/2022;BSB;2618
04/12/2022;CGB;21
04/12/2022;CGR;370
04/12/2022;FOR;263
04/12/2022;RIO;16950
04/12/2022;MAO;450
04/12/2022;POA;11067
04/12/2022;REC;10690
04/12/2022;SSA;12330
04/12/2022;TECA;107958
04/12/2022;VIX;5815
05/12/2022;BHZ;18611
05/12/2022;BSB;5074
05/12/2022;CGB;9191
05/12/2022;CGR;1838
05/12/2022;FOR;2993
05/12/2022;RIO;23898
05/12/2022;MAO;3057
05/12/2022;POA;14391
05/12/2022;REC;15230
05/12/2022;SSA;3929
05/12/2022;TECA;117198
05/12/2022;VIX;11296
06/12/2022;BHZ;28274
06/12/2022;BSB;5536
06/12/2022;CGB;5222
06/12/2022;CGR;3704
06/12/2022;FOR;2176
06/12/2022;RIO;27467
06/12/2022;MAO;3963
06/12/2022;POA;17363
06/12/2022;REC;14444
06/12/2022;SSA;12466
06/12/2022;TECA;154632
06/12/2022;VIX;25196
07/12/2022;BHZ;20389
07/12/2022;BSB;7496
07/12/2022;CGB;5763
07/12/2022;CGR;2582
07/12/2022;FOR;4142
07/12/2022;RIO;37914
07/12/2022;MAO;2843
07/12/2022;POA;15057
07/12/2022;REC;14361
07/12/2022;SSA;12932
07/12/2022;TECA;156200
07/12/2022;VIX;18481
08/12/2022;BHZ;24605
08/12/2022;BSB;7380
08/12/2022;CGB;993
08/12/2022;CGR;3437
08/12/2022;FOR;1935
08/12/2022;RIO;36925
08/12/2022;MAO;2637
08/12/2022;POA;14108
08/12/2022;REC;13211
08/12/2022;SSA;7285
08/12/2022;TECA;137016
08/12/2022;VIX;22046
09/12/2022;BHZ;13478
09/12/2022;BSB;2000
09/12/2022;CGB;4359
09/12/2022;CGR;1649
09/12/2022;FOR;2620
09/12/2022;RIO;32017
09/12/2022;MAO;1866
09/12/2022;POA;16496
09/12/2022;REC;9610
09/12/2022;SSA;5964
09/12/2022;TECA;130025
09/12/2022;VIX;14866
10/12/2022;BHZ;15702
10/12/2022;BSB;6190
10/12/2022;CGB;4382
10/12/2022;CGR;3136
10/12/2022;FOR;1003
10/12/2022;RIO;31940
10/12/2022;MAO;1597
10/12/2022;POA;14183
10/12/2022;REC;12250
10/12/2022;SSA;8798
10/12/2022;TECA;93925
10/12/2022;VIX;9406
11/12/2022;BHZ;14084
11/12/2022;BSB;4589
11/12/2022;CGB;57
11/12/2022;CGR;134
11/12/2022;FOR;1793
11/12/2022;RIO;11697
11/12/2022;POA;15076
11/12/2022;REC;11553
11/12/2022;SSA;5459
11/12/2022;TECA;38947
11/12/2022;VIX;4138
12/12/2022;BHZ;19294
12/12/2022;BSB;4821
12/12/2022;CGB;7055
12/12/2022;CGR;5642
12/12/2022;FOR;2311
12/12/2022;RIO;20420
12/12/2022;MAO;1131
12/12/2022;POA;16294
12/12/2022;REC;11390
12/12/2022;SSA;5103
12/12/2022;TECA;85619
12/12/2022;VIX;7095
13/12/2022;BHZ;20096
13/12/2022;BSB;5481
13/12/2022;CGB;3331
13/12/2022;CGR;1297
13/12/2022;FOR;2717
13/12/2022;RIO;33640
13/12/2022;MAO;1460
13/12/2022;POA;23715
13/12/2022;REC;11072
13/12/2022;SSA;9090
13/12/2022;TECA;143500
13/12/2022;VIX;14780
14/12/2022;BHZ;25078
14/12/2022;BSB;5307
14/12/2022;CGB;2476
14/12/2022;CGR;2723
14/12/2022;FOR;2442
14/12/2022;RIO;33654
14/12/2022;MAO;2250
14/12/2022;POA;15543
14/12/2022;REC;13319
14/12/2022;SSA;9709
14/12/2022;TECA;136845
14/12/2022;VIX;14203
15/12/2022;BHZ;25676
15/12/2022;BSB;4644
15/12/2022;CGB;3278
15/12/2022;CGR;511
15/12/2022;FOR;2496
15/12/2022;RIO;39648
15/12/2022;MAO;3283
15/12/2022;POA;18823
15/12/2022;REC;11593
15/12/2022;SSA;8198
15/12/2022;TECA;97290
15/12/2022;VIX;13974
16/12/2022;BHZ;24443
16/12/2022;BSB;4466
16/12/2022;CGB;3997
16/12/2022;CGR;4316
16/12/2022;FOR;3194
16/12/2022;RIO;33864
16/12/2022;MAO;3150
16/12/2022;POA;15116
16/12/2022;REC;12767
16/12/2022;SSA;7701
16/12/2022;TECA;99975
16/12/2022;VIX;13120
17/12/2022;BHZ;19436
17/12/2022;BSB;5709
17/12/2022;CGB;1755
17/12/2022;CGR;585
17/12/2022;FOR;265
17/12/2022;RIO;34098
17/12/2022;MAO;1167
17/12/2022;POA;9243
17/12/2022;REC;10589
17/12/2022;SSA;9406
17/12/2022;TECA;108966
17/12/2022;VIX;14075
18/12/2022;BHZ;4860
18/12/2022;FOR;155
18/12/2022;RIO;13048
18/12/2022;POA;10945
18/12/2022;REC;8976
18/12/2022;SSA;11840
18/12/2022;TECA;60801
18/12/2022;VIX;4635
19/12/2022;BHZ;19017
19/12/2022;BSB;5721
19/12/2022;CGB;7041
19/12/2022;CGR;3697
19/12/2022;FOR;3714
19/12/2022;RIO;19835
19/12/2022;MAO;1967
19/12/2022;POA;12508
19/12/2022;REC;8233
19/12/2022;SSA;3212
19/12/2022;TECA;110473
19/12/2022;VIX;6917
20/12/2022;BHZ;23930
20/12/2022;BSB;4232
20/12/2022;CGB;2032
20/12/2022;CGR;1671
20/12/2022;FOR;845
20/12/2022;RIO;32324
20/12/2022;MAO;1659
20/12/2022;POA;13086
20/12/2022;REC;12269
20/12/2022;SSA;11211
20/12/2022;TECA;147390
20/12/2022;VIX;15461
21/12/2022;BHZ;21549
21/12/2022;BSB;4423
21/12/2022;CGB;6039
21/12/2022;CGR;2599
21/12/2022;FOR;1959
21/12/2022;RIO;34194
21/12/2022;MAO;1503
21/12/2022;POA;15402
21/12/2022;REC;13043
21/12/2022;SSA;6283
21/12/2022;TECA;168066
21/12/2022;VIX;11902
22/12/2022;BHZ;19292
22/12/2022;BSB;5431
22/12/2022;CGB;982
22/12/2022;CGR;2713
22/12/2022;FOR;2468
22/12/2022;RIO;38548
22/12/2022;MAO;2746
22/12/2022;POA;15785
22/12/2022;REC;10322
22/12/2022;SSA;7290
22/12/2022;TECA;165555
22/12/2022;VIX;12277
23/12/2022;BHZ;21333
23/12/2022;BSB;5068
23/12/2022;CGB;7214
23/12/2022;CGR;3389
23/12/2022;FOR;1179
23/12/2022;RIO;32163
23/12/2022;MAO;3305
23/12/2022;POA;17321
23/12/2022;REC;10464
23/12/2022;SSA;5297
23/12/2022;TECA;155584
23/12/2022;VIX;10204
24/12/2022;BHZ;14163
24/12/2022;BSB;3899
24/12/2022;CGB;5844
24/12/2022;FOR;37
24/12/2022;RIO;19379
24/12/2022;MAO;1210
24/12/2022;POA;8149
24/12/2022;REC;7886
24/12/2022;SSA;5721
24/12/2022;TECA;71092
24/12/2022;VIX;6900
25/12/2022;RIO;172
25/12/2022;POA;231
25/12/2022;REC;5779
25/12/2022;SSA;9594
25/12/2022;TECA;1630
26/12/2022;BHZ;14831
26/12/2022;BSB;2709
26/12/2022;CGB;5632
26/12/2022;CGR;446
26/12/2022;FOR;4317
26/12/2022;RIO;17489
26/12/2022;MAO;1546
26/12/2022;POA;7149
26/12/2022;REC;13187
26/12/2022;SSA;7190
26/12/2022;TECA;105825
26/12/2022;VIX;5031
27/12/2022;BHZ;19930
27/12/2022;BSB;3523
27/12/2022;CGB;1626
27/12/2022;CGR;3985
27/12/2022;FOR;3146
27/12/2022;RIO;24575
27/12/2022;MAO;3017
27/12/2022;POA;12930
27/12/2022;REC;11273
27/12/2022;SSA;3988
27/12/2022;TECA;123149
27/12/2022;VIX;9853
28/12/2022;BHZ;18168
28/12/2022;BSB;4572
28/12/2022;CGB;4565
28/12/2022;CGR;2286
28/12/2022;FOR;1460
28/12/2022;RIO;29601
28/12/2022;MAO;2691
28/12/2022;POA;15590
28/12/2022;REC;11045
28/12/2022;SSA;5400
28/12/2022;TECA;137720
28/12/2022;VIX;12939
29/12/2022;BHZ;18094
29/12/2022;BSB;3970
29/12/2022;CGB;4489
29/12/2022;CGR;584
29/12/2022;FOR;2460
29/12/2022;RIO;22852
29/12/2022;MAO;1605
29/12/2022;POA;12398
29/12/2022;REC;6573
29/12/2022;SSA;6884
29/12/2022;TECA;136490
29/12/2022;VIX;12138
30/12/2022;BHZ;21196
30/12/2022;BSB;1392
30/12/2022;CGB;3614
30/12/2022;CGR;1085
30/12/2022;FOR;1561
30/12/2022;RIO;26048
30/12/2022;MAO;2134
30/12/2022;POA;9840
30/12/2022;REC;7132
30/12/2022;SSA;6316
30/12/2022;TECA;117438
30/12/2022;VIX;10884
31/12/2022;BHZ;11489
31/12/2022;BSB;3534
31/12/2022;CGB;1407
31/12/2022;CGR;1504
31/12/2022;FOR;1479
31/12/2022;RIO;11878
31/12/2022;MAO;1802
31/12/2022;POA;5217
31/12/2022;REC;5630
31/12/2022;SSA;9631
31/12/2022;TECA;52559
31/12/2022;VIX;5416
01/01/2023;POA;65
01/01/2023;REC;2571
01/01/2023;SSA;2302
01/01/2023;TECA;961
02/01/2023;BHZ;10324
02/01/2023;BSB;3928
02/01/2023;CGB;5811
02/01/2023;CGR;1125
02/01/2023;FOR;3561
02/01/2023;RIO;13808
02/01/2023;MAO;2523
02/01/2023;POA;8060
02/01/2023;REC;10246
02/01/2023;SSA;2023
02/01/2023;TECA;61909
02/01/2023;VIX;6111
03/01/2023;BHZ;11252
03/01/2023;BSB;2968
03/01/2023;CGB;5919
03/01/2023;CGR;1167
03/01/2023;FOR;3682
03/01/2023;RIO;19042
03/01/2023;MAO;2657
03/01/2023;POA;11366
03/01/2023;REC;9919
03/01/2023;SSA;6518
03/01/2023;TECA;100136
03/01/2023;VIX;8976
04/01/2023;BHZ;18570
04/01/2023;BSB;2822
04/01/2023;CGB;1988
04/01/2023;CGR;320
04/01/2023;FOR;2350
04/01/2023;RIO;27841
04/01/2023;MAO;2175
04/01/2023;POA;8928
04/01/2023;REC;7451
04/01/2023;SSA;5828
04/01/2023;TECA;124007
04/01/2023;VIX;9717
05/01/2023;BHZ;16660
05/01/2023;BSB;4362
05/01/2023;CGB;2662
05/01/2023;CGR;1675
05/01/2023;FOR;1393
05/01/2023;RIO;25891
05/01/2023;MAO;2455
05/01/2023;POA;15083
05/01/2023;REC;7728
05/01/2023;SSA;3499
05/01/2023;TECA;133295
05/01/2023;VIX;9458
06/01/2023;BHZ;17851
06/01/2023;BSB;3586
06/01/2023;CGB;4190
06/01/2023;CGR;1287
06/01/2023;FOR;1884
06/01/2023;RIO;27840
06/01/2023;MAO;2190
06/01/2023;POA;11347
06/01/2023;REC;7079
06/01/2023;SSA;10602
06/01/2023;TECA;134239
06/01/2023;VIX;8055
07/01/2023;BHZ;12221
07/01/2023;BSB;3234
07/01/2023;CGB;5632
07/01/2023;CGR;1114
07/01/2023;FOR;1825
07/01/2023;RIO;17226
07/01/2023;MAO;2180
07/01/2023;POA;9252
07/01/2023;REC;6291
07/01/2023;SSA;2449
07/01/2023;TECA;115984
07/01/2023;VIX;9990
08/01/2023;CGR;201
08/01/2023;FOR;963
08/01/2023;RIO;2553
08/01/2023;POA;470
08/01/2023;REC;6115
08/01/2023;SSA;3500
08/01/2023;TECA;26090
08/01/2023;VIX;47
09/01/2023;BHZ;17152
09/01/2023;BSB;3092
09/01/2023;CGB;7578
09/01/2023;CGR;2870
09/01/2023;FOR;2090
09/01/2023;RIO;19369
09/01/2023;MAO;3981
09/01/2023;POA;12297
09/01/2023;REC;10466
09/01/2023;SSA;13365
09/01/2023;TECA;70551
09/01/2023;VIX;7301
10/01/2023;BHZ;15585
10/01/2023;BSB;4821
10/01/2023;CGB;2145
10/01/2023;CGR;893
10/01/2023;FOR;4579
10/01/2023;RIO;19484
10/01/2023;MAO;1977
10/01/2023;POA;14955
10/01/2023;REC;9968
10/01/2023;SSA;3615
10/01/2023;TECA;132453
10/01/2023;VIX;13821
11/01/2023;BHZ;19418
11/01/2023;BSB;4115
11/01/2023;CGB;3521
11/01/2023;CGR;1131
11/01/2023;FOR;1968
11/01/2023;RIO;36895
11/01/2023;MAO;3203
11/01/2023;POA;12739
11/01/2023;REC;9989
11/01/2023;SSA;4239
11/01/2023;TECA;146612
11/01/2023;VIX;8435
12/01/2023;BHZ;18818
12/01/2023;BSB;2579
12/01/2023;CGB;1825
12/01/2023;CGR;1361
12/01/2023;FOR;1407
12/01/2023;RIO;31338
12/01/2023;MAO;2834
12/01/2023;POA;14548
12/01/2023;REC;8445
12/01/2023;SSA;5574
12/01/2023;TECA;151518
12/01/2023;VIX;13876
13/01/2023;BHZ;18955
13/01/2023;BSB;5364
13/01/2023;CGB;4753
13/01/2023;CGR;1305
13/01/2023;FOR;3153
13/01/2023;RIO;34138
13/01/2023;MAO;1934
13/01/2023;POA;13671
13/01/2023;REC;9362
13/01/2023;SSA;8130
13/01/2023;TECA;140238
13/01/2023;VIX;10954
14/01/2023;BHZ;14636
14/01/2023;BSB;3301
14/01/2023;CGB;2644
14/01/2023;CGR;452
14/01/2023;FOR;781
14/01/2023;RIO;30852
14/01/2023;MAO;456
14/01/2023;POA;6313
14/01/2023;REC;15005
14/01/2023;SSA;9235
14/01/2023;TECA;118792
14/01/2023;VIX;11650
15/01/2023;BHZ;2312
15/01/2023;CGB;46
15/01/2023;FOR;1098
15/01/2023;RIO;9890
15/01/2023;POA;4215
15/01/2023;REC;7995
15/01/2023;SSA;8152
15/01/2023;TECA;45926
15/01/2023;VIX;592
16/01/2023;BHZ;17829
16/01/2023;BSB;4654
16/01/2023;CGB;9252
16/01/2023;CGR;4613
16/01/2023;FOR;3042
16/01/2023;RIO;23760
16/01/2023;MAO;3655
16/01/2023;POA;13094
16/01/2023;REC;13482
16/01/2023;SSA;7148
16/01/2023;TECA;84951
16/01/2023;VIX;10036
17/01/2023;BHZ;19518
17/01/2023;BSB;2391
17/01/2023;CGB;392
17/01/2023;CGR;676
17/01/2023;FOR;2697
17/01/2023;RIO;29041
17/01/2023;MAO;2696
17/01/2023;POA;13083
17/01/2023;REC;12746
17/01/2023;SSA;5192
17/01/2023;TECA;138750
17/01/2023;VIX;10136
18/01/2023;BHZ;18135
18/01/2023;BSB;6761
18/01/2023;CGB;4246
18/01/2023;CGR;1465
18/01/2023;FOR;3913
18/01/2023;RIO;34642
18/01/2023;MAO;2570
18/01/2023;POA;13724
18/01/2023;REC;12840
18/01/2023;SSA;9081
18/01/2023;TECA;139369
18/01/2023;VIX;10990
19/01/2023;BHZ;19175
19/01/2023;BSB;4088
19/01/2023;CGB;8511
19/01/2023;CGR;1110
19/01/2023;FOR;2199
19/01/2023;RIO;31176
19/01/2023;MAO;2638
19/01/2023;POA;11745
19/01/2023;REC;10641
19/01/2023;SSA;6859
19/01/2023;TECA;140202
19/01/2023;VIX;13911
20/01/2023;BHZ;20132
20/01/2023;BSB;7283
20/01/2023;CGB;2773
20/01/2023;CGR;891
20/01/2023;FOR;1161
20/01/2023;RIO;26694
20/01/2023;MAO;2225
20/01/2023;POA;6059
20/01/2023;REC;11740
20/01/2023;SSA;9044
20/01/2023;TECA;141360
20/01/2023;VIX;14036
21/01/2023;BHZ;15114
21/01/2023;BSB;8828
21/01/2023;CGB;3078
21/01/2023;CGR;551
21/01/2023;FOR;1328
21/01/2023;RIO;23155
21/01/2023;MAO;1820
21/01/2023;POA;9303
21/01/2023;REC;10436
21/01/2023;SSA;3968
21/01/2023;TECA;118003
21/01/2023;VIX;9986
22/01/2023;BHZ;3575
22/01/2023;BSB;580
22/01/2023;CGB;32
22/01/2023;CGR;1
22/01/2023;RIO;10864
22/01/2023;POA;4246
22/01/2023;REC;9747
22/01/2023;SSA;5444
22/01/2023;TECA;55490
22/01/2023;VIX;336
23/01/2023;BHZ;19909
23/01/2023;BSB;6151
23/01/2023;CGB;7939
23/01/2023;CGR;1799
23/01/2023;FOR;3592
23/01/2023;RIO;19236
23/01/2023;MAO;4251
23/01/2023;POA;14044
23/01/2023;REC;10677
23/01/2023;SSA;9445
23/01/2023;TECA;79653
23/01/2023;VIX;9592
24/01/2023;BHZ;17885
24/01/2023;BSB;6328
24/01/2023;CGB;5084
24/01/2023;CGR;1701
24/01/2023;FOR;3421
24/01/2023;RIO;30150
24/01/2023;MAO;1741
24/01/2023;POA;12376
24/01/2023;REC;10868
24/01/2023;SSA;8300
24/01/2023;TECA;133574
24/01/2023;VIX;10478
25/01/2023;BHZ;17400
25/01/2023;BSB;4372
25/01/2023;CGB;4867
25/01/2023;CGR;998
25/01/2023;FOR;1518
25/01/2023;RIO;34143
25/01/2023;MAO;2644
25/01/2023;POA;11658
25/01/2023;REC;10907
25/01/2023;SSA;1570
25/01/2023;TECA;110332
25/01/2023;VIX;14006
26/01/2023;BHZ;19468
26/01/2023;BSB;6206
26/01/2023;CGB;2903
26/01/2023;CGR;624
26/01/2023;FOR;819
26/01/2023;RIO;30435
26/01/2023;MAO;1872
26/01/2023;POA;12039
26/01/2023;REC;6899
26/01/2023;SSA;9134
26/01/2023;TECA;124173
26/01/2023;VIX;11709
27/01/2023;BHZ;21082
27/01/2023;BSB;4733
27/01/2023;CGB;1986
27/01/2023;CGR;1170
27/01/2023;FOR;2913
27/01/2023;RIO;30207
27/01/2023;MAO;3132
27/01/2023;POA;15494
27/01/2023;REC;13249
27/01/2023;SSA;9570
27/01/2023;TECA;150130
27/01/2023;VIX;13082
28/01/2023;BHZ;16764
28/01/2023;BSB;2543
28/01/2023;CGB;4731
28/01/2023;CGR;470
28/01/2023;FOR;1978
28/01/2023;RIO;22549
28/01/2023;MAO;670
28/01/2023;POA;9007
28/01/2023;REC;12701
28/01/2023;SSA;4332
28/01/2023;TECA;134493
28/01/2023;VIX;8047
29/01/2023;BHZ;2696
29/01/2023;BSB;1722
29/01/2023;RIO;9752
29/01/2023;POA;2422
29/01/2023;REC;8781
29/01/2023;SSA;9239
29/01/2023;TECA;55662
29/01/2023;VIX;17
30/01/2023;BHZ;16844
30/01/2023;BSB;10764
30/01/2023;CGB;6850
30/01/2023;CGR;4160
30/01/2023;FOR;3712
30/01/2023;RIO;14004
30/01/2023;MAO;3749
30/01/2023;POA;14148
30/01/2023;REC;12225
30/01/2023;SSA;9111
30/01/2023;TECA;93068
30/01/2023;VIX;9212
31/01/2023;BHZ;20791
31/01/2023;BSB;5935
31/01/2023;CGB;4448
31/01/2023;CGR;3602
31/01/2023;FOR;3090
31/01/2023;RIO;21664
31/01/2023;MAO;2398
31/01/2023;POA;15201
31/01/2023;REC;10003
31/01/2023;SSA;3600
31/01/2023;TECA;137074
31/01/2023;VIX;13688
01/02/2023;BHZ;22075
01/02/2023;BSB;6448
01/02/2023;CGB;444
01/02/2023;CGR;3302
01/02/2023;FOR;1280
01/02/2023;RIO;34449
01/02/2023;MAO;1655
01/02/2023;POA;14153
01/02/2023;REC;7563
01/02/2023;SSA;5988
01/02/2023;TECA;142968
01/02/2023;VIX;10102
02/02/2023;BHZ;17884
02/02/2023;BSB;5685
02/02/2023;CGB;10545
02/02/2023;CGR;1792
02/02/2023;FOR;1437
02/02/2023;RIO;32988
02/02/2023;MAO;1872
02/02/2023;POA;8902
02/02/2023;REC;6661
02/02/2023;SSA;8685
02/02/2023;TECA;136060
02/02/2023;VIX;13545
03/02/2023;BHZ;18648
03/02/2023;BSB;5579
03/02/2023;CGB;2909
03/02/2023;CGR;2270
03/02/2023;FOR;2835
03/02/2023;RIO;30014
03/02/2023;MAO;1002
03/02/2023;POA;13966
03/02/2023;REC;16960
03/02/2023;SSA;6508
03/02/2023;TECA;150792
03/02/2023;VIX;12468
04/02/2023;BHZ;15962
04/02/2023;BSB;7186
04/02/2023;CGB;5356
04/02/2023;CGR;1050
04/02/2023;FOR;280
04/02/2023;RIO;17557
04/02/2023;MAO;674
04/02/2023;POA;7364
04/02/2023;REC;10380
04/02/2023;SSA;3363
04/02/2023;TECA;106424
04/02/2023;VIX;11446
05/02/2023;BHZ;2226
05/02/2023;CGB;27
05/02/2023;RIO;11753
05/02/2023;POA;4281
05/02/2023;REC;6924
05/02/2023;SSA;10708
05/02/2023;TECA;35075
05/02/2023;VIX;1389
06/02/2023;BHZ;17506
06/02/2023;BSB;5187
06/02/2023;CGB;7196
06/02/2023;CGR;4854
06/02/2023;FOR;5231
06/02/2023;RIO;10640
06/02/2023;MAO;4376
06/02/2023;POA;12760
06/02/2023;REC;13670
06/02/2023;SSA;10025
06/02/2023;TECA;61634
06/02/2023;VIX;8212
07/02/2023;BHZ;14837
07/02/2023;BSB;4163
07/02/2023;CGB;5725
07/02/2023;CGR;905
07/02/2023;FOR;3935
07/02/2023;RIO;21476
07/02/2023;MAO;4388
07/02/2023;POA;11690
07/02/2023;REC;11671
07/02/2023;SSA;2625
07/02/2023;TECA;143129
07/02/2023;VIX;12611
08/02/2023;BHZ;22938
08/02/2023;BSB;4060
08/02/2023;CGB;1730
08/02/2023;CGR;1785
08/02/2023;FOR;1568
08/02/2023;RIO;39151
08/02/2023;MAO;1689
08/02/2023;POA;11688
08/02/2023;REC;10100
08/02/2023;SSA;3734
08/02/2023;TECA;138587
08/02/2023;VIX;11741
09/02/2023;BHZ;17073
09/02/2023;BSB;5804
09/02/2023;CGB;1379
09/02/2023;CGR;1299
09/02/2023;FOR;2805
09/02/2023;RIO;43193
09/02/2023;MAO;349
09/02/2023;POA;14946
09/02/2023;REC;5565
09/02/2023;SSA;4474
09/02/2023;TECA;152621
09/02/2023;VIX;12485
10/02/2023;BHZ;20273
10/02/2023;BSB;4221
10/02/2023;CGB;2400
10/02/2023;CGR;3311
10/02/2023;FOR;2560
10/02/2023;RIO;40145
10/02/2023;MAO;2686
10/02/2023;POA;13113
10/02/2023;REC;11525
10/02/2023;SSA;10509
10/02/2023;TECA;148617
10/02/2023;VIX;14106
11/02/2023;BHZ;15567
11/02/2023;BSB;5535
11/02/2023;CGB;6467
11/02/2023;CGR;586
11/02/2023;FOR;2052
11/02/2023;RIO;32855
11/02/2023;MAO;2913
11/02/2023;POA;3466
11/02/2023;REC;9000
11/02/2023;SSA;6217
11/02/2023;TECA;128799
11/02/2023;VIX;11231
12/02/2023;BHZ;2993
12/02/2023;BSB;459
12/02/2023;CGB;39
12/02/2023;RIO;10243
12/02/2023;POA;5086
12/02/2023;REC;9209
12/02/2023;SSA;12239
12/02/2023;TECA;52168
12/02/2023;VIX;5710
13/02/2023;BHZ;20580
13/02/2023;BSB;5030
13/02/2023;CGB;6565
13/02/2023;CGR;3816
13/02/2023;FOR;4828
13/02/2023;RIO;34183
13/02/2023;MAO;3876
13/02/2023;POA;12011
13/02/2023;REC;10566
13/02/2023;SSA;1825
13/02/2023;TECA;118636
13/02/2023;VIX;10460
14/02/2023;BHZ;21809
14/02/2023;BSB;5674
14/02/2023;CGB;6273
14/02/2023;CGR;2790
14/02/2023;FOR;2443
14/02/2023;RIO;39645
14/02/2023;MAO;2445
14/02/2023;POA;10780
14/02/2023;REC;14019
14/02/2023;SSA;7932
14/02/2023;TECA;154716
14/02/2023;VIX;14189
15/02/2023;BHZ;24385
15/02/2023;BSB;6041
15/02/2023;CGB;2686
15/02/2023;CGR;1175
15/02/2023;FOR;1715
15/02/2023;RIO;35535
15/02/2023;MAO;2265
15/02/2023;POA;11725
15/02/2023;REC;5003
15/02/2023;SSA;3870
15/02/2023;TECA;160352
15/02/2023;VIX;13615
16/02/2023;BHZ;21924
16/02/2023;BSB;3325
16/02/2023;CGB;4560
16/02/2023;CGR;3056
16/02/2023;FOR;3510
16/02/2023;RIO;29661
16/02/2023;MAO;739
16/02/2023;POA;14186
16/02/2023;REC;10837
16/02/2023;SSA;9324
16/02/2023;TECA;152622
16/02/2023;VIX;16892
17/02/2023;BHZ;23365
17/02/2023;BSB;5435
17/02/2023;CGB;5941
17/02/2023;CGR;3065
17/02/2023;FOR;3156
17/02/2023;RIO;31162
17/02/2023;MAO;3683
17/02/2023;POA;12628
17/02/2023;REC;13217
17/02/2023;SSA;8542
17/02/2023;TECA;139973
17/02/2023;VIX;12372
18/02/2023;BHZ;18243
18/02/2023;BSB;5476
18/02/2023;CGB;6110
18/02/2023;CGR;482
18/02/2023;FOR;1300
18/02/2023;RIO;28080
18/02/2023;MAO;3396
18/02/2023;POA;5794
18/02/2023;REC;14199
18/02/2023;SSA;3816
18/02/2023;TECA;145022
18/02/2023;VIX;12529
19/02/2023;BHZ;1692
19/02/2023;BSB;271
19/02/2023;RIO;28543
19/02/2023;POA;3253
19/02/2023;REC;8224
19/02/2023;SSA;6658
19/02/2023;TECA;36060
19/02/2023;VIX;1418
20/02/2023;BHZ;18944
20/02/2023;BSB;3972
20/02/2023;CGB;7401
20/02/2023;CGR;2989
20/02/2023;FOR;3841
20/02/2023;RIO;18370
20/02/2023;MAO;4082
20/02/2023;POA;10847
20/02/2023;REC;13872
20/02/2023;SSA;9030
20/02/2023;TECA;68622
21/02/2023;BHZ;8408
21/02/2023;BSB;5894
21/02/2023;CGB;5803
21/02/2023;FOR;1410
21/02/2023;RIO;7736
21/02/2023;POA;6153
21/02/2023;REC;11408
21/02/2023;SSA;4688
21/02/2023;TECA;73221
21/02/2023;VIX;11550
22/02/2023;BHZ;15171
22/02/2023;BSB;2347
22/02/2023;CGB;6088
22/02/2023;CGR;3540
22/02/2023;FOR;2644
22/02/2023;RIO;14711
22/02/2023;MAO;3487
22/02/2023;POA;7372
22/02/2023;REC;4904
22/02/2023;SSA;1042
22/02/2023;TECA;76646
22/02/2023;VIX;17967
23/02/2023;BHZ;15860
23/02/2023;BSB;1572
23/02/2023;CGB;3233
23/02/2023;CGR;1869
23/02/2023;FOR;3403
23/02/2023;RIO;23444
23/02/2023;MAO;2084
23/02/2023;POA;11069
23/02/2023;REC;6473
23/02/2023;SSA;6255
23/02/2023;TECA;143843
23/02/2023;VIX;9934
24/02/2023;BHZ;20535
24/02/2023;BSB;5105
24/02/2023;CGB;2114
24/02/2023;CGR;1959
24/02/2023;FOR;3033
24/02/2023;RIO;28382
24/02/2023;MAO;3621
24/02/2023;POA;12796
24/02/2023;REC;7847
24/02/2023;SSA;5447
24/02/2023;TECA;156074
24/02/2023;VIX;10418
25/02/2023;BHZ;13799
25/02/2023;BSB;3954
25/02/2023;CGB;3292
25/02/2023;CGR;801
25/02/2023;FOR;985
25/02/2023;RIO;25120
25/02/2023;MAO;3345
25/02/2023;POA;10829
25/02/2023;REC;3788
25/02/2023;SSA;6432
25/02/2023;TECA;135171
25/02/2023;VIX;14754
26/02/2023;BHZ;2571
26/02/2023;BSB;620
26/02/2023;CGB;20
26/02/2023;RIO;25248
26/02/2023;POA;5241
26/02/2023;REC;4066
26/02/2023;SSA;5755
26/02/2023;TECA;42023
26/02/2023;VIX;630
27/02/2023;BHZ;16347
27/02/2023;BSB;7837
27/02/2023;CGB;6375
27/02/2023;CGR;2704
27/02/2023;FOR;3837
27/02/2023;RIO;14687
27/02/2023;MAO;2570
27/02/2023;POA;10290
27/02/2023;REC;13264
27/02/2023;SSA;7498
27/02/2023;TECA;74087
27/02/2023;VIX;9388
28/02/2023;BHZ;20238
28/02/2023;BSB;1775
28/02/2023;CGB;4589
28/02/2023;CGR;2340
28/02/2023;FOR;4537
28/02/2023;RIO;24732
28/02/2023;MAO;2347
28/02/2023;POA;11202
28/02/2023;REC;11634
28/02/2023;SSA;2352
28/02/2023;TECA;152919
28/02/2023;VIX;18722
01/03/2023;BHZ;18267
01/03/2023;BSB;5590
01/03/2023;CGB;5212
01/03/2023;CGR;2885
01/03/2023;FOR;2133
01/03/2023;RIO;26757
01/03/2023;MAO;925
01/03/2023;POA;11365
01/03/2023;REC;5485
01/03/2023;SSA;4343
01/03/2023;TECA;153151
01/03/2023;VIX;13869
02/03/2023;BHZ;19762
02/03/2023;BSB;7117
02/03/2023;CGB;3567
02/03/2023;CGR;1758
02/03/2023;FOR;1155
02/03/2023;RIO;31499
02/03/2023;MAO;208
02/03/2023;POA;16298
02/03/2023;REC;8984
02/03/2023;SSA;8983
02/03/2023;TECA;156765
02/03/2023;VIX;15259
03/03/2023;BHZ;19410
03/03/2023;BSB;4655
03/03/2023;CGB;2165
03/03/2023;CGR;3061
03/03/2023;FOR;2897
03/03/2023;RIO;27936
03/03/2023;MAO;3736
03/03/2023;POA;15249
03/03/2023;REC;10979
03/03/2023;SSA;7086
03/03/2023;TECA;148247
03/03/2023;VIX;15767
04/03/2023;BHZ;20497
04/03/2023;BSB;7502
04/03/2023;CGB;6169
04/03/2023;CGR;2353
04/03/2023;FOR;1686
04/03/2023;RIO;25606
04/03/2023;MAO;2628
04/03/2023;POA;7657
04/03/2023;REC;10016
04/03/2023;SSA;12271
04/03/2023;TECA;130593
04/03/2023;VIX;12259
05/03/2023;BHZ;1482
05/03/2023;BSB;1
05/03/2023;FOR;582
05/03/2023;RIO;24534
05/03/2023;POA;4437
05/03/2023;REC;7924
05/03/2023;SSA;6820
05/03/2023;TECA;30907
05/03/2023;VIX;3238
06/03/2023;BHZ;14696
06/03/2023;BSB;6645
06/03/2023;CGB;6207
06/03/2023;CGR;4133
06/03/2023;FOR;4698
06/03/2023;RIO;21906
06/03/2023;MAO;2100
06/03/2023;POA;13414
06/03/2023;REC;12104
06/03/2023;SSA;7263
06/03/2023;TECA;77674
06/03/2023;VIX;12593
07/03/2023;BHZ;18249
07/03/2023;BSB;4667
07/03/2023;CGB;5394
07/03/2023;CGR;1740
07/03/2023;FOR;3535
07/03/2023;RIO;22934
07/03/2023;MAO;2449
07/03/2023;POA;14890
07/03/2023;REC;12056
07/03/2023;SSA;1996
07/03/2023;TECA;147612
07/03/2023;VIX;12136
08/03/2023;BHZ;18256
08/03/2023;BSB;5216
08/03/2023;CGB;1658
08/03/2023;CGR;1739
08/03/2023;FOR;3419
08/03/2023;RIO;37259
08/03/2023;MAO;1964
08/03/2023;POA;10354
08/03/2023;REC;6914
08/03/2023;SSA;4288
08/03/2023;TECA;141013
08/03/2023;VIX;14413
09/03/2023;BHZ;20498
09/03/2023;BSB;5917
09/03/2023;CGB;3798
09/03/2023;CGR;2891
09/03/2023;FOR;868
09/03/2023;RIO;35876
09/03/2023;MAO;507
09/03/2023;POA;12902
09/03/2023;REC;6107
09/03/2023;SSA;8443
09/03/2023;TECA;167243
09/03/2023;VIX;15538
10/03/2023;BHZ;19587
10/03/2023;BSB;7546
10/03/2023;CGB;4244
10/03/2023;CGR;425
10/03/2023;FOR;1959
10/03/2023;RIO;33452
10/03/2023;MAO;3129
10/03/2023;POA;12285
10/03/2023;REC;10815
10/03/2023;SSA;7175
10/03/2023;TECA;142669
10/03/2023;VIX;17053
11/03/2023;BHZ;18077
11/03/2023;BSB;4240
11/03/2023;CGB;4351
11/03/2023;CGR;1715
11/03/2023;FOR;2141
11/03/2023;RIO;24028
11/03/2023;MAO;1852
11/03/2023;POA;7976
11/03/2023;REC;10260
11/03/2023;SSA;7152
11/03/2023;TECA;132375
11/03/2023;VIX;11516
12/03/2023;BHZ;8889
12/03/2023;BSB;1466
12/03/2023;CGB;37
12/03/2023;FOR;716
12/03/2023;RIO;19093
12/03/2023;POA;6869
12/03/2023;REC;7113
12/03/2023;SSA;9008
12/03/2023;TECA;38706
12/03/2023;VIX;2995
13/03/2023;BHZ;17324
13/03/2023;BSB;4723
13/03/2023;CGB;6412
13/03/2023;CGR;3386
13/03/2023;FOR;3021
13/03/2023;RIO;14163
13/03/2023;MAO;3934
13/03/2023;POA;11393
13/03/2023;REC;12591
13/03/2023;SSA;4732
13/03/2023;TECA;83063
13/03/2023;VIX;13700
14/03/2023;BHZ;16291
14/03/2023;BSB;4163
14/03/2023;CGB;4972
14/03/2023;CGR;1473
14/03/2023;FOR;3936
14/03/2023;RIO;27810
14/03/2023;MAO;3985
14/03/2023;POA;10576
14/03/2023;REC;9168
14/03/2023;SSA;4235
14/03/2023;TECA;148895
14/03/2023;VIX;14723
15/03/2023;BHZ;17180
15/03/2023;BSB;7781
15/03/2023;CGB;1023
15/03/2023;CGR;1253
15/03/2023;FOR;2060
15/03/2023;RIO;31553
15/03/2023;MAO;1107
15/03/2023;POA;10810
15/03/2023;REC;5066
15/03/2023;SSA;5631
15/03/2023;TECA;147922
15/03/2023;VIX;17826
16/03/2023;BHZ;22126
16/03/2023;BSB;6495
16/03/2023;CGB;2536
16/03/2023;CGR;1631
16/03/2023;FOR;1999
16/03/2023;RIO;29864
16/03/2023;MAO;381
16/03/2023;POA;14111
16/03/2023;REC;6444
16/03/2023;SSA;7501
16/03/2023;TECA;141840
16/03/2023;VIX;18226
17/03/2023;BHZ;18138
17/03/2023;BSB;5723
17/03/2023;CGB;6008
17/03/2023;CGR;1647
17/03/2023;FOR;2861
17/03/2023;RIO;33546
17/03/2023;MAO;3692
17/03/2023;POA;12422
17/03/2023;REC;10063
17/03/2023;SSA;8919
17/03/2023;TECA;163280
17/03/2023;VIX;6680
18/03/2023;BHZ;33842
18/03/2023;BSB;6120
18/03/2023;CGB;4875
18/03/2023;CGR;2150
18/03/2023;FOR;2893
18/03/2023;RIO;29860
18/03/2023;MAO;4797
18/03/2023;POA;8847
18/03/2023;REC;7482
18/03/2023;SSA;2764
18/03/2023;TECA;125210
18/03/2023;VIX;14200
19/03/2023;BHZ;17441
19/03/2023;BSB;796
19/03/2023;CGB;87
19/03/2023;FOR;803
19/03/2023;RIO;25468
19/03/2023;POA;3961
19/03/2023;REC;9062
19/03/2023;SSA;11018
19/03/2023;TECA;53435
19/03/2023;VIX;9044
20/03/2023;BHZ;21794
20/03/2023;BSB;9222
20/03/2023;CGB;4725
20/03/2023;CGR;2492
20/03/2023;FOR;3406
20/03/2023;RIO;20186
20/03/2023;MAO;1628
20/03/2023;POA;13942
20/03/2023;REC;15643
20/03/2023;SSA;7777
20/03/2023;TECA;124858
20/03/2023;VIX;7795
21/03/2023;BHZ;20333
21/03/2023;BSB;8523
21/03/2023;CGB;5619
21/03/2023;CGR;3695
21/03/2023;FOR;2983
21/03/2023;RIO;33500
21/03/2023;MAO;1220
21/03/2023;POA;16953
21/03/2023;REC;11219
21/03/2023;SSA;6554
21/03/2023;TECA;173118
21/03/2023;VIX;14005
22/03/2023;BHZ;23339
22/03/2023;BSB;7174
22/03/2023;CGB;4017
22/03/2023;CGR;1412
22/03/2023;FOR;2180
22/03/2023;RIO;32479
22/03/2023;MAO;212
22/03/2023;POA;16200
22/03/2023;REC;8407
22/03/2023;SSA;6864
22/03/2023;TECA;184743
22/03/2023;VIX;15669
23/03/2023;BHZ;23323
23/03/2023;BSB;8215
23/03/2023;CGB;2809
23/03/2023;CGR;84
23/03/2023;FOR;1751
23/03/2023;RIO;34086
23/03/2023;MAO;801
23/03/2023;POA;14481
23/03/2023;REC;9037
23/03/2023;SSA;7749
23/03/2023;TECA;183780
23/03/2023;VIX;11755
24/03/2023;BHZ;24908
24/03/2023;BSB;5557
24/03/2023;CGB;6409
24/03/2023;CGR;437
24/03/2023;FOR;2300
24/03/2023;RIO;33395
24/03/2023;MAO;2760
24/03/2023;POA;16988
24/03/2023;REC;10421
24/03/2023;SSA;7677
24/03/2023;TECA;168492
24/03/2023;VIX;14268
25/03/2023;BHZ;20626
25/03/2023;BSB;8322
25/03/2023;CGB;3562
25/03/2023;CGR;2570
25/03/2023;FOR;3308
25/03/2023;RIO;36358
25/03/2023;MAO;3452
25/03/2023;POA;11502
25/03/2023;REC;9062
25/03/2023;SSA;7702
25/03/2023;TECA;149893
25/03/2023;VIX;11065
26/03/2023;BHZ;6249
26/03/2023;RIO;27513
26/03/2023;POA;7805
26/03/2023;REC;12084
26/03/2023;SSA;7002
26/03/2023;TECA;56255
26/03/2023;VIX;351
27/03/2023;BHZ;14154
27/03/2023;BSB;8002
27/03/2023;CGB;5832
27/03/2023;CGR;3004
27/03/2023;FOR;3957
27/03/2023;RIO;25554
27/03/2023;MAO;1899
27/03/2023;POA;12331
27/03/2023;REC;13069
27/03/2023;SSA;7151
27/03/2023;TECA;89803
27/03/2023;VIX;9240
28/03/2023;BHZ;18228
28/03/2023;BSB;6652
28/03/2023;CGB;2582
28/03/2023;CGR;3488
28/03/2023;FOR;2932
28/03/2023;RIO;31160
28/03/2023;MAO;2609
28/03/2023;POA;13794
28/03/2023;REC;8192
28/03/2023;SSA;9115
28/03/2023;TECA;157693
28/03/2023;VIX;15974
29/03/2023;BHZ;20868
29/03/2023;BSB;6768
29/03/2023;CGB;5172
29/03/2023;CGR;1258
29/03/2023;FOR;2132
29/03/2023;RIO;31555
29/03/2023;MAO;426
29/03/2023;POA;13120
29/03/2023;REC;11258
29/03/2023;SSA;4599
29/03/2023;TECA;170732
29/03/2023;VIX;13331
30/03/2023;BHZ;22734
30/03/2023;BSB;5734
30/03/2023;CGB;5736
30/03/2023;CGR;2741
30/03/2023;FOR;4142
30/03/2023;RIO;34734
30/03/2023;MAO;1068
30/03/2023;POA;17411
30/03/2023;REC;6628
30/03/2023;SSA;8406
30/03/2023;TECA;188330
30/03/2023;VIX;14823
31/03/2023;BHZ;22310
31/03/2023;BSB;5605
31/03/2023;CGB;5300
31/03/2023;CGR;2183
31/03/2023;FOR;2935
31/03/2023;RIO;23232
31/03/2023;MAO;5202
31/03/2023;POA;15692
31/03/2023;REC;12909
31/03/2023;SSA;7896
31/03/2023;TECA;146381
31/03/2023;VIX;11797
01/04/2023;BHZ;15567
01/04/2023;BSB;5931
01/04/2023;CGB;4198
01/04/2023;CGR;1029
01/04/2023;FOR;2003
01/04/2023;RIO;35226
01/04/2023;MAO;1790
01/04/2023;POA;9466
01/04/2023;REC;11277
01/04/2023;SSA;7671
01/04/2023;TECA;99201
01/04/2023;VIX;6371
02/04/2023;BHZ;2544
02/04/2023;BSB;231
02/04/2023;CGB;87
02/04/2023;CGR;2
02/04/2023;FOR;390
02/04/2023;RIO;17444
02/04/2023;POA;5082
02/04/2023;REC;11258
02/04/2023;SSA;9388
02/04/2023;TECA;15792
02/04/2023;VIX;1558
03/04/2023;BHZ;16064
03/04/2023;BSB;6112
03/04/2023;CGB;5371
03/04/2023;CGR;1473
03/04/2023;FOR;4368
03/04/2023;RIO;19388
03/04/2023;MAO;1875
03/04/2023;POA;13094
03/04/2023;REC;10234
03/04/2023;SSA;6257
03/04/2023;TECA;58125
03/04/2023;VIX;8149
04/04/2023;BHZ;13437
04/04/2023;BSB;3262
04/04/2023;CGB;2800
04/04/2023;CGR;1676
04/04/2023;FOR;3267
04/04/2023;RIO;26011
04/04/2023;MAO;219
04/04/2023;POA;11597
04/04/2023;REC;11383
04/04/2023;SSA;3929
04/04/2023;TECA;151432
04/04/2023;VIX;10706
05/04/2023;BHZ;21568
05/04/2023;BSB;6018
05/04/2023;CGB;4952
05/04/2023;CGR;1485
05/04/2023;FOR;1578
05/04/2023;RIO;31568
05/04/2023;MAO;738
05/04/2023;POA;10071
05/04/2023;REC;6902
05/04/2023;SSA;7597
05/04/2023;TECA;165627
05/04/2023;VIX;11860
06/04/2023;BHZ;20756
06/04/2023;BSB;5825
06/04/2023;CGB;542
06/04/2023;CGR;1706
06/04/2023;FOR;1089
06/04/2023;RIO;32614
06/04/2023;MAO;260
06/04/2023;POA;15144
06/04/2023;REC;5466
06/04/2023;SSA;6682
06/04/2023;TECA;168455
06/04/2023;VIX;10673
07/04/2023;BHZ;14856
07/04/2023;BSB;4365
07/04/2023;CGB;250
07/04/2023;CGR;1157
07/04/2023;FOR;2574
07/04/2023;RIO;27741
07/04/2023;MAO;4150
07/04/2023;POA;8539
07/04/2023;REC;7870
07/04/2023;SSA;5881
07/04/2023;TECA;111459
07/04/2023;VIX;7609
08/04/2023;BHZ;14461
08/04/2023;BSB;5642
08/04/2023;CGB;4586
08/04/2023;CGR;62
08/04/2023;FOR;16
08/04/2023;RIO;28061
08/04/2023;MAO;2347
08/04/2023;POA;9982
08/04/2023;REC;8243
08/04/2023;SSA;9556
08/04/2023;TECA;79875
08/04/2023;VIX;6523
09/04/2023;BHZ;637
09/04/2023;BSB;468
09/04/2023;RIO;19822
09/04/2023;POA;2094
09/04/2023;REC;11336
09/04/2023;SSA;2359
09/04/2023;TECA;10102
10/04/2023;BHZ;15026
10/04/2023;BSB;3930
10/04/2023;CGB;4457
10/04/2023;CGR;2024
10/04/2023;FOR;5223
10/04/2023;RIO;13028
10/04/2023;MAO;1570
10/04/2023;POA;7215
10/04/2023;REC;8664
10/04/2023;SSA;7743
10/04/2023;TECA;68109
10/04/2023;VIX;7525
11/04/2023;BHZ;14801
11/04/2023;BSB;2024
11/04/2023;CGB;3407
11/04/2023;CGR;2347
11/04/2023;FOR;3049
11/04/2023;RIO;24298
11/04/2023;MAO;1325
11/04/2023;POA;11064
11/04/2023;REC;7542
11/04/2023;SSA;2580
11/04/2023;TECA;161585
11/04/2023;VIX;10465
12/04/2023;BHZ;24854
12/04/2023;BSB;6711
12/04/2023;CGB;4958
12/04/2023;CGR;2432
12/04/2023;FOR;3430
12/04/2023;RIO;29085
12/04/2023;MAO;356
12/04/2023;POA;14035
12/04/2023;REC;4110
12/04/2023;SSA;4915
12/04/2023;TECA;170140
12/04/2023;VIX;10768
13/04/2023;BHZ;22520
13/04/2023;BSB;5273
13/04/2023;CGB;3856
13/04/2023;CGR;1573
13/04/2023;FOR;1136
13/04/2023;RIO;34402
13/04/2023;MAO;2013
13/04/2023;POA;14876
13/04/2023;REC;4360
13/04/2023;SSA;3753
13/04/2023;TECA;178947
13/04/2023;VIX;15106
14/04/2023;BHZ;21232
14/04/2023;BSB;5540
14/04/2023;CGB;4181
14/04/2023;CGR;2932
14/04/2023;FOR;975
14/04/2023;RIO;36469
14/04/2023;MAO;5565
14/04/2023;POA;14849
14/04/2023;REC;4197
14/04/2023;SSA;14734
14/04/2023;TECA;177622
14/04/2023;VIX;12126
15/04/2023;BHZ;19464
15/04/2023;BSB;4245
15/04/2023;CGB;3377
15/04/2023;CGR;1069
15/04/2023;FOR;691
15/04/2023;RIO;29417
15/04/2023;MAO;1339
15/04/2023;POA;9794
15/04/2023;REC;11886
15/04/2023;SSA;8614
15/04/2023;TECA;155887
15/04/2023;VIX;9724
16/04/2023;BHZ;3847
16/04/2023;BSB;48
16/04/2023;RIO;25124
16/04/2023;POA;4957
16/04/2023;REC;14342
16/04/2023;SSA;5238
16/04/2023;TECA;40206
16/04/2023;VIX;278
17/04/2023;BHZ;21444
17/04/2023;BSB;5893
17/04/2023;CGB;2384
17/04/2023;CGR;3762
17/04/2023;FOR;6278
17/04/2023;RIO;32300
17/04/2023;MAO;3195
17/04/2023;POA;13743
17/04/2023;REC;12517
17/04/2023;SSA;7376
17/04/2023;TECA;67520
17/04/2023;VIX;6747
18/04/2023;BHZ;18832
18/04/2023;BSB;7924
18/04/2023;CGB;5190
18/04/2023;CGR;2888
18/04/2023;FOR;2219
18/04/2023;RIO;30428
18/04/2023;MAO;790
18/04/2023;POA;13570
18/04/2023;REC;8231
18/04/2023;SSA;7279
18/04/2023;TECA;147459
18/04/2023;VIX;10037
19/04/2023;BHZ;24142
19/04/2023;BSB;6220
19/04/2023;CGB;4298
19/04/2023;CGR;1353
19/04/2023;FOR;3123
19/04/2023;RIO;37463
19/04/2023;MAO;713
19/04/2023;POA;14974
19/04/2023;REC;9591
19/04/2023;SSA;2990
19/04/2023;TECA;172172
19/04/2023;VIX;11975
20/04/2023;BHZ;23202
20/04/2023;BSB;5019
20/04/2023;CGB;4860
20/04/2023;CGR;1956
20/04/2023;FOR;3806
20/04/2023;RIO;34451
20/04/2023;MAO;243
20/04/2023;POA;16434
20/04/2023;REC;6245
20/04/2023;SSA;10031
20/04/2023;TECA;169788
20/04/2023;VIX;12764
21/04/2023;BHZ;14896
21/04/2023;BSB;5361
21/04/2023;CGB;2555
21/04/2023;CGR;363
21/04/2023;FOR;1044
21/04/2023;RIO;35287
21/04/2023;MAO;4327
21/04/2023;POA;14097
21/04/2023;REC;10654
21/04/2023;SSA;7113
21/04/2023;TECA;111533
21/04/2023;VIX;10404
22/04/2023;BHZ;15410
22/04/2023;BSB;3180
22/04/2023;CGB;4569
22/04/2023;CGR;1841
22/04/2023;FOR;1604
22/04/2023;RIO;25444
22/04/2023;MAO;1859
22/04/2023;POA;6806
22/04/2023;REC;9723
22/04/2023;SSA;6695
22/04/2023;TECA;93101
22/04/2023;VIX;5497
23/04/2023;BHZ;2920
23/04/2023;BSB;1535
23/04/2023;CGB;18
23/04/2023;RIO;8349
23/04/2023;POA;3867
23/04/2023;REC;12671
23/04/2023;SSA;8144
23/04/2023;TECA;24606
23/04/2023;VIX;193
24/04/2023;BHZ;20747
24/04/2023;BSB;3302
24/04/2023;CGB;3272
24/04/2023;CGR;3065
24/04/2023;FOR;4160
24/04/2023;RIO;17639
24/04/2023;MAO;3045
24/04/2023;POA;17107
24/04/2023;REC;10869
24/04/2023;SSA;5686
24/04/2023;TECA;56271
24/04/2023;VIX;7768
25/04/2023;BHZ;16133
25/04/2023;BSB;6971
25/04/2023;CGB;6000
25/04/2023;CGR;2325
25/04/2023;FOR;2054
25/04/2023;RIO;30044
25/04/2023;MAO;2579
25/04/2023;POA;10858
25/04/2023;REC;6823
25/04/2023;SSA;6088
25/04/2023;TECA;184278
25/04/2023;VIX;9948
26/04/2023;BHZ;22297
26/04/2023;BSB;5110
26/04/2023;CGB;4353
26/04/2023;CGR;795
26/04/2023;FOR;3527
26/04/2023;RIO;32486
26/04/2023;MAO;2293
26/04/2023;POA;11180
26/04/2023;REC;8178
26/04/2023;SSA;1372
26/04/2023;TECA;184578
26/04/2023;VIX;14052
27/04/2023;BHZ;22507
27/04/2023;BSB;5101
27/04/2023;CGB;2705
27/04/2023;CGR;2579
27/04/2023;FOR;2783
27/04/2023;RIO;35560
27/04/2023;MAO;1689
27/04/2023;POA;17215
27/04/2023;REC;5288
27/04/2023;SSA;9217
27/04/2023;TECA;185686
27/04/2023;VIX;12035
28/04/2023;BHZ;23058
28/04/2023;BSB;5611
28/04/2023;CGB;4229
28/04/2023;CGR;2144
28/04/2023;FOR;1672
28/04/2023;RIO;28651
28/04/2023;MAO;4328
28/04/2023;POA;14748
28/04/2023;REC;10827
28/04/2023;SSA;11001
28/04/2023;TECA;170409
28/04/2023;VIX;11884
29/04/2023;BHZ;15328
29/04/2023;BSB;5694
29/04/2023;CGB;3203
29/04/2023;CGR;126
29/04/2023;FOR;2905
29/04/2023;RIO;37526
29/04/2023;MAO;4009
29/04/2023;POA;11830
29/04/2023;REC;11498
29/04/2023;SSA;8336
29/04/2023;TECA;141182
29/04/2023;VIX;9955
30/04/2023;BHZ;4008
30/04/2023;BSB;1948
30/04/2023;CGB;3
30/04/2023;RIO;9623
30/04/2023;POA;6656
30/04/2023;REC;13193
30/04/2023;SSA;9365
30/04/2023;TECA;34079
30/04/2023;VIX;645
01/05/2023;BHZ;7418
01/05/2023;BSB;3821
01/05/2023;CGB;578
01/05/2023;FOR;3014
01/05/2023;RIO;4187
01/05/2023;POA;14175
01/05/2023;REC;10196
01/05/2023;SSA;4401
01/05/2023;TECA;10603
01/05/2023;VIX;2157
02/05/2023;BHZ;23190
02/05/2023;BSB;5437
02/05/2023;CGB;4101
02/05/2023;CGR;4139
02/05/2023;FOR;3087
02/05/2023;RIO;8349
02/05/2023;MAO;737
02/05/2023;POA;8028
02/05/2023;REC;7436
02/05/2023;SSA;2112
02/05/2023;TECA;71281
02/05/2023;VIX;6536
03/05/2023;BHZ;13945
03/05/2023;BSB;6264
03/05/2023;CGB;3867
03/05/2023;CGR;2023
03/05/2023;FOR;2449
03/05/2023;RIO;27700
03/05/2023;MAO;1436
03/05/2023;POA;9574
03/05/2023;REC;8801
03/05/2023;SSA;5602
03/05/2023;TECA;158897
03/05/2023;VIX;8633
04/05/2023;BHZ;23859
04/05/2023;BSB;4658
04/05/2023;CGB;3319
04/05/2023;CGR;1338
04/05/2023;FOR;1317
04/05/2023;RIO;37088
04/05/2023;MAO;778
04/05/2023;POA;11742
04/05/2023;REC;5501
04/05/2023;SSA;1896
04/05/2023;TECA;183747
04/05/2023;VIX;15083
05/05/2023;BHZ;21751
05/05/2023;BSB;5700
05/05/2023;CGB;5479
05/05/2023;CGR;1843
05/05/2023;FOR;4228
05/05/2023;RIO;38043
05/05/2023;MAO;4154
05/05/2023;POA;12688
05/05/2023;REC;7225
05/05/2023;SSA;9168
05/05/2023;TECA;183272
05/05/2023;VIX;12044
06/05/2023;BHZ;19176
06/05/2023;BSB;4454
06/05/2023;CGB;3410
06/05/2023;CGR;47
06/05/2023;FOR;859
06/05/2023;RIO;31557
06/05/2023;MAO;3140
06/05/2023;POA;10821
06/05/2023;REC;8895
06/05/2023;SSA;4013
06/05/2023;TECA;122277
06/05/2023;VIX;10131
07/05/2023;BHZ;4088
07/05/2023;BSB;2526
07/05/2023;CGB;813
07/05/2023;RIO;7853
07/05/2023;POA;2364
07/05/2023;REC;10746
07/05/2023;SSA;11930
07/05/2023;TECA;29394
07/05/2023;VIX;271
08/05/2023;BHZ;21507
08/05/2023;BSB;8615
08/05/2023;CGB;4773
08/05/2023;CGR;3713
08/05/2023;FOR;4050
08/05/2023;RIO;13330
08/05/2023;MAO;1611
08/05/2023;POA;12371
08/05/2023;REC;7992
08/05/2023;SSA;8779
08/05/2023;TECA;84491
08/05/2023;VIX;9457
09/05/2023;BHZ;17953
09/05/2023;BSB;3094
09/05/2023;CGB;4878
09/05/2023;CGR;2019
09/05/2023;FOR;4229
09/05/2023;RIO;31414
09/05/2023;MAO;1500
09/05/2023;POA;13811
09/05/2023;REC;6503
09/05/2023;SSA;3154
09/05/2023;TECA;159365
09/05/2023;VIX;11385
10/05/2023;BHZ;27160
10/05/2023;BSB;7113
10/05/2023;CGB;2468
10/05/2023;CGR;1661
10/05/2023;FOR;1954
10/05/2023;RIO;35456
10/05/2023;MAO;532
10/05/2023;POA;13485
10/05/2023;REC;9130
10/05/2023;SSA;8101
10/05/2023;TECA;178939
10/05/2023;VIX;11304
11/05/2023;BHZ;24924
11/05/2023;BSB;7480
11/05/2023;CGB;3930
11/05/2023;CGR;1559
11/05/2023;FOR;1504
11/05/2023;RIO;31793
11/05/2023;MAO;158
11/05/2023;POA;17490
11/05/2023;REC;8919
11/05/2023;SSA;9194
11/05/2023;TECA;175930
11/05/2023;VIX;13878
12/05/2023;BHZ;25730
12/05/2023;BSB;5603
12/05/2023;CGB;2780
12/05/2023;CGR;2619
12/05/2023;FOR;3543
12/05/2023;RIO;31404
12/05/2023;MAO;3376
12/05/2023;POA;14875
12/05/2023;REC;11900
12/05/2023;SSA;6828
12/05/2023;TECA;172334
12/05/2023;VIX;13620
13/05/2023;BHZ;20974
13/05/2023;BSB;4363
13/05/2023;CGB;2585
13/05/2023;FOR;875
13/05/2023;RIO;35675
13/05/2023;MAO;205
13/05/2023;POA;13989
13/05/2023;REC;11083
13/05/2023;SSA;8997
13/05/2023;TECA;148309
13/05/2023;VIX;7421
14/05/2023;BHZ;3659
14/05/2023;BSB;1804
14/05/2023;CGB;501
14/05/2023;RIO;6610
14/05/2023;POA;7802
14/05/2023;REC;8804
14/05/2023;SSA;10083
14/05/2023;TECA;46642
14/05/2023;VIX;5
15/05/2023;BHZ;30389
15/05/2023;BSB;7124
15/05/2023;CGB;1726
15/05/2023;CGR;1964
15/05/2023;FOR;3929
15/05/2023;RIO;13392
15/05/2023;MAO;1280
15/05/2023;POA;10902
15/05/2023;REC;11225
15/05/2023;SSA;9161
15/05/2023;TECA;100666
15/05/2023;VIX;10996
16/05/2023;BHZ;22989
16/05/2023;BSB;9435
16/05/2023;CGB;4761
16/05/2023;CGR;2745
16/05/2023;FOR;3311
16/05/2023;RIO;30535
16/05/2023;MAO;564
16/05/2023;POA;13367
16/05/2023;REC;13029
16/05/2023;SSA;6791
16/05/2023;TECA;147763
16/05/2023;VIX;10954
17/05/2023;BHZ;26254
17/05/2023;BSB;10899
17/05/2023;CGB;3014
17/05/2023;CGR;2632
17/05/2023;FOR;3395
17/05/2023;RIO;31565
17/05/2023;MAO;916
17/05/2023;POA;13263
17/05/2023;REC;9759
17/05/2023;SSA;2102
17/05/2023;TECA;165745
17/05/2023;VIX;12439
18/05/2023;BHZ;20701
18/05/2023;BSB;6297
18/05/2023;CGB;3516
18/05/2023;CGR;2651
18/05/2023;FOR;1954
18/05/2023;RIO;26976
18/05/2023;MAO;294
18/05/2023;POA;14262
18/05/2023;REC;8907
18/05/2023;SSA;9535
18/05/2023;TECA;159502
18/05/2023;VIX;12978
19/05/2023;BHZ;25244
19/05/2023;BSB;6704
19/05/2023;CGB;3891
19/05/2023;CGR;2428
19/05/2023;FOR;5039
19/05/2023;RIO;30316
19/05/2023;MAO;3416
19/05/2023;POA;13766
19/05/2023;REC;9568
19/05/2023;SSA;10562
19/05/2023;TECA;164571
19/05/2023;VIX;9484
20/05/2023;BHZ;20665
20/05/2023;BSB;4887
20/05/2023;CGB;2709
20/05/2023;CGR;1078
20/05/2023;FOR;831
20/05/2023;RIO;33279
20/05/2023;MAO;3422
20/05/2023;POA;8989
20/05/2023;REC;8878
20/05/2023;SSA;4995
20/05/2023;TECA;122593
20/05/2023;VIX;8966
21/05/2023;BHZ;2472
21/05/2023;BSB;634
21/05/2023;RIO;9951
21/05/2023;POA;3415
21/05/2023;REC;13104
21/05/2023;SSA;11661
21/05/2023;TECA;34194
21/05/2023;VIX;146
22/05/2023;BHZ;22310
22/05/2023;BSB;6641
22/05/2023;CGB;4098
22/05/2023;CGR;2317
22/05/2023;FOR;4501
22/05/2023;RIO;10975
22/05/2023;MAO;2183
22/05/2023;POA;12038
22/05/2023;REC;7121
22/05/2023;SSA;10546
22/05/2023;TECA;67913
22/05/2023;VIX;7013
23/05/2023;BHZ;18518
23/05/2023;BSB;6693
23/05/2023;CGB;4173
23/05/2023;CGR;1335
23/05/2023;FOR;3211
23/05/2023;RIO;24752
23/05/2023;MAO;2622
23/05/2023;POA;10360
23/05/2023;REC;8797
23/05/2023;SSA;2019
23/05/2023;TECA;136455
23/05/2023;VIX;13610
24/05/2023;BHZ;20432
24/05/2023;BSB;5726
24/05/2023;CGB;2038
24/05/2023;CGR;1130
24/05/2023;FOR;2094
24/05/2023;RIO;30444
24/05/2023;MAO;1889
24/05/2023;POA;12449
24/05/2023;REC;10003
24/05/2023;SSA;3869
24/05/2023;TECA;168979
24/05/2023;VIX;11320
25/05/2023;BHZ;22948
25/05/2023;BSB;7382
25/05/2023;CGB;5459
25/05/2023;CGR;2028
25/05/2023;FOR;1792
25/05/2023;RIO;34817
25/05/2023;MAO;947
25/05/2023;POA;16440
25/05/2023;REC;8883
25/05/2023;SSA;9456
25/05/2023;TECA;170500
25/05/2023;VIX;12173
26/05/2023;BHZ;26640
26/05/2023;BSB;7648
26/05/2023;CGB;8782
26/05/2023;CGR;1808
26/05/2023;FOR;1469
26/05/2023;RIO;35562
26/05/2023;MAO;2823
26/05/2023;POA;15496
26/05/2023;REC;9455
26/05/2023;SSA;10606
26/05/2023;TECA;163379
26/05/2023;VIX;14511
27/05/2023;BHZ;20361
27/05/2023;BSB;5739
27/05/2023;CGB;8890
27/05/2023;CGR;1
27/05/2023;FOR;2840
27/05/2023;RIO;30205
27/05/2023;MAO;4121
27/05/2023;POA;8289
27/05/2023;REC;10226
27/05/2023;SSA;4202
27/05/2023;TECA;126152
27/05/2023;VIX;8563
28/05/2023;BHZ;3682
28/05/2023;BSB;527
28/05/2023;CGB;2970
28/05/2023;RIO;4794
28/05/2023;POA;4559
28/05/2023;REC;10985
28/05/2023;SSA;11466
28/05/2023;TECA;26520
29/05/2023;BHZ;25855
29/05/2023;BSB;7773
29/05/2023;CGB;5653
29/05/2023;CGR;3225
29/05/2023;FOR;2776
29/05/2023;RIO;10605
29/05/2023;MAO;2570
29/05/2023;POA;11030
29/05/2023;REC;11131
29/05/2023;SSA;11381
29/05/2023;TECA;73517
29/05/2023;VIX;8111
30/05/2023;BHZ;17737
30/05/2023;BSB;5129
30/05/2023;CGB;5614
30/05/2023;CGR;2298
30/05/2023;FOR;4645
30/05/2023;RIO;26517
30/05/2023;MAO;1390
30/05/2023;POA;16043
30/05/2023;REC;9064
30/05/2023;SSA;5406
30/05/2023;TECA;134524
30/05/2023;VIX;10945
31/05/2023;BHZ;23898
31/05/2023;BSB;6729
31/05/2023;CGB;1721
31/05/2023;CGR;1200
31/05/2023;FOR;3482
31/05/2023;RIO;35728
31/05/2023;MAO;819
31/05/2023;POA;16463
31/05/2023;REC;9186
31/05/2023;SSA;3776
31/05/2023;TECA;170533
31/05/2023;VIX;13823
01/06/2023;BHZ;23689
01/06/2023;BSB;6797
01/06/2023;CGB;387
01/06/2023;CGR;2185
01/06/2023;FOR;1590
01/06/2023;RIO;29764
01/06/2023;MAO;755
01/06/2023;POA;18624
01/06/2023;REC;7630
01/06/2023;SSA;3484
01/06/2023;TECA;155632
01/06/2023;VIX;11889
02/06/2023;BHZ;24993
02/06/2023;BSB;7181
02/06/2023;CGB;5188
02/06/2023;CGR;2081
02/06/2023;FOR;1544
02/06/2023;RIO;29713
02/06/2023;MAO;3071
02/06/2023;POA;17371
02/06/2023;REC;8136
02/06/2023;SSA;13306
02/06/2023;TECA;149325
02/06/2023;VIX;11024
03/06/2023;BHZ;21576
03/06/2023;BSB;5796
03/06/2023;CGB;5664
03/06/2023;CGR;1476
03/06/2023;FOR;2753
03/06/2023;RIO;33819
03/06/2023;MAO;3242
03/06/2023;POA;11154
03/06/2023;REC;11018
03/06/2023;SSA;3964
03/06/2023;TECA;119632
03/06/2023;VIX;8237
04/06/2023;BHZ;9130
04/06/2023;BSB;886
04/06/2023;CGB;26
04/06/2023;RIO;4968
04/06/2023;POA;3082
04/06/2023;REC;9223
04/06/2023;SSA;12752
04/06/2023;TECA;28326
05/06/2023;BHZ;19543
05/06/2023;BSB;5761
05/06/2023;CGB;3165
05/06/2023;CGR;2316
05/06/2023;FOR;2613
05/06/2023;RIO;11438
05/06/2023;MAO;3074
05/06/2023;POA;10293
05/06/2023;REC;10796
05/06/2023;SSA;8585
05/06/2023;TECA;59748
05/06/2023;VIX;8644
06/06/2023;BHZ;14864
06/06/2023;BSB;7128
06/06/2023;CGB;5927
06/06/2023;CGR;904
06/06/2023;FOR;3126
06/06/2023;RIO;31434
06/06/2023;MAO;1050
06/06/2023;POA;11570
06/06/2023;REC;9608
06/06/2023;SSA;3555
06/06/2023;TECA;164492
06/06/2023;VIX;13446
07/06/2023;BHZ;24122
07/06/2023;BSB;9606
07/06/2023;CGB;2724
07/06/2023;CGR;1572
07/06/2023;FOR;2168
07/06/2023;RIO;35924
07/06/2023;MAO;461
07/06/2023;POA;13505
07/06/2023;REC;7128
07/06/2023;SSA;5906
07/06/2023;TECA;178375
07/06/2023;VIX;12038
08/06/2023;BHZ;18851
08/06/2023;BSB;6362
08/06/2023;CGR;863
08/06/2023;FOR;1093
08/06/2023;RIO;31961
08/06/2023;MAO;354
08/06/2023;POA;15314
08/06/2023;REC;10776
08/06/2023;SSA;8962
08/06/2023;TECA;87010
08/06/2023;VIX;9114
09/06/2023;BHZ;20982
09/06/2023;BSB;9630
09/06/2023;CGB;5775
09/06/2023;CGR;1852
09/06/2023;FOR;3015
09/06/2023;RIO;32808
09/06/2023;MAO;2659
09/06/2023;POA;8457
09/06/2023;REC;7146
09/06/2023;SSA;10874
09/06/2023;TECA;155233
09/06/2023;VIX;9673
10/06/2023;BHZ;18156
10/06/2023;BSB;7378
10/06/2023;CGB;3455
10/06/2023;CGR;363
10/06/2023;FOR;819
10/06/2023;RIO;37252
10/06/2023;MAO;2453
10/06/2023;POA;7960
10/06/2023;REC;11670
10/06/2023;SSA;4669
10/06/2023;TECA;138905
10/06/2023;VIX;13023
11/06/2023;BHZ;3492
11/06/2023;BSB;578
11/06/2023;RIO;8018
11/06/2023;POA;4104
11/06/2023;REC;7167
11/06/2023;SSA;1785
11/06/2023;TECA;54254
11/06/2023;VIX;211
12/06/2023;BHZ;21464
12/06/2023;BSB;7380
12/06/2023;CGB;7062
12/06/2023;CGR;3216
12/06/2023;FOR;3260
12/06/2023;RIO;13015
12/06/2023;MAO;3724
12/06/2023;POA;9107
12/06/2023;REC;8574
12/06/2023;SSA;11743
12/06/2023;TECA;88320
12/06/2023;VIX;10957
13/06/2023;BHZ;28624
13/06/2023;BSB;8080
13/06/2023;CGB;6438
13/06/2023;CGR;2231
13/06/2023;FOR;1794
13/06/2023;RIO;32358
13/06/2023;MAO;1614
13/06/2023;POA;15279
13/06/2023;REC;7932
13/06/2023;SSA;10518
13/06/2023;TECA;158328
13/06/2023;VIX;9824
14/06/2023;BHZ;23773
14/06/2023;BSB;8736
14/06/2023;CGB;3647
14/06/2023;CGR;1241
14/06/2023;FOR;2582
14/06/2023;RIO;37619
14/06/2023;MAO;3836
14/06/2023;POA;18354
14/06/2023;REC;7556
14/06/2023;SSA;6767
14/06/2023;TECA;157005
14/06/2023;VIX;17783
15/06/2023;BHZ;24354
15/06/2023;BSB;8006
15/06/2023;CGB;1945
15/06/2023;CGR;2078
15/06/2023;FOR;2010
15/06/2023;RIO;30993
15/06/2023;MAO;1754
15/06/2023;POA;17204
15/06/2023;REC;5207
15/06/2023;SSA;10068
15/06/2023;TECA;197228
15/06/2023;VIX;14606
16/06/2023;BHZ;22212
16/06/2023;BSB;10351
16/06/2023;CGB;6825
16/06/2023;CGR;2183
16/06/2023;FOR;1277
16/06/2023;RIO;35381
16/06/2023;MAO;3178
16/06/2023;POA;13906
16/06/2023;REC;10473
16/06/2023;SSA;9629
16/06/2023;TECA;178838
16/06/2023;VIX;18635
17/06/2023;BHZ;20580
17/06/2023;BSB;9605
17/06/2023;CGB;2822
17/06/2023;CGR;651
17/06/2023;FOR;2867
17/06/2023;RIO;29353
17/06/2023;MAO;2675
17/06/2023;POA;6083
17/06/2023;REC;10264
17/06/2023;SSA;4508
17/06/2023;TECA;157486
17/06/2023;VIX;9505
18/06/2023;BHZ;8081
18/06/2023;BSB;4164
18/06/2023;RIO;20619
18/06/2023;POA;8399
18/06/2023;REC;10905
18/06/2023;SSA;13335
18/06/2023;TECA;73540
18/06/2023;VIX;7568
19/06/2023;BHZ;29154
19/06/2023;BSB;8820
19/06/2023;CGB;3957
19/06/2023;CGR;2735
19/06/2023;FOR;3710
19/06/2023;RIO;28324
19/06/2023;MAO;4811
19/06/2023;POA;15809
19/06/2023;REC;9933
19/06/2023;SSA;12348
19/06/2023;TECA;107084
19/06/2023;VIX;8156
20/06/2023;BHZ;24130
20/06/2023;BSB;9797
20/06/2023;CGB;10526
20/06/2023;CGR;1986
20/06/2023;FOR;4119
20/06/2023;RIO;39274
20/06/2023;MAO;2135
20/06/2023;POA;15355
20/06/2023;REC;9519
20/06/2023;SSA;3730
20/06/2023;TECA;191621
20/06/2023;VIX;13939
21/06/2023;BHZ;23804
21/06/2023;BSB;10250
21/06/2023;CGB;5481
21/06/2023;CGR;2412
21/06/2023;FOR;3767
21/06/2023;RIO;38241
21/06/2023;MAO;530
21/06/2023;POA;16961
21/06/2023;REC;8812
21/06/2023;SSA;6178
21/06/2023;TECA;195521
21/06/2023;VIX;12886
22/06/2023;BHZ;25843
22/06/2023;BSB;11598
22/06/2023;CGB;4461
22/06/2023;CGR;1604
22/06/2023;FOR;2103
22/06/2023;RIO;35618
22/06/2023;MAO;223
22/06/2023;POA;17092
22/06/2023;REC;8616
22/06/2023;SSA;10194
22/06/2023;TECA;184102
22/06/2023;VIX;13360
23/06/2023;BHZ;30513
23/06/2023;BSB;12099
23/06/2023;CGB;10723
23/06/2023;CGR;4308
23/06/2023;FOR;2904
23/06/2023;RIO;34150
23/06/2023;MAO;5266
23/06/2023;POA;14217
23/06/2023;REC;9482
23/06/2023;SSA;4615
23/06/2023;TECA;169590
23/06/2023;VIX;14575
24/06/2023;BHZ;25209
24/06/2023;BSB;10091
24/06/2023;CGB;5831
24/06/2023;CGR;2198
24/06/2023;FOR;2091
24/06/2023;RIO;34837
24/06/2023;MAO;3561
24/06/2023;POA;12435
24/06/2023;REC;11848
24/06/2023;SSA;11010
24/06/2023;TECA;140308
24/06/2023;VIX;10462
25/06/2023;BHZ;16121
25/06/2023;BSB;985
25/06/2023;RIO;14825
25/06/2023;POA;4109
25/06/2023;REC;10808
25/06/2023;SSA;11719
25/06/2023;TECA;48131
25/06/2023;VIX;3341
26/06/2023;BHZ;29870
26/06/2023;BSB;13442
26/06/2023;CGB;5776
26/06/2023;CGR;2264
26/06/2023;FOR;3347
26/06/2023;RIO;11725
26/06/2023;MAO;3312
26/06/2023;POA;12649
26/06/2023;REC;7526
26/06/2023;SSA;7714
26/06/2023;TECA;93462
26/06/2023;VIX;10175
27/06/2023;BHZ;17246
27/06/2023;BSB;13651
27/06/2023;CGB;10411
27/06/2023;CGR;2846
27/06/2023;FOR;1954
27/06/2023;RIO;26646
27/06/2023;MAO;4244
27/06/2023;POA;13019
27/06/2023;REC;9098
27/06/2023;SSA;8262
27/06/2023;TECA;151098
27/06/2023;VIX;10147
28/06/2023;BHZ;23148
28/06/2023;BSB;7326
28/06/2023;CGB;4983
28/06/2023;CGR;1254
28/06/2023;FOR;4056
28/06/2023;RIO;39929
28/06/2023;MAO;4018
28/06/2023;POA;15187
28/06/2023;REC;11822
28/06/2023;SSA;1466
28/06/2023;TECA;175111
28/06/2023;VIX;15454
29/06/2023;BHZ;27030
29/06/2023;BSB;11027
29/06/2023;CGB;5001
29/06/2023;CGR;2359
29/06/2023;FOR;1453
29/06/2023;RIO;32356
29/06/2023;MAO;380
29/06/2023;POA;14818
29/06/2023;REC;7160
29/06/2023;SSA;7077
29/06/2023;TECA;165761
29/06/2023;VIX;11721
30/06/2023;BHZ;25447
30/06/2023;BSB;5116
30/06/2023;CGB;3267
30/06/2023;CGR;2455
30/06/2023;FOR;2586
30/06/2023;RIO;35220
30/06/2023;MAO;317
30/06/2023;POA;15857
30/06/2023;REC;10262
30/06/2023;SSA;7628
30/06/2023;TECA;157221
30/06/2023;VIX;11861
01/07/2023;BHZ;22056
01/07/2023;BSB;12429
01/07/2023;CGB;3886
01/07/2023;CGR;91
01/07/2023;FOR;1888
01/07/2023;RIO;29609
01/07/2023;MAO;3635
01/07/2023;POA;11050
01/07/2023;REC;12380
01/07/2023;SSA;4550
01/07/2023;TECA;125081
01/07/2023;VIX;7357
02/07/2023;BHZ;3038
02/07/2023;BSB;885
02/07/2023;FOR;761
02/07/2023;RIO;8258
02/07/2023;POA;4866
02/07/2023;REC;11059
02/07/2023;SSA;13291
02/07/2023;TECA;31654
02/07/2023;VIX;234
03/07/2023;BHZ;18822
03/07/2023;BSB;6610
03/07/2023;CGB;3414
03/07/2023;CGR;2431
03/07/2023;FOR;2874
03/07/2023;RIO;8779
03/07/2023;MAO;496
03/07/2023;POA;12474
03/07/2023;REC;7706
03/07/2023;SSA;5490
03/07/2023;TECA;74467
03/07/2023;VIX;9489
04/07/2023;BHZ;15573
04/07/2023;BSB;10398
04/07/2023;CGB;8277
04/07/2023;CGR;2398
04/07/2023;FOR;3897
04/07/2023;RIO;28362
04/07/2023;MAO;498
04/07/2023;POA;12445
04/07/2023;REC;6384
04/07/2023;SSA;5815
04/07/2023;TECA;167140
04/07/2023;VIX;13821
05/07/2023;BHZ;21984
05/07/2023;BSB;7782
05/07/2023;CGB;3902
05/07/2023;CGR;1189
05/07/2023;FOR;2203
05/07/2023;RIO;38400
05/07/2023;MAO;860
05/07/2023;POA;15118
05/07/2023;REC;11126
05/07/2023;SSA;1611
05/07/2023;TECA;181181
05/07/2023;VIX;10397
06/07/2023;BHZ;27789
06/07/2023;BSB;9267
06/07/2023;CGB;3138
06/07/2023;CGR;2423
06/07/2023;FOR;1645
06/07/2023;RIO;33821
06/07/2023;MAO;1584
06/07/2023;POA;16762
06/07/2023;REC;9012
06/07/2023;SSA;11160
06/07/2023;TECA;181146
06/07/2023;VIX;25549
07/07/2023;BHZ;22290
07/07/2023;BSB;12445
07/07/2023;CGB;2934
07/07/2023;CGR;996
07/07/2023;FOR;4038
07/07/2023;RIO;34719
07/07/2023;MAO;5613
07/07/2023;POA;14303
07/07/2023;REC;9221
07/07/2023;SSA;6564
07/07/2023;TECA;169603
07/07/2023;VIX;13120
08/07/2023;BHZ;21754
08/07/2023;BSB;11105
08/07/2023;CGB;5408
08/07/2023;CGR;1008
08/07/2023;FOR;1846
08/07/2023;RIO;29979
08/07/2023;MAO;4165
08/07/2023;POA;11030
08/07/2023;REC;11388
08/07/2023;SSA;3812
08/07/2023;TECA;128013
08/07/2023;VIX;8922
09/07/2023;BHZ;10835
09/07/2023;BSB;569
09/07/2023;CGB;3227
09/07/2023;CGR;13
09/07/2023;FOR;79
09/07/2023;RIO;34374
09/07/2023;MAO;2127
09/07/2023;POA;4715
09/07/2023;REC;13967
09/07/2023;SSA;9656
09/07/2023;TECA;47960
09/07/2023;VIX;130
10/07/2023;BHZ;18387
10/07/2023;BSB;9109
10/07/2023;CGB;3196
10/07/2023;CGR;2263
10/07/2023;FOR;4041
10/07/2023;RIO;19580
10/07/2023;MAO;3855
10/07/2023;POA;11481
10/07/2023;REC;11739
10/07/2023;SSA;6353
10/07/2023;TECA;108630
10/07/2023;VIX;9407
11/07/2023;BHZ;24702
11/07/2023;BSB;6346
11/07/2023;CGB;4423
11/07/2023;CGR;1432
11/07/2023;FOR;2196
11/07/2023;RIO;21020
11/07/2023;MAO;2260
11/07/2023;POA;15608
11/07/2023;REC;8762
11/07/2023;SSA;5307
11/07/2023;TECA;140679
11/07/2023;VIX;11243
12/07/2023;BHZ;27629
12/07/2023;BSB;10963
12/07/2023;CGB;4983
12/07/2023;CGR;1895
12/07/2023;FOR;2506
12/07/2023;RIO;28739
12/07/2023;MAO;4196
12/07/2023;POA;16047
12/07/2023;REC;10355
12/07/2023;SSA;4505
12/07/2023;TECA;179519
12/07/2023;VIX;11306
13/07/2023;BHZ;31290
13/07/2023;BSB;7971
13/07/2023;CGB;7064
13/07/2023;CGR;1928
13/07/2023;FOR;1865
13/07/2023;RIO;32306
13/07/2023;MAO;2722
13/07/2023;POA;16043
13/07/2023;REC;7034
13/07/2023;SSA;8889
13/07/2023;TECA;158541
13/07/2023;VIX;15285
14/07/2023;BHZ;28889
14/07/2023;BSB;10458
14/07/2023;CGB;6489
14/07/2023;CGR;1232
14/07/2023;FOR;1966
14/07/2023;RIO;34796
14/07/2023;MAO;2319
14/07/2023;POA;16777
14/07/2023;REC;8366
14/07/2023;SSA;7623
14/07/2023;TECA;170430
14/07/2023;VIX;16235
15/07/2023;BHZ;25865
15/07/2023;BSB;11515
15/07/2023;CGB;6731
15/07/2023;CGR;113
15/07/2023;FOR;2397
15/07/2023;RIO;34224
15/07/2023;MAO;405
15/07/2023;POA;15147
15/07/2023;REC;9484
15/07/2023;SSA;7155
15/07/2023;TECA;136486
15/07/2023;VIX;13176
16/07/2023;BHZ;8891
16/07/2023;BSB;541
16/07/2023;FOR;732
16/07/2023;RIO;32047
16/07/2023;POA;5808
16/07/2023;REC;8697
16/07/2023;SSA;8004
16/07/2023;TECA;63539
16/07/2023;VIX;7326
17/07/2023;BHZ;21783
17/07/2023;BSB;11038
17/07/2023;CGB;1107
17/07/2023;CGR;2520
17/07/2023;FOR;5316
17/07/2023;RIO;36815
17/07/2023;MAO;3575
17/07/2023;POA;11622
17/07/2023;REC;11016
17/07/2023;SSA;9265
17/07/2023;TECA;101676
17/07/2023;VIX;8345
18/07/2023;BHZ;27896
18/07/2023;BSB;8585
18/07/2023;CGB;7798
18/07/2023;CGR;3336
18/07/2023;FOR;4649
18/07/2023;RIO;33531
18/07/2023;MAO;4122
18/07/2023;POA;16026
18/07/2023;REC;9382
18/07/2023;SSA;9619
18/07/2023;TECA;188360
18/07/2023;VIX;13428
19/07/2023;BHZ;25595
19/07/2023;BSB;9998
19/07/2023;CGB;6255
19/07/2023;CGR;2024
19/07/2023;FOR;4148
19/07/2023;RIO;41619
19/07/2023;MAO;3758
19/07/2023;POA;13892
19/07/2023;REC;13056
19/07/2023;SSA;3402
19/07/2023;TECA;198846
19/07/2023;VIX;9400
20/07/2023;BHZ;28435
20/07/2023;BSB;4295
20/07/2023;CGB;5318
20/07/2023;CGR;1524
20/07/2023;FOR;1360
20/07/2023;RIO;29911
20/07/2023;MAO;1896
20/07/2023;POA;18247
20/07/2023;REC;8066
20/07/2023;SSA;10199
20/07/2023;TECA;155299
20/07/2023;VIX;11473
21/07/2023;BHZ;25404
21/07/2023;BSB;10320
21/07/2023;CGB;4961
21/07/2023;CGR;2029
21/07/2023;FOR;3216
21/07/2023;RIO;43956
21/07/2023;MAO;1815
21/07/2023;POA;17456
21/07/2023;REC;11250
21/07/2023;SSA;5569
21/07/2023;TECA;162257
21/07/2023;VIX;16323
22/07/2023;BHZ;20476
22/07/2023;BSB;11705
22/07/2023;CGB;3111
22/07/2023;CGR;70
22/07/2023;FOR;1886
22/07/2023;RIO;33983
22/07/2023;MAO;3413
22/07/2023;POA;11535
22/07/2023;REC;8000
22/07/2023;SSA;4087
22/07/2023;TECA;141184
22/07/2023;VIX;12760
23/07/2023;BHZ;2693
23/07/2023;BSB;847
23/07/2023;FOR;71
23/07/2023;RIO;20707
23/07/2023;POA;7834
23/07/2023;REC;10549
23/07/2023;SSA;8754
23/07/2023;TECA;64278
23/07/2023;VIX;173
24/07/2023;BHZ;27263
24/07/2023;BSB;11541
24/07/2023;CGB;10377
24/07/2023;CGR;1757
24/07/2023;FOR;4208
24/07/2023;RIO;17861
24/07/2023;MAO;3410
24/07/2023;POA;13447
24/07/2023;REC;9219
24/07/2023;SSA;7888
24/07/2023;TECA;120038
24/07/2023;VIX;6445
25/07/2023;BHZ;22809
25/07/2023;BSB;12048
25/07/2023;CGB;6674
25/07/2023;CGR;1906
25/07/2023;FOR;2037
25/07/2023;RIO;23966
25/07/2023;MAO;5760
25/07/2023;POA;12320
25/07/2023;REC;8932
25/07/2023;SSA;4358
25/07/2023;TECA;165602
25/07/2023;VIX;11673
26/07/2023;BHZ;25803
26/07/2023;BSB;12004
26/07/2023;CGB;5983
26/07/2023;CGR;2293
26/07/2023;FOR;2536
26/07/2023;RIO;32790
26/07/2023;MAO;3043
26/07/2023;POA;15379
26/07/2023;REC;10183
26/07/2023;SSA;6383
26/07/2023;TECA;173761
26/07/2023;VIX;10036
27/07/2023;BHZ;22830
27/07/2023;BSB;10673
27/07/2023;CGB;5818
27/07/2023;CGR;2610
27/07/2023;FOR;2925
27/07/2023;RIO;32408
27/07/2023;MAO;2344
27/07/2023;POA;17854
27/07/2023;REC;8865
27/07/2023;SSA;7462
27/07/2023;TECA;166446
27/07/2023;VIX;9185
28/07/2023;BHZ;20598
28/07/2023;BSB;12291
28/07/2023;CGB;10219
28/07/2023;CGR;3334
28/07/2023;FOR;2182
28/07/2023;RIO;31795
28/07/2023;MAO;3085
28/07/2023;POA;16599
28/07/2023;REC;10684
28/07/2023;SSA;8853
28/07/2023;TECA;168531
28/07/2023;VIX;9591
29/07/2023;BHZ;20880
29/07/2023;BSB;10787
29/07/2023;CGB;4972
29/07/2023;CGR;2438
29/07/2023;FOR;3303
29/07/2023;RIO;30619
29/07/2023;MAO;5471
29/07/2023;POA;9694
29/07/2023;REC;10280
29/07/2023;SSA;3211
29/07/2023;TECA;118281
29/07/2023;VIX;7203
30/07/2023;BHZ;2218
30/07/2023;BSB;695
30/07/2023;CGB;51
30/07/2023;RIO;9806
30/07/2023;POA;3984
30/07/2023;REC;10598
30/07/2023;SSA;7141
30/07/2023;TECA;28911
31/07/2023;BHZ;24534
31/07/2023;BSB;11157
31/07/2023;CGB;8112
31/07/2023;CGR;2156
31/07/2023;FOR;3778
31/07/2023;RIO;14820
31/07/2023;MAO;4897
31/07/2023;POA;13410
31/07/2023;REC;8176
31/07/2023;SSA;8167
31/07/2023;TECA;53441
31/07/2023;VIX;7338
01/08/2023;BHZ;18663
01/08/2023;BSB;6928
01/08/2023;CGB;7320
01/08/2023;CGR;1899
01/08/2023;FOR;2243
01/08/2023;RIO;24749
01/08/2023;MAO;8370
01/08/2023;POA;12642
01/08/2023;REC;11080
01/08/2023;SSA;4851
01/08/2023;TECA;134442
01/08/2023;VIX;8702
02/08/2023;BHZ;25161
02/08/2023;BSB;6333
02/08/2023;CGB;81
02/08/2023;CGR;1074
02/08/2023;FOR;4081
02/08/2023;RIO;27890
02/08/2023;MAO;7240
02/08/2023;POA;14171
02/08/2023;REC;9625
02/08/2023;SSA;2300
02/08/2023;TECA;148884
02/08/2023;VIX;9444
03/08/2023;BHZ;21165
03/08/2023;BSB;7112
03/08/2023;CGB;2949
03/08/2023;CGR;1815
03/08/2023;FOR;2630
03/08/2023;RIO;33712
03/08/2023;MAO;2493
03/08/2023;POA;16073
03/08/2023;REC;6432
03/08/2023;SSA;9620
03/08/2023;TECA;145122
03/08/2023;VIX;10991
04/08/2023;BHZ;21974
04/08/2023;BSB;8252
04/08/2023;CGB;7631
04/08/2023;CGR;2977
04/08/2023;FOR;3210
04/08/2023;RIO;29679
04/08/2023;MAO;5231
04/08/2023;POA;15599
04/08/2023;REC;9410
04/08/2023;SSA;5432
04/08/2023;TECA;134655
04/08/2023;VIX;9162
05/08/2023;BHZ;16968
05/08/2023;BSB;8622
05/08/2023;CGB;3453
05/08/2023;CGR;45
05/08/2023;FOR;1258
05/08/2023;RIO;30929
05/08/2023;MAO;512
05/08/2023;POA;13832
05/08/2023;REC;9729
05/08/2023;SSA;3073
05/08/2023;TECA;104138
05/08/2023;VIX;8150
06/08/2023;BHZ;1300
06/08/2023;BSB;3006
06/08/2023;RIO;9684
06/08/2023;POA;2436
06/08/2023;REC;8539
06/08/2023;SSA;11600
06/08/2023;TECA;29559
06/08/2023;VIX;40
07/08/2023;BHZ;20748
07/08/2023;BSB;12461
07/08/2023;CGB;9217
07/08/2023;CGR;2650
07/08/2023;FOR;4007
07/08/2023;RIO;13683
07/08/2023;MAO;3933
07/08/2023;POA;17521
07/08/2023;REC;8401
07/08/2023;SSA;7792
07/08/2023;TECA;77850
07/08/2023;VIX;6509
08/08/2023;BHZ;19774
08/08/2023;BSB;8312
08/08/2023;CGB;3657
08/08/2023;CGR;1549
08/08/2023;FOR;3589
08/08/2023;RIO;21905
08/08/2023;MAO;10485
08/08/2023;POA;16634
08/08/2023;REC;7252
08/08/2023;SSA;1410
08/08/2023;TECA;136739
08/08/2023;VIX;9541
09/08/2023;BHZ;23325
09/08/2023;BSB;4736
09/08/2023;CGB;159
09/08/2023;CGR;968
09/08/2023;FOR;3659
09/08/2023;RIO;37500
09/08/2023;MAO;4956
09/08/2023;POA;15855
09/08/2023;REC;6606
09/08/2023;SSA;4904
09/08/2023;TECA;143274
09/08/2023;VIX;10325
10/08/2023;BHZ;24555
10/08/2023;BSB;11966
10/08/2023;CGB;6592
10/08/2023;CGR;1865
10/08/2023;FOR;1704
10/08/2023;RIO;31698
10/08/2023;MAO;998
10/08/2023;POA;18699
10/08/2023;REC;4184
10/08/2023;SSA;8590
10/08/2023;TECA;144563
10/08/2023;VIX;12983
11/08/2023;BHZ;23649
11/08/2023;BSB;5447
11/08/2023;CGB;6389
11/08/2023;CGR;2419
11/08/2023;FOR;1737
11/08/2023;RIO;27658
11/08/2023;MAO;3438
11/08/2023;POA;20675
11/08/2023;REC;10850
11/08/2023;SSA;8328
11/08/2023;TECA;141992
11/08/2023;VIX;8514
12/08/2023;BHZ;17589
12/08/2023;BSB;10899
12/08/2023;CGB;4739
12/08/2023;CGR;228
12/08/2023;FOR;1867
12/08/2023;RIO;27122
12/08/2023;MAO;4776
12/08/2023;POA;11017
12/08/2023;REC;9667
12/08/2023;SSA;3493
12/08/2023;TECA;114724
12/08/2023;VIX;8706
13/08/2023;BHZ;2517
13/08/2023;BSB;1048
13/08/2023;FOR;491
13/08/2023;RIO;21340
13/08/2023;POA;4985
13/08/2023;REC;7023
13/08/2023;SSA;7475
13/08/2023;TECA;47718
13/08/2023;VIX;4305
14/08/2023;BHZ;22377
14/08/2023;BSB;9625
14/08/2023;CGB;8458
14/08/2023;CGR;3142
14/08/2023;FOR;2575
14/08/2023;RIO;26046
14/08/2023;MAO;3977
14/08/2023;POA;14044
14/08/2023;REC;8178
14/08/2023;SSA;8677
14/08/2023;TECA;89329
14/08/2023;VIX;13703
15/08/2023;BHZ;21127
15/08/2023;BSB;8287
15/08/2023;CGB;4551
15/08/2023;CGR;2457
15/08/2023;FOR;3158
15/08/2023;RIO;31541
15/08/2023;MAO;3844
15/08/2023;POA;12292
15/08/2023;REC;9596
15/08/2023;SSA;5950
15/08/2023;TECA;154265
15/08/2023;VIX;15677
16/08/2023;BHZ;20987
16/08/2023;BSB;7886
16/08/2023;CGB;3648
16/08/2023;CGR;1647
16/08/2023;FOR;1597
16/08/2023;RIO;35779
16/08/2023;MAO;3234
16/08/2023;POA;16671
16/08/2023;REC;7413
16/08/2023;SSA;4296
16/08/2023;TECA;153230
16/08/2023;VIX;11205
17/08/2023;BHZ;23403
17/08/2023;BSB;10004
17/08/2023;CGB;9958
17/08/2023;CGR;1924
17/08/2023;FOR;3439
17/08/2023;RIO;36905
17/08/2023;MAO;1147
17/08/2023;POA;16524
17/08/2023;REC;5297
17/08/2023;SSA;8144
17/08/2023;TECA;156570
17/08/2023;VIX;10683
18/08/2023;BHZ;22917
18/08/2023;BSB;10711
18/08/2023;CGB;3751
18/08/2023;CGR;2043
18/08/2023;FOR;1597
18/08/2023;RIO;27337
18/08/2023;MAO;3615
18/08/2023;POA;16876
18/08/2023;REC;5489
18/08/2023;SSA;6553
18/08/2023;TECA;141329
18/08/2023;VIX;11638
19/08/2023;BHZ;18269
19/08/2023;BSB;10697
19/08/2023;CGB;5287
19/08/2023;CGR;1086
19/08/2023;FOR;2032
19/08/2023;RIO;29782
19/08/2023;MAO;3732
19/08/2023;POA;12578
19/08/2023;REC;8111
19/08/2023;SSA;5988
19/08/2023;TECA;121206
19/08/2023;VIX;8447
20/08/2023;BHZ;1882
20/08/2023;BSB;3174
20/08/2023;FOR;473
20/08/2023;RIO;32126
20/08/2023;POA;12306
20/08/2023;REC;8681
20/08/2023;SSA;6637
20/08/2023;TECA;34739
20/08/2023;VIX;386
21/08/2023;BHZ;19367
21/08/2023;BSB;13707
21/08/2023;CGB;10792
21/08/2023;CGR;2463
21/08/2023;FOR;708
21/08/2023;RIO;16436
21/08/2023;MAO;3910
21/08/2023;POA;10020
21/08/2023;REC;11477
21/08/2023;SSA;8618
21/08/2023;TECA;79465
21/08/2023;VIX;6535
22/08/2023;BHZ;19957
22/08/2023;BSB;9410
22/08/2023;CGB;6832
22/08/2023;CGR;1930
22/08/2023;FOR;1842
22/08/2023;RIO;23785
22/08/2023;MAO;5551
22/08/2023;POA;11679
22/08/2023;REC;10109
22/08/2023;SSA;6468
22/08/2023;TECA;126904
22/08/2023;VIX;10743
23/08/2023;BHZ;20581
23/08/2023;BSB;9241
23/08/2023;CGB;183
23/08/2023;CGR;432
23/08/2023;FOR;3188
23/08/2023;RIO;29251
23/08/2023;MAO;1644
23/08/2023;POA;12674
23/08/2023;REC;10141
23/08/2023;SSA;3220
23/08/2023;TECA;123563
23/08/2023;VIX;11723
24/08/2023;BHZ;18499
24/08/2023;BSB;12542
24/08/2023;CGB;5373
24/08/2023;CGR;1945
24/08/2023;FOR;2579
24/08/2023;RIO;29946
24/08/2023;MAO;324
24/08/2023;POA;12987
24/08/2023;REC;7796
24/08/2023;SSA;7943
24/08/2023;TECA;155186
24/08/2023;VIX;9422
25/08/2023;BHZ;19900
25/08/2023;BSB;11474
25/08/2023;CGB;3721
25/08/2023;CGR;1463
25/08/2023;FOR;1988
25/08/2023;RIO;28895
25/08/2023;MAO;4221
25/08/2023;POA;14950
25/08/2023;REC;6811
25/08/2023;SSA;2965
25/08/2023;TECA;140932
25/08/2023;VIX;9323
26/08/2023;BHZ;15855
26/08/2023;BSB;12876
26/08/2023;CGB;3657
26/08/2023;CGR;1332
26/08/2023;FOR;2027
26/08/2023;RIO;35610
26/08/2023;MAO;5786
26/08/2023;POA;10870
26/08/2023;REC;10577
26/08/2023;SSA;8170
26/08/2023;TECA;102063
26/08/2023;VIX;5194
27/08/2023;BHZ;1762
27/08/2023;BSB;4201
27/08/2023;CGR;19
27/08/2023;FOR;264
27/08/2023;RIO;11280
27/08/2023;POA;4937
27/08/2023;REC;10486
27/08/2023;SSA;10206
27/08/2023;TECA;31190
27/08/2023;VIX;232
28/08/2023;BHZ;20493
28/08/2023;BSB;10298
28/08/2023;CGB;8092
28/08/2023;CGR;2253
28/08/2023;FOR;1016
28/08/2023;RIO;13956
28/08/2023;MAO;4587
28/08/2023;POA;9894
28/08/2023;REC;5809
28/08/2023;SSA;5531
28/08/2023;TECA;59804
28/08/2023;VIX;7433
29/08/2023;BHZ;14057
29/08/2023;BSB;10571
29/08/2023;CGB;6741
29/08/2023;CGR;2101
29/08/2023;FOR;3338
29/08/2023;RIO;22731
29/08/2023;MAO;5644
29/08/2023;POA;11946
29/08/2023;REC;6363
29/08/2023;SSA;1505
29/08/2023;TECA;131788
29/08/2023;VIX;8501
30/08/2023;BHZ;20888
30/08/2023;BSB;8945
30/08/2023;CGB;3012
30/08/2023;CGR;1229
30/08/2023;FOR;2335
30/08/2023;RIO;28441
30/08/2023;MAO;782
30/08/2023;POA;12262
30/08/2023;REC;9020
30/08/2023;SSA;4343
30/08/2023;TECA;149040
30/08/2023;VIX;10187
31/08/2023;BHZ;19128
31/08/2023;BSB;12558
31/08/2023;CGB;7390
31/08/2023;CGR;1569
31/08/2023;FOR;996
31/08/2023;RIO;29143
31/08/2023;MAO;698
31/08/2023;POA;12566
31/08/2023;REC;6665
31/08/2023;SSA;7584
31/08/2023;TECA;138328
31/08/2023;VIX;9819
01/09/2023;BHZ;19197
01/09/2023;BSB;12561
01/09/2023;CGB;215
01/09/2023;CGR;1768
01/09/2023;FOR;1154
01/09/2023;RIO;28893
01/09/2023;MAO;1969
01/09/2023;POA;13075
01/09/2023;REC;7082
01/09/2023;SSA;3255
01/09/2023;TECA;115693
01/09/2023;VIX;9258
02/09/2023;BHZ;10980
02/09/2023;BSB;8055
02/09/2023;CGB;3397
02/09/2023;CGR;1069
02/09/2023;FOR;2639
02/09/2023;RIO;23974
02/09/2023;MAO;4404
02/09/2023;POA;8482
02/09/2023;REC;8563
02/09/2023;SSA;9338
02/09/2023;TECA;93020
02/09/2023;VIX;6560
03/09/2023;BHZ;1181
03/09/2023;BSB;1350
03/09/2023;RIO;7091
03/09/2023;POA;3168
03/09/2023;REC;6708
03/09/2023;SSA;9226
03/09/2023;TECA;17908
03/09/2023;VIX;691
04/09/2023;BHZ;13158
04/09/2023;BSB;11593
04/09/2023;CGB;11467
04/09/2023;CGR;2100
04/09/2023;FOR;1760
04/09/2023;RIO;9619
04/09/2023;MAO;6332
04/09/2023;POA;11740
04/09/2023;REC;8354
04/09/2023;SSA;4492
04/09/2023;TECA;49401
04/09/2023;VIX;7649
05/09/2023;BHZ;13677
05/09/2023;BSB;8039
05/09/2023;CGB;4230
05/09/2023;CGR;1684
05/09/2023;FOR;3745
05/09/2023;RIO;21896
05/09/2023;MAO;502
05/09/2023;POA;10122
05/09/2023;REC;6339
05/09/2023;SSA;1024
05/09/2023;TECA;125832
05/09/2023;VIX;7246
06/09/2023;BHZ;19543
06/09/2023;BSB;9372
06/09/2023;CGB;4287
06/09/2023;CGR;1054
06/09/2023;FOR;2452
06/09/2023;RIO;31933
06/09/2023;MAO;280
06/09/2023;POA;13508
06/09/2023;REC;6257
06/09/2023;SSA;3989
06/09/2023;TECA;150936
06/09/2023;VIX;10740
07/09/2023;BHZ;10903
07/09/2023;BSB;9745
07/09/2023;CGR;55
07/09/2023;FOR;2010
07/09/2023;RIO;28582
07/09/2023;POA;12930
07/09/2023;REC;8015
07/09/2023;SSA;6507
07/09/2023;TECA;71913
07/09/2023;VIX;4573
08/09/2023;BHZ;17534
08/09/2023;BSB;6712
08/09/2023;CGB;2678
08/09/2023;CGR;1682
08/09/2023;FOR;2177
08/09/2023;RIO;24793
08/09/2023;MAO;3337
08/09/2023;POA;12136
08/09/2023;REC;5276
08/09/2023;SSA;4775
08/09/2023;TECA;109978
08/09/2023;VIX;9393
09/09/2023;BHZ;19819
09/09/2023;BSB;8739
09/09/2023;CGB;5359
09/09/2023;CGR;390
09/09/2023;FOR;2020
09/09/2023;RIO;20512
09/09/2023;MAO;2671
09/09/2023;POA;7475
09/09/2023;REC;7341
09/09/2023;SSA;6262
09/09/2023;TECA;91287
09/09/2023;VIX;4958
10/09/2023;BHZ;3120
10/09/2023;BSB;1221
10/09/2023;RIO;11860
10/09/2023;POA;2133
10/09/2023;REC;6676
10/09/2023;SSA;5487
10/09/2023;TECA;28312
10/09/2023;VIX;1336
11/09/2023;BHZ;14330
11/09/2023;BSB;12407
11/09/2023;CGB;7774
11/09/2023;CGR;1728
11/09/2023;FOR;2742
11/09/2023;RIO;10285
11/09/2023;MAO;3688
11/09/2023;POA;16060
11/09/2023;REC;6477
11/09/2023;SSA;7209
11/09/2023;TECA;64203
11/09/2023;VIX;5538
12/09/2023;BHZ;17921
12/09/2023;BSB;3245
12/09/2023;CGB;6334
12/09/2023;CGR;2080
12/09/2023;FOR;3876
12/09/2023;RIO;27287
12/09/2023;MAO;4689
12/09/2023;POA;12509
12/09/2023;REC;10747
12/09/2023;SSA;4302
12/09/2023;TECA;108157
12/09/2023;VIX;9866
13/09/2023;BHZ;26233
13/09/2023;BSB;9841
13/09/2023;CGB;5062
13/09/2023;CGR;1749
13/09/2023;FOR;2628
13/09/2023;RIO;29713
13/09/2023;MAO;2314
13/09/2023;POA;16603
13/09/2023;REC;7586
13/09/2023;SSA;2101
13/09/2023;TECA;126864
13/09/2023;VIX;6332
14/09/2023;BHZ;22196
14/09/2023;BSB;11603
14/09/2023;CGB;4097
14/09/2023;CGR;2029
14/09/2023;FOR;2674
14/09/2023;RIO;30005
14/09/2023;MAO;217
14/09/2023;POA;19927
14/09/2023;REC;5440
14/09/2023;SSA;7658
14/09/2023;TECA;107386
14/09/2023;VIX;10620
15/09/2023;BHZ;22115
15/09/2023;BSB;11289
15/09/2023;CGB;3785
15/09/2023;CGR;1530
15/09/2023;FOR;3154
15/09/2023;RIO;29488
15/09/2023;MAO;2751
15/09/2023;POA;16620
15/09/2023;REC;8310
15/09/2023;SSA;8180
15/09/2023;TECA;107461
15/09/2023;VIX;9248
16/09/2023;BHZ;18928
16/09/2023;BSB;10172
16/09/2023;CGB;6148
16/09/2023;CGR;737
16/09/2023;FOR;2249
16/09/2023;RIO;32239
16/09/2023;MAO;2771
16/09/2023;POA;10002
16/09/2023;REC;7388
16/09/2023;SSA;3848
16/09/2023;TECA;79471
16/09/2023;VIX;9492
17/09/2023;BHZ;2053
17/09/2023;BSB;1066
17/09/2023;FOR;1205
17/09/2023;RIO;34960
17/09/2023;POA;11454
17/09/2023;REC;7196
17/09/2023;SSA;12273
17/09/2023;TECA;26884
17/09/2023;VIX;1804
18/09/2023;BHZ;20907
18/09/2023;BSB;12057
18/09/2023;CGB;4811
18/09/2023;CGR;1853
18/09/2023;FOR;3618
18/09/2023;RIO;27570
18/09/2023;MAO;5572
18/09/2023;POA;17932
18/09/2023;REC;9042
18/09/2023;SSA;10658
18/09/2023;TECA;49117
18/09/2023;VIX;8897
19/09/2023;BHZ;17130
19/09/2023;BSB;11156
19/09/2023;CGB;8286
19/09/2023;CGR;2546
19/09/2023;FOR;3843
19/09/2023;RIO;28798
19/09/2023;MAO;5450
19/09/2023;POA;15506
19/09/2023;REC;12203
19/09/2023;SSA;6145
19/09/2023;TECA;84174
19/09/2023;VIX;13217
20/09/2023;BHZ;20992
20/09/2023;BSB;10343
20/09/2023;CGB;4289
20/09/2023;CGR;2608
20/09/2023;FOR;2791
20/09/2023;RIO;32384
20/09/2023;MAO;2107
20/09/2023;POA;15058
20/09/2023;REC;9853
20/09/2023;SSA;5153
20/09/2023;TECA;114457
20/09/2023;VIX;7805
21/09/2023;BHZ;22318
21/09/2023;BSB;11533
21/09/2023;CGB;7629
21/09/2023;CGR;2495
21/09/2023;FOR;1925
21/09/2023;RIO;30578
21/09/2023;MAO;569
21/09/2023;POA;13900
21/09/2023;REC;9954
21/09/2023;SSA;7705
21/09/2023;TECA;112639
21/09/2023;VIX;8178
22/09/2023;BHZ;18507
22/09/2023;BSB;11750
22/09/2023;CGB;5233
22/09/2023;CGR;2366
22/09/2023;FOR;4608
22/09/2023;RIO;30042
22/09/2023;MAO;3323
22/09/2023;POA;15183
22/09/2023;REC;10162
22/09/2023;SSA;8320
22/09/2023;TECA;77304
22/09/2023;VIX;9356
23/09/2023;BHZ;13957
23/09/2023;BSB;13058
23/09/2023;CGB;5053
23/09/2023;CGR;418
23/09/2023;FOR;683
23/09/2023;RIO;28900
23/09/2023;MAO;3857
23/09/2023;POA;15926
23/09/2023;REC;10837
23/09/2023;SSA;2742
23/09/2023;TECA;53144
23/09/2023;VIX;7088
24/09/2023;BHZ;2214
24/09/2023;BSB;813
24/09/2023;FOR;1007
24/09/2023;RIO;17213
24/09/2023;POA;6500
24/09/2023;REC;5753
24/09/2023;SSA;11621
24/09/2023;TECA;16317
24/09/2023;VIX;2227
25/09/2023;BHZ;13530
25/09/2023;BSB;10004
25/09/2023;CGB;7688
25/09/2023;CGR;1997
25/09/2023;FOR;1962
25/09/2023;RIO;23784
25/09/2023;MAO;5583
25/09/2023;POA;13696
25/09/2023;REC;9372
25/09/2023;SSA;6786
25/09/2023;TECA;49714
25/09/2023;VIX;7700
26/09/2023;BHZ;14043
26/09/2023;BSB;4641
26/09/2023;CGB;8944
26/09/2023;CGR;2464
26/09/2023;FOR;3585
26/09/2023;RIO;22567
26/09/2023;MAO;4911
26/09/2023;POA;9330
26/09/2023;REC;7956
26/09/2023;SSA;1820
26/09/2023;TECA;111632
26/09/2023;VIX;6928
27/09/2023;BHZ;19567
27/09/2023;BSB;6927
27/09/2023;CGB;189
27/09/2023;CGR;1065
27/09/2023;FOR;2459
27/09/2023;RIO;26454
27/09/2023;MAO;385
27/09/2023;POA;13850
27/09/2023;REC;9323
27/09/2023;SSA;4854
27/09/2023;TECA;105857
27/09/2023;VIX;7535
28/09/2023;BHZ;16754
28/09/2023;BSB;10107
28/09/2023;CGB;6453
28/09/2023;CGR;1229
28/09/2023;FOR;3231
28/09/2023;RIO;27281
28/09/2023;MAO;3876
28/09/2023;POA;14865
28/09/2023;REC;7543
28/09/2023;SSA;6115
28/09/2023;TECA;104284
28/09/2023;VIX;10503
29/09/2023;BHZ;16312
29/09/2023;BSB;13220
29/09/2023;CGB;5216
29/09/2023;CGR;1702
29/09/2023;FOR;2865
29/09/2023;RIO;28587
29/09/2023;MAO;4254
29/09/2023;POA;16638
29/09/2023;REC;7310
29/09/2023;SSA;6900
29/09/2023;TECA;82555
29/09/2023;VIX;6004
30/09/2023;BHZ;12493
30/09/2023;BSB;9354
30/09/2023;CGB;3438
30/09/2023;CGR;889
30/09/2023;FOR;1187
30/09/2023;RIO;29397
30/09/2023;MAO;3776
30/09/2023;POA;10815
30/09/2023;REC;9008
30/09/2023;SSA;1433
30/09/2023;TECA;41967
30/09/2023;VIX;7411
01/10/2023;BHZ;1995
01/10/2023;BSB;555
01/10/2023;FOR;1020
01/10/2023;RIO;19736
01/10/2023;POA;5978
01/10/2023;REC;9375
01/10/2023;SSA;10127
01/10/2023;TECA;18904
01/10/2023;VIX;149
02/10/2023;BHZ;13048
02/10/2023;BSB;11869
02/10/2023;CGB;6860
02/10/2023;CGR;1586
02/10/2023;FOR;2571
02/10/2023;RIO;13917
02/10/2023;MAO;3115
02/10/2023;POA;10962
02/10/2023;REC;8484
02/10/2023;SSA;9368
02/10/2023;TECA;48854
02/10/2023;VIX;5927
03/10/2023;BHZ;12625
03/10/2023;BSB;10280
03/10/2023;CGB;6194
03/10/2023;CGR;2059
03/10/2023;FOR;3759
03/10/2023;RIO;20510
03/10/2023;MAO;2762
03/10/2023;POA;10713
03/10/2023;REC;10494
03/10/2023;SSA;775
03/10/2023;TECA;97874
03/10/2023;VIX;4820
04/10/2023;BHZ;18788
04/10/2023;BSB;8247
04/10/2023;CGB;3808
04/10/2023;CGR;2120
04/10/2023;FOR;2224
04/10/2023;RIO;33730
04/10/2023;MAO;832
04/10/2023;POA;14420
04/10/2023;REC;11232
04/10/2023;SSA;2713
04/10/2023;TECA;139184
04/10/2023;VIX;6105
05/10/2023;BHZ;15932
05/10/2023;BSB;11990
05/10/2023;CGB;4970
05/10/2023;CGR;1023
05/10/2023;FOR;1913
05/10/2023;RIO;25752
05/10/2023;MAO;223
05/10/2023;POA;16673
05/10/2023;REC;6124
05/10/2023;SSA;7627
05/10/2023;TECA;123077
05/10/2023;VIX;5037
06/10/2023;BHZ;15310
06/10/2023;BSB;9849
06/10/2023;CGB;3675
06/10/2023;CGR;1253
06/10/2023;FOR;1975
06/10/2023;RIO;27798
06/10/2023;MAO;4306
06/10/2023;POA;12512
06/10/2023;REC;6211
06/10/2023;SSA;6287
06/10/2023;TECA;79947
06/10/2023;VIX;4911
07/10/2023;BHZ;10229
07/10/2023;BSB;12231
07/10/2023;CGB;4738
07/10/2023;CGR;565
07/10/2023;FOR;1744
07/10/2023;RIO;24218
07/10/2023;MAO;3563
07/10/2023;POA;12385
07/10/2023;REC;9466
07/10/2023;SSA;3701
07/10/2023;TECA;64532
07/10/2023;VIX;5548
08/10/2023;BHZ;2760
08/10/2023;BSB;3299
08/10/2023;FOR;1554
08/10/2023;RIO;24179
08/10/2023;POA;8201
08/10/2023;REC;9268
08/10/2023;SSA;9063
08/10/2023;TECA;17814
08/10/2023;VIX;245
09/10/2023;BHZ;14298
09/10/2023;BSB;10329
09/10/2023;CGB;3693
09/10/2023;CGR;1905
09/10/2023;FOR;2119
09/10/2023;RIO;16350
09/10/2023;MAO;3744
09/10/2023;POA;14176
09/10/2023;REC;7154
09/10/2023;SSA;5441
09/10/2023;TECA;68934
09/10/2023;VIX;4804
10/10/2023;BHZ;15690
10/10/2023;BSB;11039
10/10/2023;CGB;7515
10/10/2023;CGR;2462
10/10/2023;FOR;4243
10/10/2023;RIO;27241
10/10/2023;MAO;4723
10/10/2023;POA;12399
10/10/2023;REC;9952
10/10/2023;SSA;4112
10/10/2023;TECA;136859
10/10/2023;VIX;3225
11/10/2023;BHZ;18655
11/10/2023;BSB;13276
11/10/2023;CGB;5230
11/10/2023;CGR;1226
11/10/2023;FOR;3049
11/10/2023;RIO;24810
11/10/2023;MAO;1421
11/10/2023;POA;14673
11/10/2023;REC;5027
11/10/2023;SSA;3019
11/10/2023;TECA;132932
11/10/2023;VIX;6498
12/10/2023;BHZ;12870
12/10/2023;BSB;13708
12/10/2023;CGR;1141
12/10/2023;FOR;28
12/10/2023;RIO;29702
12/10/2023;POA;11006
12/10/2023;REC;2965
12/10/2023;SSA;6356
12/10/2023;TECA;81101
12/10/2023;VIX;3123
13/10/2023;BHZ;13472
13/10/2023;BSB;10137
13/10/2023;CGB;10188
13/10/2023;CGR;1437
13/10/2023;FOR;4860
13/10/2023;RIO;20021
13/10/2023;MAO;3733
13/10/2023;POA;16683
13/10/2023;REC;10753
13/10/2023;SSA;2799
13/10/2023;TECA;146666
13/10/2023;VIX;5833
14/10/2023;BHZ;13329
14/10/2023;BSB;15570
14/10/2023;CGB;3431
14/10/2023;CGR;313
14/10/2023;FOR;3280
14/10/2023;RIO;29148
14/10/2023;MAO;3575
14/10/2023;POA;12608
14/10/2023;REC;9572
14/10/2023;SSA;1875
14/10/2023;TECA;123444
14/10/2023;VIX;3397
15/10/2023;BHZ;2774
15/10/2023;BSB;1253
15/10/2023;FOR;1365
15/10/2023;RIO;19762
15/10/2023;POA;7128
15/10/2023;REC;6174
15/10/2023;SSA;81
15/10/2023;TECA;45594
15/10/2023;VIX;434
16/10/2023;BHZ;16468
16/10/2023;BSB;13890
16/10/2023;CGB;8129
16/10/2023;CGR;1196
16/10/2023;FOR;1637
16/10/2023;RIO;29067
16/10/2023;MAO;4034
16/10/2023;POA;13129
16/10/2023;REC;7177
16/10/2023;SSA;11960
16/10/2023;TECA;70923
16/10/2023;VIX;4913
17/10/2023;BHZ;18748
17/10/2023;BSB;14092
17/10/2023;CGB;8770
17/10/2023;CGR;2364
17/10/2023;FOR;4901
17/10/2023;RIO;18475
17/10/2023;MAO;5179
17/10/2023;POA;11093
17/10/2023;REC;8947
17/10/2023;SSA;2713
17/10/2023;TECA;146166
17/10/2023;VIX;3976
18/10/2023;BHZ;19469
18/10/2023;BSB;11332
18/10/2023;CGB;3489
18/10/2023;CGR;1230
18/10/2023;FOR;3960
18/10/2023;RIO;28165
18/10/2023;MAO;884
18/10/2023;POA;15767
18/10/2023;REC;7102
18/10/2023;SSA;7489
18/10/2023;TECA;145895
18/10/2023;VIX;4780
19/10/2023;BHZ;19266
19/10/2023;BSB;16015
19/10/2023;CGB;6172
19/10/2023;CGR;1662
19/10/2023;FOR;2725
19/10/2023;RIO;29961
19/10/2023;MAO;237
19/10/2023;POA;15968
19/10/2023;REC;7865
19/10/2023;SSA;9013
19/10/2023;TECA;151761
19/10/2023;VIX;7485
20/10/2023;BHZ;17601
20/10/2023;BSB;14766
20/10/2023;CGB;6511
20/10/2023;CGR;1579
20/10/2023;FOR;3780
20/10/2023;RIO;29873
20/10/2023;MAO;4640
20/10/2023;POA;16066
20/10/2023;REC;6821
20/10/2023;SSA;6103
20/10/2023;TECA;131732
20/10/2023;VIX;5896
21/10/2023;BHZ;13259
21/10/2023;BSB;10235
21/10/2023;CGB;4763
21/10/2023;CGR;819
21/10/2023;FOR;2964
21/10/2023;RIO;29900
21/10/2023;MAO;2179
21/10/2023;POA;9914
21/10/2023;REC;10803
21/10/2023;SSA;1342
21/10/2023;TECA;106340
21/10/2023;VIX;4750
22/10/2023;BHZ;1693
22/10/2023;BSB;11818
22/10/2023;FOR;878
22/10/2023;RIO;17502
22/10/2023;POA;8175
22/10/2023;REC;6906
22/10/2023;SSA;8688
22/10/2023;TECA;34611
22/10/2023;VIX;133
23/10/2023;BHZ;14367
23/10/2023;BSB;9653
23/10/2023;CGB;9077
23/10/2023;CGR;2039
23/10/2023;FOR;3435
23/10/2023;RIO;22377
23/10/2023;MAO;5599
23/10/2023;POA;16861
23/10/2023;REC;8714
23/10/2023;SSA;6427
23/10/2023;TECA;65181
23/10/2023;VIX;5650
24/10/2023;BHZ;14061
24/10/2023;BSB;11529
24/10/2023;CGB;7302
24/10/2023;CGR;2059
24/10/2023;FOR;1680
24/10/2023;RIO;29835
24/10/2023;MAO;5526
24/10/2023;POA;11526
24/10/2023;REC;8763
24/10/2023;SSA;2549
24/10/2023;TECA;128398
24/10/2023;VIX;5112
25/10/2023;BHZ;17517
25/10/2023;BSB;10881
25/10/2023;CGB;7078
25/10/2023;CGR;1330
25/10/2023;FOR;3786
25/10/2023;RIO;26700
25/10/2023;MAO;1635
25/10/2023;POA;12153
25/10/2023;REC;8860
25/10/2023;SSA;2766
25/10/2023;TECA;150927
25/10/2023;VIX;4868
26/10/2023;BHZ;17171
26/10/2023;BSB;8907
26/10/2023;CGB;6797
26/10/2023;CGR;1673
26/10/2023;FOR;3770
26/10/2023;RIO;30190
26/10/2023;MAO;297
26/10/2023;POA;13307
26/10/2023;REC;6753
26/10/2023;SSA;6215
26/10/2023;TECA;148630
26/10/2023;VIX;7080
27/10/2023;BHZ;15331
27/10/2023;BSB;8751
27/10/2023;CGB;3552
27/10/2023;CGR;1916
27/10/2023;FOR;1492
27/10/2023;RIO;25077
27/10/2023;MAO;4873
27/10/2023;POA;17563
27/10/2023;REC;8903
27/10/2023;SSA;7774
27/10/2023;TECA;124004
27/10/2023;VIX;6932
28/10/2023;BHZ;9007
28/10/2023;BSB;14677
28/10/2023;CGB;5707
28/10/2023;CGR;421
28/10/2023;FOR;2070
28/10/2023;RIO;25680
28/10/2023;MAO;2847
28/10/2023;POA;10118
28/10/2023;REC;10017
28/10/2023;SSA;1781
28/10/2023;TECA;96219
28/10/2023;VIX;5271
29/10/2023;BHZ;3447
29/10/2023;BSB;5062
29/10/2023;FOR;1031
29/10/2023;RIO;13623
29/10/2023;POA;4127
29/10/2023;REC;9956
29/10/2023;SSA;8144
29/10/2023;TECA;36822
29/10/2023;VIX;21
30/10/2023;BHZ;12678
30/10/2023;BSB;14236
30/10/2023;CGB;9755
30/10/2023;CGR;1544
30/10/2023;FOR;2520
30/10/2023;RIO;16893
30/10/2023;MAO;5474
30/10/2023;POA;14044
30/10/2023;REC;11333
30/10/2023;SSA;9405
30/10/2023;TECA;68964
30/10/2023;VIX;5521
31/10/2023;BHZ;12788
31/10/2023;BSB;9125
31/10/2023;CGB;6872
31/10/2023;CGR;1142
31/10/2023;FOR;3159
31/10/2023;RIO;20072
31/10/2023;MAO;7348
31/10/2023;POA;10494
31/10/2023;REC;8720
31/10/2023;SSA;1278
31/10/2023;TECA;121762
31/10/2023;VIX;4789
01/11/2023;BHZ;13522
01/11/2023;BSB;12276
01/11/2023;CGB;4242
01/11/2023;CGR;2111
01/11/2023;FOR;4232
01/11/2023;RIO;26195
01/11/2023;MAO;1912
01/11/2023;POA;14378
01/11/2023;REC;6628
01/11/2023;SSA;4165
01/11/2023;TECA;139264
01/11/2023;VIX;5879
02/11/2023;BHZ;9929
02/11/2023;BSB;8664
02/11/2023;FOR;714
02/11/2023;RIO;24817
02/11/2023;POA;13884
02/11/2023;REC;4541
02/11/2023;SSA;6603
02/11/2023;TECA;93139
02/11/2023;VIX;4445
03/11/2023;BHZ;11740
03/11/2023;BSB;12717
03/11/2023;CGB;7547
03/11/2023;CGR;2703
03/11/2023;FOR;2546
03/11/2023;RIO;21689
03/11/2023;MAO;2980
03/11/2023;POA;15373
03/11/2023;REC;8608
03/11/2023;SSA;5987
03/11/2023;TECA;93324
03/11/2023;VIX;5088
04/11/2023;BHZ;11337
04/11/2023;BSB;9749
04/11/2023;CGB;8078
04/11/2023;CGR;1154
04/11/2023;FOR;2210
04/11/2023;RIO;28354
04/11/2023;MAO;2683
04/11/2023;POA;6452
04/11/2023;REC;5504
04/11/2023;SSA;4725
04/11/2023;TECA;103251
04/11/2023;VIX;3159
05/11/2023;BHZ;3095
05/11/2023;BSB;3326
05/11/2023;FOR;1327
05/11/2023;RIO;15716
05/11/2023;POA;3990
05/11/2023;REC;10650
05/11/2023;SSA;3873
05/11/2023;TECA;49824
06/11/2023;BHZ;15341
06/11/2023;BSB;13233
06/11/2023;CGB;8066
06/11/2023;CGR;1506
06/11/2023;FOR;2980
06/11/2023;RIO;14993
06/11/2023;MAO;7163
06/11/2023;POA;12825
06/11/2023;REC;7660
06/11/2023;SSA;5354
06/11/2023;TECA;80992
06/11/2023;VIX;7642
07/11/2023;BHZ;11889
07/11/2023;BSB;13108
07/11/2023;CGB;8677
07/11/2023;CGR;1860
07/11/2023;FOR;4195
07/11/2023;RIO;24827
07/11/2023;MAO;1739
07/11/2023;POA;14516
07/11/2023;REC;9756
07/11/2023;SSA;2541
07/11/2023;TECA;149626
07/11/2023;VIX;3996
08/11/2023;BHZ;18405
08/11/2023;BSB;10723
08/11/2023;CGB;174
08/11/2023;CGR;1190
08/11/2023;FOR;4413
08/11/2023;RIO;25732
08/11/2023;MAO;6047
08/11/2023;POA;19354
08/11/2023;REC;6556
08/11/2023;SSA;3146
08/11/2023;TECA;160824
08/11/2023;VIX;7304
09/11/2023;BHZ;16938
09/11/2023;BSB;9773
09/11/2023;CGB;7434
09/11/2023;CGR;1302
09/11/2023;FOR;4303
09/11/2023;RIO;27363
09/11/2023;MAO;2907
09/11/2023;POA;16587
09/11/2023;REC;6662
09/11/2023;SSA;6816
09/11/2023;TECA;148689
09/11/2023;VIX;7607
10/11/2023;BHZ;15011
10/11/2023;BSB;9726
10/11/2023;CGB;3225
10/11/2023;CGR;1978
10/11/2023;FOR;2995
10/11/2023;RIO;25580
10/11/2023;MAO;3608
10/11/2023;POA;16386
10/11/2023;REC;10666
10/11/2023;SSA;8939
10/11/2023;TECA;171333
10/11/2023;VIX;7274
11/11/2023;BHZ;19059
11/11/2023;BSB;9153
11/11/2023;CGB;6065
11/11/2023;CGR;1356
11/11/2023;FOR;1989
11/11/2023;RIO;26790
11/11/2023;MAO;2217
11/11/2023;POA;12501
11/11/2023;REC;11088
11/11/2023;SSA;3614
11/11/2023;TECA;123546
11/11/2023;VIX;8535
12/11/2023;BHZ;2963
12/11/2023;BSB;2567
12/11/2023;FOR;1382
12/11/2023;RIO;17033
12/11/2023;POA;2949
12/11/2023;REC;7942
12/11/2023;SSA;5046
12/11/2023;TECA;59049
12/11/2023;VIX;1276
13/11/2023;BHZ;14476
13/11/2023;BSB;8770
13/11/2023;CGB;9393
13/11/2023;CGR;1371
13/11/2023;FOR;4464
13/11/2023;RIO;21960
13/11/2023;MAO;4363
13/11/2023;POA;17729
13/11/2023;REC;6514
13/11/2023;SSA;11752
13/11/2023;TECA;101871
13/11/2023;VIX;5278
14/11/2023;BHZ;17266
14/11/2023;BSB;11595
14/11/2023;CGB;7818
14/11/2023;CGR;1238
14/11/2023;FOR;3488
14/11/2023;RIO;23783
14/11/2023;MAO;3649
14/11/2023;POA;18241
14/11/2023;REC;10249
14/11/2023;SSA;6663
14/11/2023;TECA;176803
14/11/2023;VIX;5753
15/11/2023;BHZ;15912
15/11/2023;BSB;6224
15/11/2023;CGB;8293
15/11/2023;CGR;2088
15/11/2023;FOR;4356
15/11/2023;RIO;27723
15/11/2023;MAO;9
15/11/2023;POA;12347
15/11/2023;REC;14112
15/11/2023;SSA;3884
15/11/2023;TECA;106429
15/11/2023;VIX;10873
16/11/2023;BHZ;16962
16/11/2023;BSB;9677
16/11/2023;CGB;3373
16/11/2023;CGR;2305
16/11/2023;FOR;4138
16/11/2023;RIO;23850
16/11/2023;MAO;863
16/11/2023;POA;16738
16/11/2023;REC;6217
16/11/2023;SSA;7609
16/11/2023;TECA;147314
16/11/2023;VIX;16561
17/11/2023;BHZ;18062
17/11/2023;BSB;8280
17/11/2023;CGB;4815
17/11/2023;CGR;2291
17/11/2023;FOR;5655
17/11/2023;RIO;27707
17/11/2023;MAO;3656
17/11/2023;POA;16596
17/11/2023;REC;6973
17/11/2023;SSA;4199
17/11/2023;TECA;197758
17/11/2023;VIX;5993
18/11/2023;BHZ;19872
18/11/2023;BSB;10444
18/11/2023;CGB;5093
18/11/2023;CGR;1405
18/11/2023;FOR;3493
18/11/2023;RIO;15131
18/11/2023;MAO;4835
18/11/2023;POA;11614
18/11/2023;REC;9694
18/11/2023;SSA;7029
18/11/2023;TECA;176055
18/11/2023;VIX;5981
19/11/2023;BHZ;11456
19/11/2023;BSB;3803
19/11/2023;FOR;2542
19/11/2023;RIO;25311
19/11/2023;POA;10180
19/11/2023;REC;12339
19/11/2023;SSA;8590
19/11/2023;TECA;121604
19/11/2023;VIX;5508
20/11/2023;BHZ;15021
20/11/2023;BSB;12430
20/11/2023;CGB;3318
20/11/2023;CGR;2380
20/11/2023;FOR;4268
20/11/2023;RIO;28508
20/11/2023;POA;15289
20/11/2023;REC;14064
20/11/2023;SSA;8039
20/11/2023;TECA;111643
20/11/2023;VIX;6825
21/11/2023;BHZ;20046
21/11/2023;BSB;15241
21/11/2023;CGB;3923
21/11/2023;CGR;2492
21/11/2023;FOR;6244
21/11/2023;RIO;27122
21/11/2023;MAO;505
21/11/2023;POA;16299
21/11/2023;REC;13273
21/11/2023;SSA;9370
21/11/2023;TECA;186592
21/11/2023;VIX;15503
22/11/2023;BHZ;19495
22/11/2023;BSB;10865
22/11/2023;CGB;2788
22/11/2023;CGR;993
22/11/2023;FOR;4818
22/11/2023;RIO;30793
22/11/2023;MAO;1493
22/11/2023;POA;17405
22/11/2023;REC;11916
22/11/2023;SSA;7031
22/11/2023;TECA;229224
22/11/2023;VIX;14913
23/11/2023;BHZ;19272
23/11/2023;BSB;15237
23/11/2023;CGB;10283
23/11/2023;CGR;2072
23/11/2023;FOR;4089
23/11/2023;RIO;33915
23/11/2023;MAO;1019
23/11/2023;POA;21780
23/11/2023;REC;15625
23/11/2023;SSA;9107
23/11/2023;TECA;211336
23/11/2023;VIX;9346
24/11/2023;BHZ;18804
24/11/2023;BSB;14045
24/11/2023;CGB;6668
24/11/2023;CGR;1638
24/11/2023;FOR;5114
24/11/2023;RIO;37840
24/11/2023;MAO;7079
24/11/2023;POA;11918
24/11/2023;REC;14642
24/11/2023;SSA;10831
24/11/2023;TECA;199544
24/11/2023;VIX;13964
25/11/2023;BHZ;20374
25/11/2023;BSB;12874
25/11/2023;CGB;7218
25/11/2023;CGR;1285
25/11/2023;FOR;3713
25/11/2023;RIO;34840
25/11/2023;MAO;3876
25/11/2023;POA;17181
25/11/2023;REC;11835
25/11/2023;SSA;10269
25/11/2023;TECA;200448
25/11/2023;VIX;12363
26/11/2023;BHZ;16807
26/11/2023;BSB;3363
26/11/2023;CGB;10126
26/11/2023;FOR;7000
26/11/2023;RIO;37049
26/11/2023;MAO;3637
26/11/2023;POA;8007
26/11/2023;REC;10710
26/11/2023;SSA;5892
26/11/2023;TECA;158508
26/11/2023;VIX;9112
27/11/2023;BHZ;17400
27/11/2023;BSB;18640
27/11/2023;CGB;6547
27/11/2023;CGR;2364
27/11/2023;FOR;7622
27/11/2023;RIO;39403
27/11/2023;MAO;5971
27/11/2023;POA;14732
27/11/2023;REC;12980
27/11/2023;SSA;7569
27/11/2023;TECA;175014
27/11/2023;VIX;12948
28/11/2023;BHZ;24125
28/11/2023;BSB;17115
28/11/2023;CGB;6734
28/11/2023;CGR;2019
28/11/2023;FOR;8400
28/11/2023;RIO;44379
28/11/2023;MAO;6064
28/11/2023;POA;18258
28/11/2023;REC;17491
28/11/2023;SSA;9995
28/11/2023;TECA;204211
28/11/2023;VIX;15331
29/11/2023;BHZ;30498
29/11/2023;BSB;16892
29/11/2023;CGB;10752
29/11/2023;CGR;2348
29/11/2023;FOR;6377
29/11/2023;RIO;43299
29/11/2023;MAO;2688
29/11/2023;POA;14180
29/11/2023;REC;21642
29/11/2023;SSA;12616
29/11/2023;TECA;206003
29/11/2023;VIX;20541
30/11/2023;BHZ;30515
30/11/2023;BSB;14181
30/11/2023;CGB;8069
30/11/2023;CGR;2259
30/11/2023;FOR;7141
30/11/2023;RIO;50821
30/11/2023;MAO;1568
30/11/2023;POA;22495
30/11/2023;REC;17733
30/11/2023;SSA;12367
30/11/2023;TECA;227013
30/11/2023;VIX;12765
01/12/2023;BHZ;29125
01/12/2023;BSB;13447
01/12/2023;CGB;6963
01/12/2023;CGR;1462
01/12/2023;FOR;5494
01/12/2023;RIO;41213
01/12/2023;MAO;7975
01/12/2023;POA;19145
01/12/2023;REC;9390
01/12/2023;SSA;12071
01/12/2023;TECA;180892
01/12/2023;VIX;11244
02/12/2023;BHZ;26502
02/12/2023;BSB;13001
02/12/2023;CGB;1310
02/12/2023;CGR;904
02/12/2023;FOR;2406
02/12/2023;RIO;43268
02/12/2023;MAO;7652
02/12/2023;POA;16200
02/12/2023;REC;18287
02/12/2023;SSA;12453
02/12/2023;TECA;159767
02/12/2023;VIX;17139
03/12/2023;BHZ;9870
03/12/2023;BSB;8028
03/12/2023;CGB;2811
03/12/2023;CGR;832
03/12/2023;FOR;4731
03/12/2023;RIO;34693
03/12/2023;MAO;4680
03/12/2023;POA;12573
03/12/2023;REC;17942
03/12/2023;SSA;16475
03/12/2023;TECA;97061
03/12/2023;VIX;5795
04/12/2023;BHZ;22596
04/12/2023;BSB;15447
04/12/2023;CGB;5999
04/12/2023;CGR;2091
04/12/2023;FOR;3354
04/12/2023;RIO;39794
04/12/2023;MAO;2804
04/12/2023;POA;18166
04/12/2023;REC;16767
04/12/2023;SSA;6690
04/12/2023;TECA;129473
04/12/2023;VIX;8775
05/12/2023;BHZ;18143
05/12/2023;BSB;17058
05/12/2023;CGB;2174
05/12/2023;CGR;1277
05/12/2023;FOR;5867
05/12/2023;RIO;34825
05/12/2023;MAO;358
05/12/2023;POA;20368
05/12/2023;REC;9913
05/12/2023;SSA;8708
05/12/2023;TECA;196762
05/12/2023;VIX;7240
06/12/2023;BHZ;17226
06/12/2023;BSB;16364
06/12/2023;CGB;8816
06/12/2023;CGR;2056
06/12/2023;FOR;5980
06/12/2023;RIO;41923
06/12/2023;MAO;1085
06/12/2023;POA;20713
06/12/2023;REC;18123
06/12/2023;SSA;7792
06/12/2023;TECA;190242
06/12/2023;VIX;11648
07/12/2023;BHZ;21331
07/12/2023;BSB;14095
07/12/2023;CGB;10983
07/12/2023;CGR;2513
07/12/2023;FOR;5791
07/12/2023;RIO;37819
07/12/2023;MAO;841
07/12/2023;POA;19634
07/12/2023;REC;14989
07/12/2023;SSA;10887
07/12/2023;TECA;204747
07/12/2023;VIX;9894
08/12/2023;BHZ;27135
08/12/2023;BSB;12290
08/12/2023;CGB;8682
08/12/2023;CGR;2052
08/12/2023;FOR;4675
08/12/2023;RIO;35923
08/12/2023;MAO;2982
08/12/2023;POA;24058
08/12/2023;REC;14062
08/12/2023;SSA;8110
08/12/2023;TECA;183773
08/12/2023;VIX;11298
09/12/2023;BHZ;24154
09/12/2023;BSB;7580
09/12/2023;CGB;2720
09/12/2023;CGR;908
09/12/2023;FOR;2422
09/12/2023;RIO;39682
09/12/2023;MAO;8684
09/12/2023;POA;15857
09/12/2023;REC;9897
09/12/2023;SSA;11645
09/12/2023;TECA;160121
09/12/2023;VIX;6534
10/12/2023;BHZ;10444
10/12/2023;BSB;6277
10/12/2023;CGB;2216
10/12/2023;CGR;1037
10/12/2023;FOR;1307
10/12/2023;RIO;30440
10/12/2023;MAO;2676
10/12/2023;POA;11062
10/12/2023;REC;14168
10/12/2023;SSA;9381
10/12/2023;TECA;76838
10/12/2023;VIX;5436
11/12/2023;BHZ;14829
11/12/2023;BSB;15175
11/12/2023;CGB;15992
11/12/2023;CGR;2693
11/12/2023;FOR;3841
11/12/2023;RIO;29057
11/12/2023;MAO;8111
11/12/2023;POA;23051
11/12/2023;REC;13288
11/12/2023;SSA;10928
11/12/2023;TECA;99247
11/12/2023;VIX;4177
12/12/2023;BHZ;18298
12/12/2023;BSB;15601
12/12/2023;CGB;9332
12/12/2023;CGR;2919
12/12/2023;FOR;5126
12/12/2023;RIO;27041
12/12/2023;MAO;347
12/12/2023;POA;24318
12/12/2023;REC;13132
12/12/2023;SSA;6731
12/12/2023;TECA;201858
12/12/2023;VIX;10118
13/12/2023;BHZ;21305
13/12/2023;BSB;16216
13/12/2023;CGB;9689
13/12/2023;CGR;2307
13/12/2023;FOR;4375
13/12/2023;RIO;33549
13/12/2023;MAO;182
13/12/2023;POA;20103
13/12/2023;REC;14495
13/12/2023;SSA;12797
13/12/2023;TECA;178005
13/12/2023;VIX;8236
14/12/2023;BHZ;25367
14/12/2023;BSB;16368
14/12/2023;CGB;11570
14/12/2023;CGR;2602
14/12/2023;FOR;5074
14/12/2023;RIO;33679
14/12/2023;MAO;1550
14/12/2023;POA;22036
14/12/2023;REC;11473
14/12/2023;SSA;13598
14/12/2023;TECA;168245
14/12/2023;VIX;9194
15/12/2023;BHZ;25417
15/12/2023;BSB;19121
15/12/2023;CGB;8702
15/12/2023;CGR;2375
15/12/2023;FOR;2753
15/12/2023;RIO;37302
15/12/2023;MAO;11162
15/12/2023;POA;14255
15/12/2023;REC;10103
15/12/2023;SSA;8064
15/12/2023;TECA;163672
15/12/2023;VIX;9480
16/12/2023;BHZ;19595
16/12/2023;BSB;20511
16/12/2023;CGB;9265
16/12/2023;CGR;993
16/12/2023;FOR;4099
16/12/2023;RIO;27432
16/12/2023;POA;11468
16/12/2023;REC;11962
16/12/2023;SSA;11405
16/12/2023;TECA;141128
16/12/2023;VIX;8957
17/12/2023;BHZ;3086
17/12/2023;BSB;12181
17/12/2023;CGB;1378
17/12/2023;CGR;251
17/12/2023;FOR;678
17/12/2023;RIO;23661
17/12/2023;MAO;11456
17/12/2023;POA;5993
17/12/2023;REC;13490
17/12/2023;SSA;6944
17/12/2023;TECA;54458
18/12/2023;BHZ;22226
18/12/2023;BSB;14047
18/12/2023;CGB;3857
18/12/2023;CGR;1978
18/12/2023;FOR;2662
18/12/2023;RIO;26245
18/12/2023;MAO;10059
18/12/2023;POA;18302
18/12/2023;REC;11133
18/12/2023;SSA;10733
18/12/2023;TECA;98838
18/12/2023;VIX;6853
19/12/2023;BHZ;17159
19/12/2023;BSB;13479
19/12/2023;CGB;9773
19/12/2023;CGR;2218
19/12/2023;FOR;5395
19/12/2023;RIO;22651
19/12/2023;MAO;370
19/12/2023;POA;16110
19/12/2023;REC;10721
19/12/2023;SSA;3578
19/12/2023;TECA;162081
19/12/2023;VIX;9519
20/12/2023;BHZ;24066
20/12/2023;BSB;11641
20/12/2023;CGB;6198
20/12/2023;CGR;2338
20/12/2023;FOR;4655
20/12/2023;RIO;28196
20/12/2023;MAO;6916
20/12/2023;POA;17309
20/12/2023;REC;10415
20/12/2023;SSA;5988
20/12/2023;TECA;161846
20/12/2023;VIX;11155
21/12/2023;BHZ;20295
21/12/2023;BSB;15223
21/12/2023;CGB;11364
21/12/2023;CGR;2932
21/12/2023;FOR;4240
21/12/2023;RIO;37160
21/12/2023;MAO;2753
21/12/2023;POA;16615
21/12/2023;REC;10070
21/12/2023;SSA;7544
21/12/2023;TECA;152195
21/12/2023;VIX;5850
22/12/2023;BHZ;17662
22/12/2023;BSB;14808
22/12/2023;CGB;11107
22/12/2023;CGR;2734
22/12/2023;FOR;3596
22/12/2023;RIO;27795
22/12/2023;MAO;7907
22/12/2023;POA;13549
22/12/2023;REC;12399
22/12/2023;SSA;8041
22/12/2023;TECA;147456
22/12/2023;VIX;8739
23/12/2023;BHZ;15590
23/12/2023;BSB;11041
23/12/2023;CGB;3499
23/12/2023;CGR;1095
23/12/2023;FOR;2393
23/12/2023;RIO;27636
23/12/2023;MAO;6472
23/12/2023;POA;7980
23/12/2023;REC;12835
23/12/2023;SSA;9780
23/12/2023;TECA;106230
23/12/2023;VIX;8015
24/12/2023;BHZ;917
24/12/2023;FOR;1146
24/12/2023;RIO;545
24/12/2023;REC;7915
24/12/2023;SSA;4426
24/12/2023;TECA;12032
25/12/2023;RIO;3
25/12/2023;POA;2418
25/12/2023;REC;3082
25/12/2023;SSA;137
25/12/2023;TECA;165
26/12/2023;BHZ;8754
26/12/2023;BSB;10904
26/12/2023;CGB;8909
26/12/2023;CGR;2874
26/12/2023;FOR;2554
26/12/2023;RIO;13490
26/12/2023;MAO;10140
26/12/2023;POA;9320
26/12/2023;REC;9282
26/12/2023;SSA;4941
26/12/2023;TECA;87112
26/12/2023;VIX;4851
27/12/2023;BHZ;15260
27/12/2023;BSB;9552
27/12/2023;CGB;4676
27/12/2023;CGR;2279
27/12/2023;FOR;5337
27/12/2023;RIO;25690
27/12/2023;MAO;4132
27/12/2023;POA;15533
27/12/2023;REC;8865
27/12/2023;SSA;1223
27/12/2023;TECA;101172
27/12/2023;VIX;5702
28/12/2023;BHZ;6727
28/12/2023;BSB;7191
28/12/2023;CGR;65
28/12/2023;FOR;117
28/12/2023;RIO;2272
28/12/2023;MAO;404
28/12/2023;POA;6419
28/12/2023;REC;4888
28/12/2023;SSA;2486
28/12/2023;TECA;51157
28/12/2023;VIX;15
29/12/2023;BHZ;14355
29/12/2023;BSB;10410
29/12/2023;CGB;12448
29/12/2023;CGR;407
29/12/2023;FOR;2939
29/12/2023;RIO;23893
29/12/2023;MAO;454
29/12/2023;POA;15451
29/12/2023;REC;8302
29/12/2023;SSA;8860
29/12/2023;TECA;124806
29/12/2023;VIX;8225
30/12/2023;BHZ;8030
30/12/2023;BSB;6365
30/12/2023;CGB;111
30/12/2023;CGR;948
30/12/2023;FOR;2513
30/12/2023;RIO;12753
30/12/2023;MAO;6950
30/12/2023;POA;5753
30/12/2023;REC;7747
30/12/2023;SSA;4304
30/12/2023;TECA;75861
30/12/2023;VIX;6977
31/12/2023;RIO;307
31/12/2023;MAO;4096
31/12/2023;REC;2972
31/12/2023;SSA;3753
31/12/2023;TECA;2621
01/01/2024;BSB;559
01/01/2024;POA;2187
01/01/2024;REC;5243
01/01/2024;TECA;8
02/01/2024;BHZ;11222
02/01/2024;BSB;12219
02/01/2024;CGB;2099
02/01/2024;CGR;2071
02/01/2024;FOR;3140
02/01/2024;RIO;13762
02/01/2024;MAO;7610
02/01/2024;POA;4260
02/01/2024;REC;8408
02/01/2024;SSA;1872
02/01/2024;TECA;61103
02/01/2024;VIX;342
03/01/2024;BHZ;14454
03/01/2024;BSB;5289
03/01/2024;CGB;18723
03/01/2024;CGR;1298
03/01/2024;FOR;4752
03/01/2024;RIO;18064
03/01/2024;MAO;7775
03/01/2024;POA;12257
03/01/2024;REC;7503
03/01/2024;SSA;4173
03/01/2024;TECA;93236
03/01/2024;VIX;6622
04/01/2024;BHZ;13773
04/01/2024;BSB;7617
04/01/2024;CGB;9442
04/01/2024;CGR;855
04/01/2024;FOR;2763
04/01/2024;RIO;25326
04/01/2024;MAO;3296
04/01/2024;POA;11347
04/01/2024;REC;1702
04/01/2024;SSA;4942
04/01/2024;TECA;129560
04/01/2024;VIX;6598
05/01/2024;BHZ;15229
05/01/2024;BSB;10173
05/01/2024;CGB;5300
05/01/2024;CGR;1471
05/01/2024;FOR;1658
05/01/2024;RIO;18334
05/01/2024;MAO;748
05/01/2024;POA;13788
05/01/2024;REC;3270
05/01/2024;SSA;3544
05/01/2024;TECA;123660
05/01/2024;VIX;5440
06/01/2024;BHZ;8729
06/01/2024;BSB;9857
06/01/2024;CGB;3886
06/01/2024;CGR;583
06/01/2024;FOR;250
06/01/2024;RIO;22131
06/01/2024;MAO;291
06/01/2024;POA;6749
06/01/2024;REC;7352
06/01/2024;SSA;6588
06/01/2024;TECA;108332
06/01/2024;VIX;3680
07/01/2024;BHZ;1936
07/01/2024;BSB;1042
07/01/2024;FOR;1294
07/01/2024;RIO;3169
07/01/2024;MAO;5348
07/01/2024;POA;2506
07/01/2024;REC;6637
07/01/2024;SSA;2831
07/01/2024;TECA;47983
07/01/2024;VIX;142
08/01/2024;BHZ;15931
08/01/2024;BSB;15200
08/01/2024;CGB;5496
08/01/2024;CGR;2214
08/01/2024;FOR;4129
08/01/2024;RIO;17593
08/01/2024;MAO;5488
08/01/2024;POA;12628
08/01/2024;REC;9052
08/01/2024;SSA;7371
08/01/2024;TECA;72869
08/01/2024;VIX;4974
09/01/2024;BHZ;12052
09/01/2024;BSB;6082
09/01/2024;CGB;11843
09/01/2024;CGR;1622
09/01/2024;FOR;4520
09/01/2024;RIO;19847
09/01/2024;MAO;8575
09/01/2024;POA;13572
09/01/2024;REC;3970
09/01/2024;SSA;1116
09/01/2024;TECA;134651
09/01/2024;VIX;7658
10/01/2024;BHZ;21557
10/01/2024;BSB;10444
10/01/2024;CGB;7616
10/01/2024;CGR;679
10/01/2024;FOR;4291
10/01/2024;RIO;32433
10/01/2024;MAO;10560
10/01/2024;POA;13369
10/01/2024;REC;7731
10/01/2024;SSA;5090
10/01/2024;TECA;152359
10/01/2024;VIX;7632
11/01/2024;BHZ;16439
11/01/2024;BSB;9781
11/01/2024;CGB;4555
11/01/2024;CGR;1603
11/01/2024;FOR;4417
11/01/2024;RIO;25492
11/01/2024;MAO;8702
11/01/2024;POA;16221
11/01/2024;REC;6264
11/01/2024;SSA;7325
11/01/2024;TECA;158503
11/01/2024;VIX;8097
12/01/2024;BHZ;18275
12/01/2024;BSB;11218
12/01/2024;CGB;3478
12/01/2024;CGR;2480
12/01/2024;FOR;3801
12/01/2024;RIO;36980
12/01/2024;MAO;2645
12/01/2024;POA;13682
12/01/2024;REC;7320
12/01/2024;SSA;6212
12/01/2024;TECA;155408
12/01/2024;VIX;6597
13/01/2024;BHZ;13699
13/01/2024;BSB;9679
13/01/2024;CGB;333
13/01/2024;CGR;579
13/01/2024;FOR;1897
13/01/2024;RIO;27468
13/01/2024;MAO;6325
13/01/2024;POA;8328
13/01/2024;REC;10066
13/01/2024;SSA;7106
13/01/2024;TECA;132811
13/01/2024;VIX;6476
14/01/2024;BHZ;2886
14/01/2024;BSB;107
14/01/2024;FOR;1659
14/01/2024;RIO;13696
14/01/2024;MAO;53
14/01/2024;POA;2356
14/01/2024;REC;11862
14/01/2024;SSA;6704
14/01/2024;TECA;36026
14/01/2024;VIX;45
15/01/2024;BHZ;17640
15/01/2024;BSB;16867
15/01/2024;CGB;5779
15/01/2024;CGR;1973
15/01/2024;FOR;4318
15/01/2024;RIO;13457
15/01/2024;MAO;3905
15/01/2024;POA;14111
15/01/2024;REC;9162
15/01/2024;SSA;3514
15/01/2024;TECA;92649
15/01/2024;VIX;7541
16/01/2024;BHZ;15845
16/01/2024;BSB;14397
16/01/2024;CGB;10946
16/01/2024;CGR;1851
16/01/2024;FOR;3834
16/01/2024;RIO;25121
16/01/2024;MAO;6143
16/01/2024;POA;13301
16/01/2024;REC;10296
16/01/2024;SSA;6223
16/01/2024;TECA;151278
16/01/2024;VIX;11593
17/01/2024;BHZ;23053
17/01/2024;BSB;11068
17/01/2024;CGB;7989
17/01/2024;CGR;1237
17/01/2024;FOR;6588
17/01/2024;RIO;27787
17/01/2024;MAO;9884
17/01/2024;POA;6414
17/01/2024;REC;9984
17/01/2024;SSA;5208
17/01/2024;TECA;156322
17/01/2024;VIX;7982
18/01/2024;BHZ;17849
18/01/2024;BSB;11144
18/01/2024;CGB;11971
18/01/2024;CGR;2188
18/01/2024;FOR;3362
18/01/2024;RIO;31298
18/01/2024;MAO;4020
18/01/2024;POA;4474
18/01/2024;REC;5528
18/01/2024;SSA;5994
18/01/2024;TECA;167403
18/01/2024;VIX;11700
19/01/2024;BHZ;19022
19/01/2024;BSB;8374
19/01/2024;CGB;13171
19/01/2024;CGR;1642
19/01/2024;FOR;4439
19/01/2024;RIO;29246
19/01/2024;MAO;11214
19/01/2024;POA;20045
19/01/2024;REC;8422
19/01/2024;SSA;6601
19/01/2024;TECA;136884
19/01/2024;VIX;9688
20/01/2024;BHZ;12667
20/01/2024;BSB;12542
20/01/2024;CGB;542
20/01/2024;CGR;372
20/01/2024;FOR;2568
20/01/2024;RIO;32986
20/01/2024;MAO;10624
20/01/2024;POA;9525
20/01/2024;REC;10455
20/01/2024;SSA;8719
20/01/2024;TECA;117588
20/01/2024;VIX;7327
21/01/2024;BHZ;2095
21/01/2024;BSB;1778
21/01/2024;FOR;1331
21/01/2024;RIO;14913
21/01/2024;MAO;50
21/01/2024;POA;9314
21/01/2024;REC;11810
21/01/2024;SSA;6235
21/01/2024;TECA;34161
22/01/2024;BHZ;17390
22/01/2024;BSB;15963
22/01/2024;CGB;7855
22/01/2024;CGR;2111
22/01/2024;FOR;2583
22/01/2024;RIO;17505
22/01/2024;MAO;9524
22/01/2024;POA;12290
22/01/2024;REC;9595
22/01/2024;SSA;2528
22/01/2024;TECA;86010
22/01/2024;VIX;9547
23/01/2024;BHZ;12155
23/01/2024;BSB;8693
23/01/2024;CGB;11314
23/01/2024;CGR;2633
23/01/2024;FOR;3442
23/01/2024;RIO;23701
23/01/2024;MAO;9402
23/01/2024;POA;14682
23/01/2024;REC;9078
23/01/2024;SSA;6078
23/01/2024;TECA;133908
23/01/2024;VIX;6164
24/01/2024;BHZ;19785
24/01/2024;BSB;11409
24/01/2024;CGB;10814
24/01/2024;CGR;1662
24/01/2024;FOR;6727
24/01/2024;RIO;33932
24/01/2024;MAO;6393
24/01/2024;POA;13955
24/01/2024;REC;7856
24/01/2024;SSA;5542
24/01/2024;TECA;144122
24/01/2024;VIX;5620
25/01/2024;BHZ;16700
25/01/2024;BSB;11622
25/01/2024;CGB;6027
25/01/2024;CGR;1792
25/01/2024;FOR;5242
25/01/2024;RIO;26628
25/01/2024;MAO;534
25/01/2024;POA;12891
25/01/2024;REC;9159
25/01/2024;SSA;4687
25/01/2024;TECA;83849
25/01/2024;VIX;10694
26/01/2024;BHZ;15121
26/01/2024;BSB;6216
26/01/2024;CGB;9279
26/01/2024;CGR;2096
26/01/2024;FOR;7400
26/01/2024;RIO;32466
26/01/2024;MAO;12118
26/01/2024;POA;11847
26/01/2024;REC;10224
26/01/2024;SSA;3480
26/01/2024;TECA;150048
26/01/2024;VIX;8873
27/01/2024;BHZ;10688
27/01/2024;BSB;6693
27/01/2024;CGB;203
27/01/2024;CGR;1745
27/01/2024;FOR;2684
27/01/2024;RIO;31226
27/01/2024;MAO;4301
27/01/2024;POA;10104
27/01/2024;REC;11132
27/01/2024;SSA;3297
27/01/2024;TECA;140255
27/01/2024;VIX;6380
28/01/2024;BHZ;1796
28/01/2024;BSB;1300
28/01/2024;FOR;2127
28/01/2024;RIO;9184
28/01/2024;POA;5477
28/01/2024;REC;10734
28/01/2024;SSA;9827
28/01/2024;TECA;79010
29/01/2024;BHZ;17703
29/01/2024;BSB;15123
29/01/2024;CGB;11078
29/01/2024;CGR;1540
29/01/2024;FOR;3514
29/01/2024;RIO;11117
29/01/2024;MAO;4928
29/01/2024;POA;14319
29/01/2024;REC;5403
29/01/2024;SSA;5859
29/01/2024;TECA;69551
29/01/2024;VIX;9028
30/01/2024;BHZ;14918
30/01/2024;BSB;11084
30/01/2024;CGB;7483
30/01/2024;CGR;2816
30/01/2024;FOR;3291
30/01/2024;RIO;24693
30/01/2024;MAO;11102
30/01/2024;POA;15217
30/01/2024;REC;7909
30/01/2024;SSA;2323
30/01/2024;TECA;124862
30/01/2024;VIX;5723
31/01/2024;BHZ;16704
31/01/2024;BSB;7783
31/01/2024;CGB;9972
31/01/2024;CGR;1324
31/01/2024;FOR;6036
31/01/2024;RIO;27897
31/01/2024;MAO;13214
31/01/2024;POA;14439
31/01/2024;REC;9721
31/01/2024;SSA;4808
31/01/2024;TECA;157549
31/01/2024;VIX;4562
01/02/2024;BHZ;20012
01/02/2024;BSB;7624
01/02/2024;CGB;6593
01/02/2024;CGR;1857
01/02/2024;FOR;4148
01/02/2024;RIO;34567
01/02/2024;MAO;954
01/02/2024;POA;18895
01/02/2024;REC;5418
01/02/2024;SSA;7378
01/02/2024;TECA;151411
01/02/2024;VIX;8377
02/02/2024;BHZ;16961
02/02/2024;BSB;12270
02/02/2024;CGB;189
02/02/2024;CGR;1961
02/02/2024;FOR;5727
02/02/2024;RIO;30170
02/02/2024;MAO;11043
02/02/2024;POA;16536
02/02/2024;REC;9191
02/02/2024;SSA;6359
02/02/2024;TECA;147336
02/02/2024;VIX;8073
03/02/2024;BHZ;16947
03/02/2024;BSB;11582
03/02/2024;CGB;124
03/02/2024;CGR;1105
03/02/2024;FOR;1832
03/02/2024;RIO;30966
03/02/2024;MAO;17103
03/02/2024;POA;11553
03/02/2024;REC;8349
03/02/2024;SSA;6167
03/02/2024;TECA;131623
03/02/2024;VIX;811
04/02/2024;BHZ;1387
04/02/2024;BSB;1078
04/02/2024;FOR;2495
04/02/2024;RIO;14663
04/02/2024;MAO;2624
04/02/2024;POA;13266
04/02/2024;REC;8289
04/02/2024;SSA;4677
04/02/2024;TECA;49369
04/02/2024;VIX;6384
05/02/2024;BHZ;17553
05/02/2024;BSB;10226
05/02/2024;CGB;8823
05/02/2024;CGR;1570
05/02/2024;FOR;3374
05/02/2024;RIO;16176
05/02/2024;MAO;12302
05/02/2024;POA;12557
05/02/2024;REC;6339
05/02/2024;SSA;4616
05/02/2024;TECA;64303
05/02/2024;VIX;7856
06/02/2024;BHZ;12818
06/02/2024;BSB;11792
06/02/2024;CGB;14369
06/02/2024;CGR;2018
06/02/2024;FOR;3383
06/02/2024;RIO;20910
06/02/2024;MAO;13994
06/02/2024;POA;11634
06/02/2024;REC;11124
06/02/2024;SSA;1938
06/02/2024;TECA;114071
06/02/2024;VIX;9122
07/02/2024;BHZ;18656
07/02/2024;BSB;6375
07/02/2024;CGB;7776
07/02/2024;CGR;1644
07/02/2024;FOR;5248
07/02/2024;RIO;32431
07/02/2024;MAO;5626
07/02/2024;POA;14303
07/02/2024;REC;11703
07/02/2024;SSA;6563
07/02/2024;TECA;162365
07/02/2024;VIX;8258
08/02/2024;BHZ;17499
08/02/2024;BSB;13458
08/02/2024;CGB;7912
08/02/2024;CGR;2214
08/02/2024;FOR;5779
08/02/2024;RIO;31106
08/02/2024;MAO;2407
08/02/2024;POA;12058
08/02/2024;REC;9832
08/02/2024;SSA;2338
08/02/2024;TECA;151544
08/02/2024;VIX;10180
09/02/2024;BHZ;18413
09/02/2024;BSB;10695
09/02/2024;CGB;4638
09/02/2024;CGR;1443
09/02/2024;FOR;4197
09/02/2024;RIO;25321
09/02/2024;MAO;10922
09/02/2024;POA;13298
09/02/2024;REC;5006
09/02/2024;SSA;8490
09/02/2024;TECA;161405
09/02/2024;VIX;10349
10/02/2024;BHZ;13596
10/02/2024;BSB;11364
10/02/2024;CGB;154
10/02/2024;CGR;1168
10/02/2024;FOR;2959
10/02/2024;RIO;32514
10/02/2024;MAO;11440
10/02/2024;POA;12013
10/02/2024;REC;10454
10/02/2024;SSA;6760
10/02/2024;TECA;140513
10/02/2024;VIX;7208
11/02/2024;BHZ;2352
11/02/2024;BSB;1724
11/02/2024;FOR;4451
11/02/2024;RIO;11790
11/02/2024;MAO;129
11/02/2024;POA;4448
11/02/2024;REC;8101
11/02/2024;SSA;4780
11/02/2024;TECA;42067
11/02/2024;VIX;8
12/02/2024;BHZ;12411
12/02/2024;BSB;15924
12/02/2024;CGB;12438
12/02/2024;CGR;2541
12/02/2024;FOR;4493
12/02/2024;RIO;11083
12/02/2024;MAO;6623
12/02/2024;POA;15027
12/02/2024;REC;10706
12/02/2024;SSA;5686
12/02/2024;TECA;44524
12/02/2024;VIX;7361
13/02/2024;BHZ;1374
13/02/2024;BSB;6388
13/02/2024;CGR;1296
13/02/2024;FOR;4586
13/02/2024;RIO;4306
13/02/2024;MAO;5315
13/02/2024;POA;1889
13/02/2024;REC;6412
13/02/2024;SSA;93
13/02/2024;TECA;49551
13/02/2024;VIX;1009
14/02/2024;BHZ;14214
14/02/2024;BSB;4800
14/02/2024;CGB;13839
14/02/2024;CGR;1349
14/02/2024;FOR;2838
14/02/2024;RIO;10061
14/02/2024;MAO;1327
14/02/2024;POA;6201
14/02/2024;REC;7857
14/02/2024;SSA;2892
14/02/2024;TECA;52194
14/02/2024;VIX;2991
15/02/2024;BHZ;11019
15/02/2024;BSB;7368
15/02/2024;CGB;11907
15/02/2024;CGR;2714
15/02/2024;FOR;6356
15/02/2024;RIO;17402
15/02/2024;MAO;2580
15/02/2024;POA;13179
15/02/2024;REC;7824
15/02/2024;SSA;4968
15/02/2024;TECA;144665
15/02/2024;VIX;4048
16/02/2024;BHZ;20064
16/02/2024;BSB;8577
16/02/2024;CGB;7333
16/02/2024;CGR;1289
16/02/2024;FOR;5384
16/02/2024;RIO;30002
16/02/2024;MAO;10999
16/02/2024;POA;10954
16/02/2024;REC;1760
16/02/2024;SSA;3498
16/02/2024;TECA;165054
16/02/2024;VIX;6978
17/02/2024;BHZ;19364
17/02/2024;BSB;11724
17/02/2024;CGB;58
17/02/2024;CGR;897
17/02/2024;FOR;1565
17/02/2024;RIO;29673
17/02/2024;MAO;6434
17/02/2024;POA;12278
17/02/2024;REC;9791
17/02/2024;SSA;6078
17/02/2024;TECA;131115
17/02/2024;VIX;9029
18/02/2024;BHZ;2266
18/02/2024;BSB;1390
18/02/2024;FOR;3914
18/02/2024;RIO;19504
18/02/2024;POA;2524
18/02/2024;REC;8234
18/02/2024;SSA;3482
18/02/2024;TECA;77485
18/02/2024;VIX;3556
19/02/2024;BHZ;18907
19/02/2024;BSB;16425
19/02/2024;CGB;11672
19/02/2024;CGR;1815
19/02/2024;FOR;4887
19/02/2024;RIO;15350
19/02/2024;MAO;8026
19/02/2024;POA;17326
19/02/2024;REC;6623
19/02/2024;SSA;8335
19/02/2024;TECA;87340
19/02/2024;VIX;5772
20/02/2024;BHZ;17674
20/02/2024;BSB;12172
20/02/2024;CGB;8902
20/02/2024;CGR;2720
20/02/2024;FOR;5417
20/02/2024;RIO;19122
20/02/2024;MAO;9567
20/02/2024;POA;13822
20/02/2024;REC;11069
20/02/2024;SSA;1724
20/02/2024;TECA;146396
20/02/2024;VIX;17479
21/02/2024;BHZ;20694
21/02/2024;BSB;11563
21/02/2024;CGB;12687
21/02/2024;CGR;1212
21/02/2024;FOR;5290
21/02/2024;RIO;32432
21/02/2024;MAO;13458
21/02/2024;POA;15398
21/02/2024;REC;4916
21/02/2024;SSA;4181
21/02/2024;TECA;167940
21/02/2024;VIX;16449
22/02/2024;BHZ;21203
22/02/2024;BSB;13170
22/02/2024;CGB;6762
22/02/2024;CGR;2206
22/02/2024;FOR;1061
22/02/2024;RIO;30458
22/02/2024;MAO;2443
22/02/2024;POA;13166
22/02/2024;REC;6801
22/02/2024;SSA;8051
22/02/2024;TECA;151996
22/02/2024;VIX;12164
23/02/2024;BHZ;19129
23/02/2024;BSB;14336
23/02/2024;CGB;9289
23/02/2024;CGR;2107
23/02/2024;FOR;4464
23/02/2024;RIO;32639
23/02/2024;MAO;11354
23/02/2024;POA;15553
23/02/2024;REC;8418
23/02/2024;SSA;4485
23/02/2024;TECA;142457
23/02/2024;VIX;11061
24/02/2024;BHZ;11351
24/02/2024;BSB;10206
24/02/2024;CGB;51
24/02/2024;CGR;645
24/02/2024;FOR;2751
24/02/2024;RIO;24623
24/02/2024;MAO;7244
24/02/2024;POA;9916
24/02/2024;REC;10955
24/02/2024;SSA;5121
24/02/2024;TECA;120597
24/02/2024;VIX;10770
25/02/2024;BHZ;2710
25/02/2024;BSB;1377
25/02/2024;FOR;4418
25/02/2024;RIO;19966
25/02/2024;MAO;1538
25/02/2024;POA;6921
25/02/2024;REC;10172
25/02/2024;SSA;12201
25/02/2024;TECA;39514
25/02/2024;VIX;7631
26/02/2024;BHZ;14362
26/02/2024;BSB;15350
26/02/2024;CGB;11624
26/02/2024;CGR;2621
26/02/2024;FOR;5110
26/02/2024;RIO;14779
26/02/2024;MAO;6154
26/02/2024;POA;14566
26/02/2024;REC;8117
26/02/2024;SSA;2057
26/02/2024;TECA;70219
26/02/2024;VIX;8171
27/02/2024;BHZ;13775
27/02/2024;BSB;9968
27/02/2024;CGB;10770
27/02/2024;CGR;2050
27/02/2024;FOR;5651
27/02/2024;RIO;27873
27/02/2024;MAO;12226
27/02/2024;POA;14393
27/02/2024;REC;10080
27/02/2024;SSA;8012
27/02/2024;TECA;125621
27/02/2024;VIX;11471
28/02/2024;BHZ;17480
28/02/2024;BSB;9524
28/02/2024;CGB;4118
28/02/2024;CGR;2108
28/02/2024;FOR;4194
28/02/2024;RIO;26125
28/02/2024;MAO;6179
28/02/2024;POA;16192
28/02/2024;REC;7729
28/02/2024;SSA;3484
28/02/2024;TECA;148577
28/02/2024;VIX;9871
29/02/2024;BHZ;15925
29/02/2024;BSB;10660
29/02/2024;CGB;8338
29/02/2024;CGR;2094
29/02/2024;FOR;2567
29/02/2024;RIO;32855
29/02/2024;MAO;2175
29/02/2024;POA;12934
29/02/2024;REC;7449
29/02/2024;SSA;5088
29/02/2024;TECA;148681
29/02/2024;VIX;13599
01/03/2024;BHZ;16430
01/03/2024;BSB;8253
01/03/2024;CGB;5251
01/03/2024;CGR;2172
01/03/2024;FOR;5378
01/03/2024;RIO;21735
01/03/2024;MAO;9594
01/03/2024;POA;14296
01/03/2024;REC;10963
01/03/2024;SSA;6747
01/03/2024;TECA;131355
01/03/2024;VIX;10418
02/03/2024;BHZ;11396
02/03/2024;BSB;10556
02/03/2024;CGB;50
02/03/2024;CGR;722
02/03/2024;FOR;2025
02/03/2024;RIO;26864
02/03/2024;MAO;9938
02/03/2024;POA;12082
02/03/2024;REC;9708
02/03/2024;SSA;9545
02/03/2024;TECA;105482
02/03/2024;VIX;9812
03/03/2024;BHZ;1478
03/03/2024;BSB;1410
03/03/2024;FOR;2830
03/03/2024;RIO;15650
03/03/2024;MAO;4
03/03/2024;POA;5471
03/03/2024;REC;10088
03/03/2024;SSA;4138
03/03/2024;TECA;20472
03/03/2024;VIX;785
04/03/2024;BHZ;18745
04/03/2024;BSB;14828
04/03/2024;CGB;7618
04/03/2024;CGR;1968
04/03/2024;FOR;3548
04/03/2024;RIO;10789
04/03/2024;MAO;7503
04/03/2024;POA;15295
04/03/2024;REC;11571
04/03/2024;SSA;6775
04/03/2024;TECA;60650
04/03/2024;VIX;9328
05/03/2024;BHZ;14329
05/03/2024;BSB;9402
05/03/2024;CGB;10572
05/03/2024;CGR;1643
05/03/2024;FOR;4742
05/03/2024;RIO;21664
05/03/2024;MAO;4390
05/03/2024;POA;19889
05/03/2024;REC;9317
05/03/2024;SSA;1697
05/03/2024;TECA;130238
05/03/2024;VIX;9871
06/03/2024;BHZ;18297
06/03/2024;BSB;15369
06/03/2024;CGB;9966
06/03/2024;CGR;1761
06/03/2024;FOR;4368
06/03/2024;RIO;33655
06/03/2024;MAO;6188
06/03/2024;POA;11198
06/03/2024;REC;4734
06/03/2024;SSA;2274
06/03/2024;TECA;148353
06/03/2024;VIX;10413
07/03/2024;BHZ;18861
07/03/2024;BSB;9338
07/03/2024;CGB;8227
07/03/2024;CGR;1504
07/03/2024;FOR;3720
07/03/2024;RIO;28578
07/03/2024;MAO;884
07/03/2024;POA;13214
07/03/2024;REC;4239
07/03/2024;SSA;1794
07/03/2024;TECA;165276
07/03/2024;VIX;15035
08/03/2024;BHZ;16850
08/03/2024;BSB;12612
08/03/2024;CGB;329
08/03/2024;CGR;1995
08/03/2024;FOR;2913
08/03/2024;RIO;24796
08/03/2024;MAO;6725
08/03/2024;POA;13494
08/03/2024;REC;5666
08/03/2024;SSA;8680
08/03/2024;TECA;148233
08/03/2024;VIX;12816
09/03/2024;BHZ;14864
09/03/2024;BSB;13086
09/03/2024;CGB;4097
09/03/2024;CGR;476
09/03/2024;FOR;2902
09/03/2024;RIO;24419
09/03/2024;MAO;8523
09/03/2024;POA;8521
09/03/2024;REC;8414
09/03/2024;SSA;6353
09/03/2024;TECA;115603
09/03/2024;VIX;12731
10/03/2024;BHZ;1576
10/03/2024;BSB;1631
10/03/2024;FOR;2641
10/03/2024;RIO;25247
10/03/2024;POA;9212
10/03/2024;REC;6648
10/03/2024;SSA;9104
10/03/2024;TECA;44441
10/03/2024;VIX;1328
11/03/2024;BHZ;18770
11/03/2024;BSB;17624
11/03/2024;CGB;11189
11/03/2024;CGR;1746
11/03/2024;FOR;3733
11/03/2024;RIO;13976
11/03/2024;MAO;11964
11/03/2024;POA;15647
11/03/2024;REC;11305
11/03/2024;SSA;2715
11/03/2024;TECA;71282
11/03/2024;VIX;11719
12/03/2024;BHZ;13410
12/03/2024;BSB;7190
12/03/2024;CGB;11052
12/03/2024;CGR;2161
12/03/2024;FOR;6006
12/03/2024;RIO;24838
12/03/2024;MAO;5714
12/03/2024;POA;13773
12/03/2024;REC;12890
12/03/2024;SSA;7169
12/03/2024;TECA;167163
12/03/2024;VIX;12260
13/03/2024;BHZ;21104
13/03/2024;BSB;13224
13/03/2024;CGB;13309
13/03/2024;CGR;1958
13/03/2024;FOR;4155
13/03/2024;RIO;30982
13/03/2024;MAO;1416
13/03/2024;POA;11859
13/03/2024;REC;12263
13/03/2024;SSA;2681
13/03/2024;TECA;161842
13/03/2024;VIX;14512
14/03/2024;BHZ;23212
14/03/2024;BSB;12279
14/03/2024;CGB;5125
14/03/2024;CGR;2088
14/03/2024;FOR;5336
14/03/2024;RIO;30736
14/03/2024;MAO;2284
14/03/2024;POA;13445
14/03/2024;REC;9047
14/03/2024;SSA;5670
14/03/2024;TECA;164451
14/03/2024;VIX;11302
15/03/2024;BHZ;19090
15/03/2024;BSB;14762
15/03/2024;CGB;11170
15/03/2024;CGR;2471
15/03/2024;FOR;4942
15/03/2024;RIO;24342
15/03/2024;MAO;7110
15/03/2024;POA;15355
15/03/2024;REC;10651
15/03/2024;SSA;7069
15/03/2024;TECA;157710
15/03/2024;VIX;13372
16/03/2024;BHZ;19084
16/03/2024;BSB;5513
16/03/2024;CGB;129
16/03/2024;CGR;1171
16/03/2024;FOR;2196
16/03/2024;RIO;25328
16/03/2024;MAO;6826
16/03/2024;POA;10050
16/03/2024;REC;10183
16/03/2024;SSA;6979
16/03/2024;TECA;120066
16/03/2024;VIX;8698
17/03/2024;BHZ;2855
17/03/2024;BSB;7250
17/03/2024;FOR;3422
17/03/2024;RIO;17668
17/03/2024;MAO;445
17/03/2024;POA;15796
17/03/2024;REC;9566
17/03/2024;SSA;6642
17/03/2024;TECA;47173
17/03/2024;VIX;557
18/03/2024;BHZ;18272
18/03/2024;BSB;13779
18/03/2024;CGB;15790
18/03/2024;CGR;2450
18/03/2024;FOR;3918
18/03/2024;RIO;23550
18/03/2024;MAO;10579
18/03/2024;POA;11706
18/03/2024;REC;10241
18/03/2024;SSA;5085
18/03/2024;TECA;80504
18/03/2024;VIX;11855
19/03/2024;BHZ;14948
19/03/2024;BSB;12540
19/03/2024;CGB;9268
19/03/2024;CGR;2235
19/03/2024;FOR;6059
19/03/2024;RIO;24269
19/03/2024;MAO;4846
19/03/2024;POA;14491
19/03/2024;REC;9028
19/03/2024;SSA;5647
19/03/2024;TECA;155976
19/03/2024;VIX;14007
20/03/2024;BHZ;21614
20/03/2024;BSB;15913
20/03/2024;CGB;12781
20/03/2024;CGR;2111
20/03/2024;FOR;6203
20/03/2024;RIO;33216
20/03/2024;MAO;989
20/03/2024;POA;15220
20/03/2024;REC;11270
20/03/2024;SSA;3964
20/03/2024;TECA;161244
20/03/2024;VIX;10787
21/03/2024;BHZ;19467
21/03/2024;BSB;12582
21/03/2024;CGB;7512
21/03/2024;CGR;1806
21/03/2024;FOR;5529
21/03/2024;RIO;29798
21/03/2024;MAO;618
21/03/2024;POA;15276
21/03/2024;REC;9510
21/03/2024;SSA;6809
21/03/2024;TECA;172172
21/03/2024;VIX;13234
22/03/2024;BHZ;22827
22/03/2024;BSB;15827
22/03/2024;CGB;9096
22/03/2024;CGR;1547
22/03/2024;FOR;4446
22/03/2024;RIO;29257
22/03/2024;MAO;10690
22/03/2024;POA;18560
22/03/2024;REC;11153
22/03/2024;SSA;6897
22/03/2024;TECA;175098
22/03/2024;VIX;14785
23/03/2024;BHZ;13491
23/03/2024;BSB;15588
23/03/2024;CGB;5186
23/03/2024;CGR;975
23/03/2024;FOR;1673
23/03/2024;RIO;26500
23/03/2024;MAO;6239
23/03/2024;POA;11267
23/03/2024;REC;10731
23/03/2024;SSA;1141
23/03/2024;TECA;119897
23/03/2024;VIX;9505
24/03/2024;BHZ;7345
24/03/2024;BSB;6535
24/03/2024;FOR;2775
24/03/2024;RIO;19650
24/03/2024;MAO;30
24/03/2024;POA;12397
24/03/2024;REC;8944
24/03/2024;SSA;11664
24/03/2024;TECA;64742
24/03/2024;VIX;8965
25/03/2024;BHZ;24186
25/03/2024;BSB;15246
25/03/2024;CGB;10742
25/03/2024;CGR;3044
25/03/2024;FOR;5156
25/03/2024;RIO;20255
25/03/2024;MAO;8804
25/03/2024;POA;15003
25/03/2024;REC;10630
25/03/2024;SSA;6236
25/03/2024;TECA;72036
25/03/2024;VIX;9773
26/03/2024;BHZ;12030
26/03/2024;BSB;12971
26/03/2024;CGB;12951
26/03/2024;CGR;2426
26/03/2024;FOR;4584
26/03/2024;RIO;47675
26/03/2024;MAO;1285
26/03/2024;POA;13754
26/03/2024;REC;10284
26/03/2024;SSA;6433
26/03/2024;TECA;147587
26/03/2024;VIX;12415
27/03/2024;BHZ;20729
27/03/2024;BSB;12970
27/03/2024;CGB;12402
27/03/2024;CGR;2924
27/03/2024;FOR;4376
27/03/2024;RIO;32939
27/03/2024;MAO;980
27/03/2024;POA;13866
27/03/2024;REC;13389
27/03/2024;SSA;4959
27/03/2024;TECA;154428
27/03/2024;VIX;9827
28/03/2024;BHZ;6833
28/03/2024;BSB;4757
28/03/2024;FOR;33
28/03/2024;RIO;11451
28/03/2024;MAO;21
28/03/2024;POA;3290
28/03/2024;REC;1671
28/03/2024;SSA;623
28/03/2024;TECA;61849
28/03/2024;VIX;3337
31/03/2024;BHZ;2051
31/03/2024;BSB;6867
31/03/2024;FOR;2959
31/03/2024;RIO;1951
31/03/2024;POA;5812
31/03/2024;REC;7844
31/03/2024;SSA;1187
31/03/2024;TECA;22909
31/03/2024;VIX;25
01/04/2024;BHZ;10877
01/04/2024;BSB;13310
01/04/2024;CGB;14534
01/04/2024;CGR;2158
01/04/2024;FOR;3636
01/04/2024;RIO;11138
01/04/2024;MAO;6717
01/04/2024;POA;19181
01/04/2024;REC;10041
01/04/2024;SSA;1998
01/04/2024;TECA;57050
01/04/2024;VIX;9068
02/04/2024;BHZ;9220
02/04/2024;BSB;13821
02/04/2024;CGB;12764
02/04/2024;CGR;2400
02/04/2024;FOR;4917
02/04/2024;RIO;24240
02/04/2024;MAO;1298
02/04/2024;POA;12800
02/04/2024;REC;6519
02/04/2024;SSA;5987
02/04/2024;TECA;137566
02/04/2024;VIX;11844
03/04/2024;BHZ;20274
03/04/2024;BSB;11579
03/04/2024;CGB;7743
03/04/2024;CGR;1689
03/04/2024;FOR;5280
03/04/2024;RIO;33775
03/04/2024;MAO;1009
03/04/2024;POA;15074
03/04/2024;REC;8866
03/04/2024;SSA;1209
03/04/2024;TECA;153059
03/04/2024;VIX;12170
04/04/2024;BEL;973
04/04/2024;BHZ;15694
04/04/2024;BSB;12297
04/04/2024;CGB;5677
04/04/2024;CGR;2485
04/04/2024;FOR;3919
04/04/2024;RIO;26153
04/04/2024;MAO;10837
04/04/2024;POA;15440
04/04/2024;REC;6230
04/04/2024;SSA;4709
04/04/2024;TECA;152409
04/04/2024;VIX;11649
05/04/2024;BEL;4534
05/04/2024;BHZ;16422
05/04/2024;BSB;15090
05/04/2024;CGB;11027
05/04/2024;CGR;2624
05/04/2024;FOR;5160
05/04/2024;RIO;27591
05/04/2024;MAO;5523
05/04/2024;POA;13903
05/04/2024;REC;7583
05/04/2024;SSA;7965
05/04/2024;TECA;141923
05/04/2024;VIX;10961
06/04/2024;BEL;2074
06/04/2024;BHZ;12788
06/04/2024;BSB;6488
06/04/2024;CGB;7618
06/04/2024;CGR;920
06/04/2024;FOR;2903
06/04/2024;RIO;27057
06/04/2024;MAO;8816
06/04/2024;POA;7152
06/04/2024;REC;8540
06/04/2024;SSA;7557
06/04/2024;TECA;113236
06/04/2024;VIX;7295
07/04/2024;BEL;3622
07/04/2024;BHZ;1867
07/04/2024;BSB;1710
07/04/2024;FOR;3645
07/04/2024;RIO;8279
07/04/2024;POA;4388
07/04/2024;REC;10589
07/04/2024;SSA;8514
07/04/2024;TECA;36265
07/04/2024;VIX;2721
08/04/2024;BEL;4736
08/04/2024;BHZ;17879
08/04/2024;BSB;15227
08/04/2024;CGB;8239
08/04/2024;CGR;1529
08/04/2024;FOR;4928
08/04/2024;RIO;13933
08/04/2024;MAO;5683
08/04/2024;POA;14954
08/04/2024;REC;7250
08/04/2024;SSA;6384
08/04/2024;TECA;73122
08/04/2024;VIX;4088
09/04/2024;BEL;6262
09/04/2024;BHZ;14023
09/04/2024;BSB;7593
09/04/2024;CGB;8724
09/04/2024;CGR;1790
09/04/2024;FOR;4914
09/04/2024;RIO;19668
09/04/2024;MAO;1896
09/04/2024;POA;16022
09/04/2024;REC;11027
09/04/2024;SSA;6247
09/04/2024;TECA;159592
09/04/2024;VIX;11842
10/04/2024;BEL;1988
10/04/2024;BHZ;18943
10/04/2024;BSB;12780
10/04/2024;CGB;7767
10/04/2024;CGR;2368
10/04/2024;FOR;5089
10/04/2024;RIO;32735
10/04/2024;MAO;907
10/04/2024;POA;15573
10/04/2024;REC;9687
10/04/2024;SSA;1817
10/04/2024;TECA;150942
10/04/2024;VIX;11527
11/04/2024;BEL;4980
11/04/2024;BHZ;20243
11/04/2024;BSB;10174
11/04/2024;CGB;6147
11/04/2024;CGR;2409
11/04/2024;FOR;4876
11/04/2024;RIO;32259
11/04/2024;MAO;9948
11/04/2024;POA;18116
11/04/2024;REC;7923
11/04/2024;SSA;6390
11/04/2024;TECA;147327
11/04/2024;VIX;12781
12/04/2024;BEL;5260
12/04/2024;BHZ;17630
12/04/2024;BSB;12564
12/04/2024;CGB;4307
12/04/2024;CGR;2289
12/04/2024;FOR;4565
12/04/2024;RIO;27498
12/04/2024;MAO;5359
12/04/2024;POA;13423
12/04/2024;REC;8806
12/04/2024;SSA;9975
12/04/2024;TECA;154444
12/04/2024;VIX;11751
13/04/2024;BEL;2026
13/04/2024;BHZ;13810
13/04/2024;BSB;5348
13/04/2024;CGB;2589
13/04/2024;FOR;1339
13/04/2024;RIO;24383
13/04/2024;MAO;7437
13/04/2024;POA;13652
13/04/2024;REC;7159
13/04/2024;SSA;9725
13/04/2024;TECA;123741
13/04/2024;VIX;9216
14/04/2024;BEL;3713
14/04/2024;BHZ;1866
14/04/2024;BSB;3922
14/04/2024;FOR;3002
14/04/2024;RIO;9517
14/04/2024;MAO;5
14/04/2024;POA;10083
14/04/2024;REC;11044
14/04/2024;SSA;8435
14/04/2024;TECA;47533
14/04/2024;VIX;2136
15/04/2024;BEL;5434
15/04/2024;BHZ;19340
15/04/2024;BSB;17153
15/04/2024;CGB;7755
15/04/2024;CGR;1980
15/04/2024;FOR;4260
15/04/2024;RIO;15839
15/04/2024;MAO;1320
15/04/2024;POA;11102
15/04/2024;REC;8338
15/04/2024;SSA;8718
15/04/2024;TECA;70423
15/04/2024;VIX;12968
16/04/2024;BEL;5107
16/04/2024;BHZ;13332
16/04/2024;BSB;7855
16/04/2024;CGB;7035
16/04/2024;CGR;2426
16/04/2024;FOR;4504
16/04/2024;RIO;23797
16/04/2024;MAO;795
16/04/2024;POA;13803
16/04/2024;REC;9909
16/04/2024;SSA;1701
16/04/2024;TECA;142087
16/04/2024;VIX;12906
17/04/2024;BEL;5237
17/04/2024;BHZ;18648
17/04/2024;BSB;15968
17/04/2024;CGB;129
17/04/2024;CGR;1980
17/04/2024;FOR;5597
17/04/2024;RIO;32529
17/04/2024;MAO;839
17/04/2024;POA;15245
17/04/2024;REC;6303
17/04/2024;SSA;5020
17/04/2024;TECA;143489
17/04/2024;VIX;15115
18/04/2024;BEL;4097
18/04/2024;BHZ;20167
18/04/2024;BSB;10896
18/04/2024;CGB;4723
18/04/2024;CGR;2054
18/04/2024;FOR;3680
18/04/2024;RIO;27218
18/04/2024;MAO;11440
18/04/2024;POA;16546
18/04/2024;REC;7301
18/04/2024;SSA;7719
18/04/2024;TECA;144583
18/04/2024;VIX;12797
19/04/2024;BEL;2793
19/04/2024;BHZ;17450
19/04/2024;BSB;12844
19/04/2024;CGB;7853
19/04/2024;CGR;2382
19/04/2024;FOR;3741
19/04/2024;RIO;29132
19/04/2024;MAO;17096
19/04/2024;POA;14875
19/04/2024;REC;11262
19/04/2024;SSA;9713
19/04/2024;TECA;142069
19/04/2024;VIX;12403
20/04/2024;BEL;3917
20/04/2024;BHZ;13706
20/04/2024;BSB;9794
20/04/2024;CGB;4015
20/04/2024;CGR;1121
20/04/2024;FOR;1309
20/04/2024;RIO;24416
20/04/2024;MAO;4219
20/04/2024;POA;9876
20/04/2024;REC;12537
20/04/2024;SSA;7827
20/04/2024;TECA;130885
20/04/2024;VIX;8242
21/04/2024;BEL;3807
21/04/2024;BHZ;551
21/04/2024;BSB;3928
21/04/2024;FOR;3181
21/04/2024;RIO;9893
21/04/2024;MAO;13
21/04/2024;POA;5381
21/04/2024;REC;13362
21/04/2024;SSA;4249
21/04/2024;TECA;37123
21/04/2024;VIX;2447
22/04/2024;BEL;5822
22/04/2024;BHZ;17872
22/04/2024;BSB;7614
22/04/2024;CGB;7664
22/04/2024;CGR;1959
22/04/2024;FOR;4179
22/04/2024;RIO;10983
22/04/2024;MAO;8509
22/04/2024;POA;17880
22/04/2024;REC;10892
22/04/2024;SSA;7504
22/04/2024;TECA;75756
22/04/2024;VIX;11451
23/04/2024;BEL;4716
23/04/2024;BHZ;11132
23/04/2024;BSB;9383
23/04/2024;CGB;3944
23/04/2024;CGR;2299
23/04/2024;FOR;4920
23/04/2024;RIO;19941
23/04/2024;MAO;2586
23/04/2024;POA;16758
23/04/2024;REC;9766
23/04/2024;SSA;5849
23/04/2024;TECA;146380
23/04/2024;VIX;11136
24/04/2024;BEL;6300
24/04/2024;BHZ;17608
24/04/2024;BSB;12165
24/04/2024;CGB;3827
24/04/2024;CGR;2634
24/04/2024;FOR;3657
24/04/2024;RIO;24148
24/04/2024;MAO;2788
24/04/2024;POA;14795
24/04/2024;REC;13284
24/04/2024;SSA;4726
24/04/2024;TECA;145446
24/04/2024;VIX;11418
25/04/2024;BEL;3080
25/04/2024;BHZ;18290
25/04/2024;BSB;11270
25/04/2024;CGB;3337
25/04/2024;CGR;1777
25/04/2024;FOR;5158
25/04/2024;RIO;29351
25/04/2024;MAO;10540
25/04/2024;POA;18295
25/04/2024;REC;7942
25/04/2024;SSA;8573
25/04/2024;TECA;148614
25/04/2024;VIX;12655
26/04/2024;BEL;3949
26/04/2024;BHZ;19666
26/04/2024;BSB;9504
26/04/2024;CGB;2380
26/04/2024;CGR;2234
26/04/2024;FOR;3825
26/04/2024;RIO;27826
26/04/2024;MAO;9293
26/04/2024;POA;15177
26/04/2024;REC;11914
26/04/2024;SSA;5569
26/04/2024;TECA;153013
26/04/2024;VIX;11810
27/04/2024;BEL;3637
27/04/2024;BHZ;13176
27/04/2024;BSB;7917
27/04/2024;CGB;1909
27/04/2024;CGR;717
27/04/2024;FOR;1069
27/04/2024;RIO;27684
27/04/2024;MAO;8367
27/04/2024;POA;11582
27/04/2024;REC;11046
27/04/2024;SSA;9401
27/04/2024;TECA;118301
27/04/2024;VIX;9342
28/04/2024;BEL;5332
28/04/2024;BHZ;2395
28/04/2024;BSB;2846
28/04/2024;FOR;2764
28/04/2024;RIO;7757
28/04/2024;POA;11505
28/04/2024;REC;11948
28/04/2024;SSA;6344
28/04/2024;TECA;34092
28/04/2024;VIX;1358
29/04/2024;BEL;5793
29/04/2024;BHZ;15173
29/04/2024;BSB;11147
29/04/2024;CGB;7818
29/04/2024;CGR;2385
29/04/2024;FOR;3368
29/04/2024;RIO;14057
29/04/2024;MAO;5505
29/04/2024;POA;15651
29/04/2024;REC;8017
29/04/2024;SSA;8509
29/04/2024;TECA;64218
29/04/2024;VIX;10993
30/04/2024;BEL;5193
30/04/2024;BHZ;11921
30/04/2024;BSB;5088
30/04/2024;CGB;4136
30/04/2024;CGR;3323
30/04/2024;FOR;4081
30/04/2024;RIO;22775
30/04/2024;MAO;6685
30/04/2024;POA;17411
30/04/2024;REC;7390
30/04/2024;SSA;3047
30/04/2024;TECA;132240
30/04/2024;VIX;9068
01/05/2024;BEL;529
01/05/2024;BHZ;12769
01/05/2024;BSB;2956
01/05/2024;CGR;1816
01/05/2024;FOR;3154
01/05/2024;RIO;20309
01/05/2024;MAO;2306
01/05/2024;POA;6477
01/05/2024;REC;6557
01/05/2024;SSA;6041
01/05/2024;TECA;86815
01/05/2024;VIX;8193
02/05/2024;BEL;5626
02/05/2024;BHZ;14035
02/05/2024;BSB;11387
02/05/2024;CGB;3867
02/05/2024;CGR;1864
02/05/2024;FOR;3349
02/05/2024;RIO;13114
02/05/2024;MAO;8921
02/05/2024;POA;14003
02/05/2024;REC;9464
02/05/2024;SSA;7418
02/05/2024;TECA;117621
02/05/2024;VIX;7945
03/05/2024;BEL;5272
03/05/2024;BHZ;12329
03/05/2024;BSB;9392
03/05/2024;CGB;2834
03/05/2024;CGR;2005
03/05/2024;FOR;4371
03/05/2024;RIO;30630
03/05/2024;MAO;6605
03/05/2024;POA;5073
03/05/2024;REC;7458
03/05/2024;SSA;7113
03/05/2024;TECA;135368
03/05/2024;VIX;10707
04/05/2024;BEL;1770
04/05/2024;BHZ;13835
04/05/2024;BSB;9212
04/05/2024;CGB;2728
04/05/2024;CGR;1143
04/05/2024;FOR;578
04/05/2024;RIO;26521
04/05/2024;MAO;4857
04/05/2024;POA;1
04/05/2024;REC;7643
04/05/2024;SSA;4637
04/05/2024;TECA;108184
04/05/2024;VIX;8891
05/05/2024;BEL;3673
05/05/2024;BHZ;2543
05/05/2024;BSB;1292
05/05/2024;FOR;2833
05/05/2024;RIO;7030
05/05/2024;REC;7587
05/05/2024;SSA;6809
05/05/2024;TECA;38578
05/05/2024;VIX;1643
06/05/2024;BEL;5615
06/05/2024;BHZ;12018
06/05/2024;BSB;10633
06/05/2024;CGB;7457
06/05/2024;CGR;1876
06/05/2024;FOR;3993
06/05/2024;RIO;13114
06/05/2024;MAO;6344
06/05/2024;REC;7945
06/05/2024;SSA;7663
06/05/2024;TECA;61970
06/05/2024;VIX;8773
07/05/2024;BEL;5647
07/05/2024;BHZ;14234
07/05/2024;BSB;5744
07/05/2024;CGB;3946
07/05/2024;CGR;2623
07/05/2024;FOR;4168
07/05/2024;RIO;28929
07/05/2024;MAO;7352
07/05/2024;REC;8664
07/05/2024;SSA;5271
07/05/2024;TECA;145964
07/05/2024;VIX;12101
08/05/2024;BEL;5779
08/05/2024;BHZ;18552
08/05/2024;BSB;7541
08/05/2024;CGB;84
08/05/2024;CGR;1461
08/05/2024;FOR;4494
08/05/2024;RIO;29489
08/05/2024;MAO;380
08/05/2024;POA;5715
08/05/2024;REC;9733
08/05/2024;SSA;6142
08/05/2024;TECA;155690
08/05/2024;VIX;12397
09/05/2024;BEL;1262
09/05/2024;BHZ;6054
09/05/2024;BSB;3670
09/05/2024;FOR;181
09/05/2024;RIO;10259
09/05/2024;MAO;63
09/05/2024;REC;1352
09/05/2024;SSA;2877
09/05/2024;TECA;58266
09/05/2024;VIX;3155
10/05/2024;BEL;4985
10/05/2024;BHZ;18558
10/05/2024;BSB;11642
10/05/2024;CGB;2977
10/05/2024;CGR;1739
10/05/2024;FOR;4441
10/05/2024;RIO;29214
10/05/2024;MAO;4909
10/05/2024;POA;4571
10/05/2024;REC;8657
10/05/2024;SSA;8318
10/05/2024;TECA;140135
10/05/2024;VIX;10268
11/05/2024;BEL;1935
11/05/2024;BHZ;16274
11/05/2024;BSB;10199
11/05/2024;CGB;1745
11/05/2024;CGR;873
11/05/2024;FOR;2071
11/05/2024;RIO;29719
11/05/2024;MAO;3080
11/05/2024;POA;3429
11/05/2024;REC;7868
11/05/2024;SSA;9503
11/05/2024;TECA;96625
11/05/2024;VIX;9120
12/05/2024;BHZ;1504
12/05/2024;BSB;1282
12/05/2024;FOR;2960
12/05/2024;RIO;19159
12/05/2024;REC;7532
12/05/2024;SSA;4037
12/05/2024;TECA;52527
12/05/2024;VIX;544
13/05/2024;BEL;3098
13/05/2024;BHZ;13711
13/05/2024;BSB;10747
13/05/2024;CGB;6381
13/05/2024;CGR;1790
13/05/2024;FOR;2292
13/05/2024;RIO;11727
13/05/2024;MAO;4979
13/05/2024;POA;12722
13/05/2024;REC;9907
13/05/2024;SSA;8658
13/05/2024;TECA;87241
13/05/2024;VIX;12034
14/05/2024;BEL;8080
14/05/2024;BHZ;15952
14/05/2024;BSB;6475
14/05/2024;CGB;6900
14/05/2024;CGR;2220
14/05/2024;FOR;3307
14/05/2024;RIO;26061
14/05/2024;MAO;6555
14/05/2024;POA;11229
14/05/2024;REC;6180
14/05/2024;SSA;4503
14/05/2024;TECA;143254
14/05/2024;VIX;10916
15/05/2024;BEL;6962
15/05/2024;BHZ;18958
15/05/2024;BSB;10252
15/05/2024;CGB;7862
15/05/2024;CGR;2430
15/05/2024;FOR;4864
15/05/2024;RIO;30379
15/05/2024;MAO;163
15/05/2024;POA;9808
15/05/2024;REC;4745
15/05/2024;SSA;6207
15/05/2024;TECA;155979
15/05/2024;VIX;12290
16/05/2024;BEL;5156
16/05/2024;BHZ;23710
16/05/2024;BSB;8732
16/05/2024;CGB;7771
16/05/2024;CGR;2531
16/05/2024;FOR;5101
16/05/2024;RIO;28984
16/05/2024;MAO;7233
16/05/2024;POA;8006
16/05/2024;REC;5877
16/05/2024;SSA;7840
16/05/2024;TECA;136639
16/05/2024;VIX;15084
17/05/2024;BEL;5284
17/05/2024;BHZ;22976
17/05/2024;BSB;8057
17/05/2024;CGB;3687
17/05/2024;CGR;1393
17/05/2024;FOR;5133
17/05/2024;RIO;30311
17/05/2024;MAO;5371
17/05/2024;POA;10475
17/05/2024;REC;10812
17/05/2024;SSA;7992
17/05/2024;TECA;131102
17/05/2024;VIX;13218
18/05/2024;BEL;4068
18/05/2024;BHZ;20698
18/05/2024;BSB;11153
18/05/2024;CGB;1822
18/05/2024;CGR;2198
18/05/2024;FOR;3148
18/05/2024;RIO;33417
18/05/2024;MAO;4416
18/05/2024;POA;8437
18/05/2024;REC;7230
18/05/2024;SSA;3742
18/05/2024;TECA;111135
18/05/2024;VIX;9345
19/05/2024;BEL;3497
19/05/2024;BHZ;4548
19/05/2024;BSB;1591
19/05/2024;FOR;3922
19/05/2024;RIO;32554
19/05/2024;MAO;4
19/05/2024;REC;8800
19/05/2024;SSA;5760
19/05/2024;TECA;59726
19/05/2024;VIX;1408
20/05/2024;BEL;172
20/05/2024;BHZ;5654
20/05/2024;BSB;2387
20/05/2024;FOR;833
20/05/2024;RIO;4913
20/05/2024;MAO;92
20/05/2024;REC;3619
20/05/2024;SSA;2645
20/05/2024;TECA;9617
20/05/2024;VIX;3239
21/05/2024;BEL;6869
21/05/2024;BHZ;15140
21/05/2024;BSB;7679
21/05/2024;CGB;7428
21/05/2024;CGR;2611
21/05/2024;FOR;4565
21/05/2024;RIO;32417
21/05/2024;MAO;2326
21/05/2024;POA;10306
21/05/2024;REC;10802
21/05/2024;SSA;6952
21/05/2024;TECA;162151
21/05/2024;VIX;11347
22/05/2024;BEL;6959
22/05/2024;BHZ;20242
22/05/2024;BSB;10666
22/05/2024;CGB;8213
22/05/2024;CGR;1870
22/05/2024;FOR;5186
22/05/2024;RIO;39706
22/05/2024;MAO;178
22/05/2024;POA;13003
22/05/2024;REC;11014
22/05/2024;SSA;7688
22/05/2024;TECA;167090
22/05/2024;VIX;11396
23/05/2024;BEL;6248
23/05/2024;BHZ;21284
23/05/2024;BSB;10940
23/05/2024;CGB;3060
23/05/2024;CGR;1524
23/05/2024;FOR;4902
23/05/2024;RIO;34830
23/05/2024;MAO;6954
23/05/2024;POA;12009
23/05/2024;REC;10809
23/05/2024;SSA;9632
23/05/2024;TECA;163395
23/05/2024;VIX;12783
24/05/2024;BEL;5257
24/05/2024;BHZ;20172
24/05/2024;BSB;11650
24/05/2024;CGB;9277
24/05/2024;CGR;2255
24/05/2024;FOR;4100
24/05/2024;RIO;31778
24/05/2024;MAO;6279
24/05/2024;POA;13732
24/05/2024;REC;9086
24/05/2024;SSA;5787
24/05/2024;TECA;128925
24/05/2024;VIX;12551
25/05/2024;BEL;5062
25/05/2024;BHZ;13942
25/05/2024;BSB;10704
25/05/2024;CGB;4755
25/05/2024;CGR;556
25/05/2024;FOR;3238
25/05/2024;RIO;27692
25/05/2024;MAO;457
25/05/2024;POA;19406
25/05/2024;REC;7667
25/05/2024;SSA;11412
25/05/2024;TECA;127105
25/05/2024;VIX;10677
26/05/2024;BEL;4140
26/05/2024;BHZ;1940
26/05/2024;BSB;1184
26/05/2024;CGB;18
26/05/2024;FOR;3889
26/05/2024;RIO;20593
26/05/2024;MAO;2
26/05/2024;POA;7033
26/05/2024;REC;8614
26/05/2024;SSA;9125
26/05/2024;TECA;48404
26/05/2024;VIX;1567
27/05/2024;BEL;7880
27/05/2024;BHZ;18177
27/05/2024;BSB;12866
27/05/2024;CGB;10360
27/05/2024;CGR;2263
27/05/2024;FOR;3006
27/05/2024;RIO;24470
27/05/2024;MAO;5314
27/05/2024;POA;19054
27/05/2024;REC;10260
27/05/2024;SSA;10570
27/05/2024;TECA;84306
27/05/2024;VIX;8709
28/05/2024;BEL;9750
28/05/2024;BHZ;11685
28/05/2024;BSB;7563
28/05/2024;CGB;6973
28/05/2024;CGR;2511
28/05/2024;FOR;3055
28/05/2024;RIO;22295
28/05/2024;MAO;8852
28/05/2024;POA;14153
28/05/2024;REC;9331
28/05/2024;SSA;4478
28/05/2024;TECA;139505
28/05/2024;VIX;6831
29/05/2024;BEL;9896
29/05/2024;BHZ;17586
29/05/2024;BSB;9366
29/05/2024;CGB;4641
29/05/2024;CGR;2972
29/05/2024;FOR;5229
29/05/2024;RIO;31959
29/05/2024;MAO;5643
29/05/2024;POA;19994
29/05/2024;REC;8069
29/05/2024;SSA;8433
29/05/2024;TECA;134759
29/05/2024;VIX;12601
30/05/2024;BEL;3113
30/05/2024;BHZ;12081
30/05/2024;BSB;6082
30/05/2024;CGR;2057
30/05/2024;FOR;5752
30/05/2024;RIO;34947
30/05/2024;MAO;2890
30/05/2024;POA;17454
30/05/2024;REC;8653
30/05/2024;SSA;7662
30/05/2024;TECA;91884
30/05/2024;VIX;11022
31/05/2024;BEL;7324
31/05/2024;BHZ;14636
31/05/2024;BSB;11214
31/05/2024;CGB;11201
31/05/2024;CGR;2745
31/05/2024;FOR;3620
31/05/2024;RIO;26224
31/05/2024;MAO;8243
31/05/2024;POA;19717
31/05/2024;REC;7881
31/05/2024;SSA;9546
31/05/2024;TECA;119756
31/05/2024;VIX;11893
01/06/2024;BEL;6211
01/06/2024;BHZ;10830
01/06/2024;BSB;8754
01/06/2024;CGB;4192
01/06/2024;CGR;1423
01/06/2024;FOR;3195
01/06/2024;RIO;20975
01/06/2024;MAO;1284
01/06/2024;POA;10627
01/06/2024;REC;10787
01/06/2024;SSA;11688
01/06/2024;TECA;108014
01/06/2024;VIX;9453
02/06/2024;BEL;4705
02/06/2024;BHZ;1284
02/06/2024;BSB;1379
02/06/2024;FOR;3394
02/06/2024;RIO;12524
02/06/2024;POA;3755
02/06/2024;REC;8463
02/06/2024;SSA;5397
02/06/2024;TECA;25381
02/06/2024;VIX;344
03/06/2024;BEL;7264
03/06/2024;BHZ;16154
03/06/2024;BSB;11714
03/06/2024;CGB;10409
03/06/2024;CGR;2524
03/06/2024;FOR;3529
03/06/2024;RIO;12040
03/06/2024;MAO;7117
03/06/2024;POA;20525
03/06/2024;REC;9345
03/06/2024;SSA;9359
03/06/2024;TECA;56158
03/06/2024;VIX;8385
04/06/2024;BEL;8654
04/06/2024;BHZ;12029
04/06/2024;BSB;15676
04/06/2024;CGB;8530
04/06/2024;CGR;3008
04/06/2024;FOR;4136
04/06/2024;RIO;27079
04/06/2024;MAO;6744
04/06/2024;POA;15302
04/06/2024;REC;10957
04/06/2024;SSA;5992
04/06/2024;TECA;135235
04/06/2024;VIX;15535
05/06/2024;BEL;8160
05/06/2024;BHZ;20495
05/06/2024;BSB;12226
05/06/2024;CGB;6010
05/06/2024;CGR;2533
05/06/2024;FOR;5068
05/06/2024;RIO;34653
05/06/2024;MAO;10986
05/06/2024;POA;17740
05/06/2024;REC;11805
05/06/2024;SSA;6989
05/06/2024;TECA;146551
05/06/2024;VIX;13679
06/06/2024;BEL;7259
06/06/2024;BHZ;19252
06/06/2024;BSB;11950
06/06/2024;CGB;5767
06/06/2024;CGR;2668
06/06/2024;FOR;4504
06/06/2024;RIO;32293
06/06/2024;MAO;8754
06/06/2024;POA;19383
06/06/2024;REC;11353
06/06/2024;SSA;8521
06/06/2024;TECA;168955
06/06/2024;VIX;12960
07/06/2024;BEL;5135
07/06/2024;BHZ;19267
07/06/2024;BSB;9768
07/06/2024;CGB;3725
07/06/2024;CGR;2390
07/06/2024;FOR;5097
07/06/2024;RIO;32398
07/06/2024;MAO;5995
07/06/2024;POA;16285
07/06/2024;REC;8090
07/06/2024;SSA;11986
07/06/2024;TECA;147444
07/06/2024;VIX;16178
08/06/2024;BEL;4589
08/06/2024;BHZ;15786
08/06/2024;BSB;11671
08/06/2024;CGB;3308
08/06/2024;CGR;667
08/06/2024;FOR;5906
08/06/2024;RIO;31931
08/06/2024;MAO;3218
08/06/2024;POA;11865
08/06/2024;REC;10780
08/06/2024;SSA;10202
08/06/2024;TECA;123357
08/06/2024;VIX;11380
09/06/2024;BEL;2419
09/06/2024;BHZ;1865
09/06/2024;BSB;2460
09/06/2024;FOR;2907
09/06/2024;RIO;21633
09/06/2024;REC;8612
09/06/2024;SSA;7120
09/06/2024;TECA;42789
09/06/2024;VIX;2032
10/06/2024;BEL;5362
10/06/2024;BHZ;19210
10/06/2024;BSB;16164
10/06/2024;CGB;8796
10/06/2024;CGR;1613
10/06/2024;FOR;4150
10/06/2024;RIO;18547
10/06/2024;MAO;5132
10/06/2024;POA;5602
10/06/2024;REC;7355
10/06/2024;SSA;6500
10/06/2024;TECA;69241
10/06/2024;VIX;11445
11/06/2024;BEL;7862
11/06/2024;BHZ;14313
11/06/2024;BSB;9349
11/06/2024;CGB;8672
11/06/2024;CGR;2787
11/06/2024;FOR;6292
11/06/2024;RIO;25503
11/06/2024;MAO;8346
11/06/2024;POA;17066
11/06/2024;REC;11659
11/06/2024;SSA;8132
11/06/2024;TECA;162930
11/06/2024;VIX;12852
12/06/2024;BEL;7001
12/06/2024;BHZ;20415
12/06/2024;BSB;13120
12/06/2024;CGB;2042
12/06/2024;CGR;1587
12/06/2024;FOR;4469
12/06/2024;RIO;32736
12/06/2024;MAO;5032
12/06/2024;POA;20929
12/06/2024;REC;9586
12/06/2024;SSA;8369
12/06/2024;TECA;166705
12/06/2024;VIX;16115
13/06/2024;BEL;6369
13/06/2024;BHZ;24663
13/06/2024;BSB;13152
13/06/2024;CGB;4527
13/06/2024;CGR;1407
13/06/2024;FOR;4124
13/06/2024;RIO;38387
13/06/2024;MAO;7172
13/06/2024;POA;18926
13/06/2024;REC;9986
13/06/2024;SSA;8916
13/06/2024;TECA;169557
13/06/2024;VIX;19262
14/06/2024;BEL;9970
14/06/2024;BHZ;23864
14/06/2024;BSB;10642
14/06/2024;CGB;9406
14/06/2024;CGR;1533
14/06/2024;FOR;4627
14/06/2024;RIO;31886
14/06/2024;MAO;6657
14/06/2024;POA;17972
14/06/2024;REC;12323
14/06/2024;SSA;8558
14/06/2024;TECA;179687
14/06/2024;VIX;15991
15/06/2024;BEL;4115
15/06/2024;BHZ;15402
15/06/2024;BSB;13994
15/06/2024;CGB;2378
15/06/2024;CGR;1455
15/06/2024;FOR;2893
15/06/2024;RIO;35186
15/06/2024;MAO;2507
15/06/2024;POA;12528
15/06/2024;REC;8701
15/06/2024;SSA;10892
15/06/2024;TECA;147707
15/06/2024;VIX;10189
16/06/2024;BEL;3806
16/06/2024;BHZ;2155
16/06/2024;BSB;1408
16/06/2024;CGB;13
16/06/2024;FOR;2952
16/06/2024;RIO;29557
16/06/2024;MAO;1
16/06/2024;POA;4621
16/06/2024;REC;10688
16/06/2024;SSA;11596
16/06/2024;TECA;49205
16/06/2024;VIX;7576
17/06/2024;BEL;8507
17/06/2024;BHZ;20667
17/06/2024;BSB;15726
17/06/2024;CGB;11747
17/06/2024;CGR;1674
17/06/2024;FOR;4159
17/06/2024;RIO;22655
17/06/2024;MAO;6850
17/06/2024;POA;20124
17/06/2024;REC;11682
17/06/2024;SSA;9355
17/06/2024;TECA;82557
17/06/2024;VIX;7787
18/06/2024;BEL;9884
18/06/2024;BHZ;14216
18/06/2024;BSB;15412
18/06/2024;CGB;11005
18/06/2024;CGR;2499
18/06/2024;FOR;3543
18/06/2024;RIO;26855
18/06/2024;MAO;4686
18/06/2024;POA;18363
18/06/2024;REC;11674
18/06/2024;SSA;8330
18/06/2024;TECA;157042
18/06/2024;VIX;14593
19/06/2024;BEL;8586
19/06/2024;BHZ;19791
19/06/2024;BSB;13546
19/06/2024;CGB;7912
19/06/2024;CGR;2243
19/06/2024;FOR;4746
19/06/2024;RIO;32244
19/06/2024;MAO;752
19/06/2024;POA;12487
19/06/2024;REC;10961
19/06/2024;SSA;7722
19/06/2024;TECA;153786
19/06/2024;VIX;16544
21/06/2024;BEL;7174
21/06/2024;BHZ;19060
21/06/2024;BSB;11511
21/06/2024;CGB;5621
21/06/2024;CGR;2168
21/06/2024;FOR;4374
21/06/2024;RIO;29616
21/06/2024;MAO;9152
21/06/2024;POA;13457
21/06/2024;REC;9411
21/06/2024;SSA;6532
21/06/2024;TECA;149154
21/06/2024;VIX;17269
22/06/2024;BEL;4537
22/06/2024;BHZ;13825
22/06/2024;BSB;8363
22/06/2024;CGB;3179
22/06/2024;CGR;1842
22/06/2024;FOR;2490
22/06/2024;RIO;33533
22/06/2024;MAO;2730
22/06/2024;POA;11420
22/06/2024;REC;9815
22/06/2024;SSA;6802
22/06/2024;TECA;132780
22/06/2024;VIX;12091
23/06/2024;BEL;4950
23/06/2024;BHZ;2866
23/06/2024;BSB;1604
23/06/2024;CGR;1402
23/06/2024;FOR;3094
23/06/2024;RIO;25832
23/06/2024;MAO;1
23/06/2024;POA;3984
23/06/2024;REC;8526
23/06/2024;SSA;4368
23/06/2024;TECA;52145
23/06/2024;VIX;2069
24/06/2024;BEL;8973
24/06/2024;BHZ;17108
24/06/2024;BSB;9944
24/06/2024;CGB;9214
24/06/2024;CGR;1436
24/06/2024;FOR;4493
24/06/2024;RIO;18917
24/06/2024;MAO;6571
24/06/2024;POA;13367
24/06/2024;REC;7592
24/06/2024;SSA;6006
24/06/2024;TECA;61987
24/06/2024;VIX;10001
25/06/2024;BEL;11804
25/06/2024;BHZ;14383
25/06/2024;BSB;14789
25/06/2024;CGB;8499
25/06/2024;CGR;2986
25/06/2024;FOR;3906
25/06/2024;RIO;26245
25/06/2024;MAO;7628
25/06/2024;POA;7815
25/06/2024;REC;8424
25/06/2024;SSA;9113
25/06/2024;TECA;134932
25/06/2024;VIX;11804
26/06/2024;BEL;9455
26/06/2024;BHZ;16296
26/06/2024;BSB;12577
26/06/2024;CGB;5940
26/06/2024;CGR;2225
26/06/2024;FOR;3696
26/06/2024;RIO;30098
26/06/2024;MAO;4171
26/06/2024;POA;13151
26/06/2024;REC;8541
26/06/2024;SSA;5970
26/06/2024;TECA;142715
26/06/2024;VIX;14891
27/06/2024;BEL;5508
27/06/2024;BHZ;18898
27/06/2024;BSB;9268
27/06/2024;CGB;6123
27/06/2024;CGR;3121
27/06/2024;FOR;4056
27/06/2024;RIO;32912
27/06/2024;MAO;8510
27/06/2024;POA;12857
27/06/2024;REC;9368
27/06/2024;SSA;7769
27/06/2024;TECA;146626
27/06/2024;VIX;15111
28/06/2024;BEL;9667
28/06/2024;BHZ;18160
28/06/2024;BSB;12839
28/06/2024;CGB;9855
28/06/2024;CGR;2705
28/06/2024;FOR;5477
28/06/2024;RIO;35118
28/06/2024;MAO;4928
28/06/2024;POA;10704
28/06/2024;REC;10510
28/06/2024;SSA;7972
28/06/2024;TECA;141827
28/06/2024;VIX;13391
29/06/2024;BEL;4930
29/06/2024;BHZ;11840
29/06/2024;BSB;7944
29/06/2024;CGR;1217
29/06/2024;FOR;2986
29/06/2024;RIO;32685
29/06/2024;MAO;2075
29/06/2024;POA;8149
29/06/2024;REC;10149
29/06/2024;SSA;8502
29/06/2024;TECA;118746
29/06/2024;VIX;14086
30/06/2024;BEL;3659
30/06/2024;BHZ;1788
30/06/2024;BSB;2002
30/06/2024;CGB;22
30/06/2024;FOR;2967
30/06/2024;RIO;10107
30/06/2024;POA;3011
30/06/2024;REC;10467
30/06/2024;SSA;8935
30/06/2024;TECA;45923
30/06/2024;VIX;2400
01/07/2024;BEL;9701
01/07/2024;BHZ;15662
01/07/2024;BSB;14356
01/07/2024;CGB;10872
01/07/2024;CGR;2276
01/07/2024;FOR;3845
01/07/2024;RIO;12206
01/07/2024;MAO;3483
01/07/2024;POA;13357
01/07/2024;REC;9007
01/07/2024;SSA;7554
01/07/2024;TECA;56784
01/07/2024;VIX;9384
02/07/2024;BEL;8882
02/07/2024;BHZ;13448
02/07/2024;BSB;15533
02/07/2024;CGB;11775
02/07/2024;CGR;1659
02/07/2024;FOR;4620
02/07/2024;RIO;19148
02/07/2024;MAO;7451
02/07/2024;POA;9613
02/07/2024;REC;8459
02/07/2024;SSA;6280
02/07/2024;TECA;122879
02/07/2024;VIX;13668
03/07/2024;BEL;7193
03/07/2024;BHZ;19971
03/07/2024;BSB;9274
03/07/2024;CGB;196
03/07/2024;CGR;2318
03/07/2024;FOR;3538
03/07/2024;RIO;33177
03/07/2024;MAO;454
03/07/2024;POA;9029
03/07/2024;REC;10025
03/07/2024;SSA;3991
03/07/2024;TECA;144794
03/07/2024;VIX;12737
04/07/2024;BEL;3307
04/07/2024;BHZ;13053
04/07/2024;BSB;8192
04/07/2024;CGB;3371
04/07/2024;CGR;1670
04/07/2024;FOR;3892
04/07/2024;RIO;25010
04/07/2024;MAO;5148
04/07/2024;POA;5954
04/07/2024;REC;5795
04/07/2024;SSA;4172
04/07/2024;TECA;104921
04/07/2024;VIX;13785
05/07/2024;BEL;6768
05/07/2024;BHZ;20336
05/07/2024;BSB;11688
05/07/2024;CGB;5993
05/07/2024;CGR;2310
05/07/2024;FOR;4484
05/07/2024;RIO;31660
05/07/2024;MAO;4326
05/07/2024;POA;11166
05/07/2024;REC;7348
05/07/2024;SSA;8861
05/07/2024;TECA;141552
05/07/2024;VIX;17252
06/07/2024;BEL;7661
06/07/2024;BHZ;11867
06/07/2024;BSB;11104
06/07/2024;CGB;3030
06/07/2024;CGR;1274
06/07/2024;FOR;2178
06/07/2024;RIO;29042
06/07/2024;MAO;3418
06/07/2024;POA;5191
06/07/2024;REC;9379
06/07/2024;SSA;10284
06/07/2024;TECA;109252
06/07/2024;VIX;13373
07/07/2024;BEL;3509
07/07/2024;BHZ;1406
07/07/2024;BSB;1749
07/07/2024;FOR;1938
07/07/2024;RIO;25323
07/07/2024;POA;4544
07/07/2024;REC;8045
07/07/2024;SSA;5266
07/07/2024;TECA;40667
07/07/2024;VIX;389
08/07/2024;BEL;9144
08/07/2024;BHZ;16931
08/07/2024;BSB;12406
08/07/2024;CGB;11763
08/07/2024;CGR;1047
08/07/2024;FOR;4700
08/07/2024;RIO;24125
08/07/2024;MAO;3924
08/07/2024;POA;13410
08/07/2024;REC;9431
08/07/2024;SSA;8502
08/07/2024;TECA;58772
08/07/2024;VIX;11721
09/07/2024;BEL;9210
09/07/2024;BHZ;14297
09/07/2024;BSB;7122
09/07/2024;CGB;8298
09/07/2024;CGR;1284
09/07/2024;FOR;4560
09/07/2024;RIO;28663
09/07/2024;MAO;255
09/07/2024;POA;7694
09/07/2024;REC;9434
09/07/2024;SSA;6705
09/07/2024;TECA;68855
09/07/2024;VIX;17489
10/07/2024;BEL;8331
10/07/2024;BHZ;18694
10/07/2024;BSB;9612
10/07/2024;CGB;5623
10/07/2024;CGR;2685
10/07/2024;FOR;4867
10/07/2024;RIO;38397
10/07/2024;MAO;7384
10/07/2024;POA;10225
10/07/2024;REC;9477
10/07/2024;SSA;12333
10/07/2024;TECA;120843
10/07/2024;VIX;16097
11/07/2024;BEL;7330
11/07/2024;BHZ;19168
11/07/2024;BSB;5718
11/07/2024;CGB;1905
11/07/2024;CGR;1674
11/07/2024;FOR;5740
11/07/2024;RIO;31889
11/07/2024;MAO;4915
11/07/2024;POA;8209
11/07/2024;REC;8846
11/07/2024;SSA;9221
11/07/2024;TECA;175773
11/07/2024;VIX;17318
12/07/2024;BEL;4157
12/07/2024;BHZ;20837
12/07/2024;BSB;11284
12/07/2024;CGB;6366
12/07/2024;CGR;2488
12/07/2024;FOR;6071
12/07/2024;RIO;27659
12/07/2024;MAO;4465
12/07/2024;POA;10008
12/07/2024;REC;11103
12/07/2024;SSA;9770
12/07/2024;TECA;171922
12/07/2024;VIX;16191
13/07/2024;BEL;2714
13/07/2024;BHZ;16485
13/07/2024;BSB;9648
13/07/2024;CGB;3955
13/07/2024;CGR;1125
13/07/2024;FOR;2559
13/07/2024;RIO;34663
13/07/2024;MAO;2542
13/07/2024;POA;9626
13/07/2024;REC;6908
13/07/2024;SSA;9452
13/07/2024;TECA;127873
13/07/2024;VIX;16360
14/07/2024;BEL;3304
14/07/2024;BHZ;2142
14/07/2024;BSB;1661
14/07/2024;FOR;3245
14/07/2024;RIO;22829
14/07/2024;POA;3982
14/07/2024;REC;6113
14/07/2024;SSA;4716
14/07/2024;TECA;56214
14/07/2024;VIX;2000
15/07/2024;BEL;10202
15/07/2024;BHZ;19113
15/07/2024;BSB;11762
15/07/2024;CGB;4409
15/07/2024;CGR;2582
15/07/2024;FOR;3764
15/07/2024;RIO;26398
15/07/2024;MAO;7558
15/07/2024;POA;14519
15/07/2024;REC;13487
15/07/2024;SSA;8065
15/07/2024;TECA;73747
15/07/2024;VIX;18890
16/07/2024;BEL;10464
16/07/2024;BHZ;16177
16/07/2024;BSB;11573
16/07/2024;CGB;9378
16/07/2024;CGR;862
16/07/2024;FOR;4681
16/07/2024;RIO;30070
16/07/2024;MAO;6283
16/07/2024;POA;9402
16/07/2024;REC;9331
16/07/2024;SSA;11621
16/07/2024;TECA;157003
16/07/2024;VIX;20514
17/07/2024;BEL;4227
17/07/2024;BHZ;17332
17/07/2024;BSB;13524
17/07/2024;CGB;7508
17/07/2024;CGR;2921
17/07/2024;FOR;4279
17/07/2024;RIO;35911
17/07/2024;MAO;1255
17/07/2024;POA;12890
17/07/2024;REC;9262
17/07/2024;SSA;10454
17/07/2024;TECA;157802
17/07/2024;VIX;12365
18/07/2024;BEL;6887
18/07/2024;BHZ;21844
18/07/2024;BSB;10470
18/07/2024;CGB;7656
18/07/2024;CGR;2649
18/07/2024;FOR;4099
18/07/2024;RIO;38684
18/07/2024;MAO;4529
18/07/2024;POA;10136
18/07/2024;REC;9731
18/07/2024;SSA;7485
18/07/2024;TECA;129267
18/07/2024;VIX;18790
19/07/2024;BEL;8547
19/07/2024;BHZ;21356
19/07/2024;BSB;11647
19/07/2024;CGB;4081
19/07/2024;CGR;2077
19/07/2024;FOR;5630
19/07/2024;RIO;37411
19/07/2024;MAO;6664
19/07/2024;POA;12772
19/07/2024;REC;9385
19/07/2024;SSA;7221
19/07/2024;TECA;142491
19/07/2024;VIX;17778
20/07/2024;BEL;1630
20/07/2024;BHZ;14258
20/07/2024;BSB;8444
20/07/2024;CGB;3419
20/07/2024;CGR;1538
20/07/2024;FOR;1545
20/07/2024;RIO;47166
20/07/2024;MAO;2771
20/07/2024;POA;5172
20/07/2024;REC;7915
20/07/2024;SSA;9055
20/07/2024;TECA;119965
20/07/2024;VIX;12065
21/07/2024;BEL;4281
21/07/2024;BHZ;4414
21/07/2024;BSB;1212
21/07/2024;FOR;4411
21/07/2024;RIO;36392
21/07/2024;POA;4031
21/07/2024;REC;8832
21/07/2024;SSA;6443
21/07/2024;TECA;68758
21/07/2024;VIX;5751
22/07/2024;BEL;7286
22/07/2024;BHZ;16945
22/07/2024;BSB;11132
22/07/2024;CGB;10631
22/07/2024;CGR;2697
22/07/2024;FOR;5012
22/07/2024;RIO;29932
22/07/2024;MAO;4486
22/07/2024;POA;12589
22/07/2024;REC;11601
22/07/2024;SSA;6879
22/07/2024;TECA;83104
22/07/2024;VIX;12603
23/07/2024;BEL;7415
23/07/2024;BHZ;14748
23/07/2024;BSB;10759
23/07/2024;CGB;8837
23/07/2024;CGR;2457
23/07/2024;FOR;5269
23/07/2024;RIO;30646
23/07/2024;MAO;816
23/07/2024;POA;5827
23/07/2024;REC;10666
23/07/2024;SSA;7176
23/07/2024;TECA;154714
23/07/2024;VIX;14132
24/07/2024;BEL;7338
24/07/2024;BHZ;23051
24/07/2024;BSB;9117
24/07/2024;CGB;3908
24/07/2024;CGR;2807
24/07/2024;FOR;4012
24/07/2024;RIO;36318
24/07/2024;MAO;511
24/07/2024;POA;14689
24/07/2024;REC;9272
24/07/2024;SSA;8494
24/07/2024;TECA;142034
24/07/2024;VIX;16780
25/07/2024;BEL;5572
25/07/2024;BHZ;20922
25/07/2024;BSB;13120
25/07/2024;CGB;3535
25/07/2024;CGR;2643
25/07/2024;FOR;4510
25/07/2024;RIO;39715
25/07/2024;MAO;9766
25/07/2024;POA;16096
25/07/2024;REC;9116
25/07/2024;SSA;8327
25/07/2024;TECA;140208
25/07/2024;VIX;15634
26/07/2024;BEL;7043
26/07/2024;BHZ;20978
26/07/2024;BSB;12583
26/07/2024;CGB;4663
26/07/2024;CGR;2240
26/07/2024;FOR;4775
26/07/2024;RIO;28158
26/07/2024;MAO;3884
26/07/2024;POA;10444
26/07/2024;REC;10413
26/07/2024;SSA;10875
26/07/2024;TECA;153533
26/07/2024;VIX;16051
27/07/2024;BEL;1092
27/07/2024;BHZ;13750
27/07/2024;BSB;6023
27/07/2024;CGB;4109
27/07/2024;CGR;1481
27/07/2024;FOR;1211
27/07/2024;RIO;31139
27/07/2024;MAO;3930
27/07/2024;POA;6693
27/07/2024;REC;9092
27/07/2024;SSA;8706
27/07/2024;TECA;145671
27/07/2024;VIX;12344
28/07/2024;BEL;5086
28/07/2024;BHZ;6268
28/07/2024;BSB;6975
28/07/2024;FOR;4056
28/07/2024;RIO;12470
28/07/2024;POA;6356
28/07/2024;REC;7952
28/07/2024;SSA;7666
28/07/2024;TECA;69743
28/07/2024;VIX;10774
29/07/2024;BEL;7289
29/07/2024;BHZ;19015
29/07/2024;BSB;8701
29/07/2024;CGB;6557
29/07/2024;CGR;2896
29/07/2024;FOR;3053
29/07/2024;RIO;21728
29/07/2024;MAO;3773
29/07/2024;POA;12819
29/07/2024;REC;6354
29/07/2024;SSA;7821
29/07/2024;TECA;68203
29/07/2024;VIX;13304
30/07/2024;BEL;4829
30/07/2024;BHZ;15968
30/07/2024;BSB;7365
30/07/2024;CGB;10954
30/07/2024;CGR;2610
30/07/2024;FOR;6195
30/07/2024;RIO;28744
30/07/2024;MAO;1209
30/07/2024;POA;11450
30/07/2024;REC;11269
30/07/2024;SSA;11632
30/07/2024;TECA;140811
30/07/2024;VIX;15961
31/07/2024;BEL;5782
31/07/2024;BHZ;17485
31/07/2024;BSB;11713
31/07/2024;CGB;12448
31/07/2024;CGR;2573
31/07/2024;FOR;5271
31/07/2024;RIO;29980
31/07/2024;MAO;1043
31/07/2024;POA;14086
31/07/2024;REC;11107
31/07/2024;SSA;7944
31/07/2024;TECA;167224
31/07/2024;VIX;16504
01/08/2024;BEL;3574
01/08/2024;BHZ;20770
01/08/2024;BSB;12070
01/08/2024;CGB;8276
01/08/2024;CGR;2614
01/08/2024;FOR;5115
01/08/2024;RIO;31861
01/08/2024;MAO;8105
01/08/2024;POA;13820
01/08/2024;REC;13614
01/08/2024;SSA;7480
01/08/2024;TECA;152909
01/08/2024;VIX;18009
02/08/2024;BEL;6265
02/08/2024;BHZ;15940
02/08/2024;BSB;12119
02/08/2024;CGB;4935
02/08/2024;CGR;1666
02/08/2024;FOR;4390
02/08/2024;RIO;29804
02/08/2024;MAO;4379
02/08/2024;POA;14956
02/08/2024;REC;11220
02/08/2024;SSA;9409
02/08/2024;TECA;148232
02/08/2024;VIX;15453
03/08/2024;BEL;4997
03/08/2024;BHZ;15033
03/08/2024;BSB;9095
03/08/2024;CGB;4357
03/08/2024;CGR;1013
03/08/2024;FOR;1339
03/08/2024;RIO;28442
03/08/2024;MAO;4132
03/08/2024;POA;5791
03/08/2024;REC;14193
03/08/2024;SSA;12007
03/08/2024;TECA;117144
03/08/2024;VIX;14385
04/08/2024;BHZ;1178
04/08/2024;BSB;1844
04/08/2024;FOR;3650
04/08/2024;RIO;6117
04/08/2024;POA;8593
04/08/2024;REC;10590
04/08/2024;SSA;7438
04/08/2024;TECA;33352
04/08/2024;VIX;5850
05/08/2024;BEL;6086
05/08/2024;BHZ;16472
05/08/2024;BSB;11391
05/08/2024;CGB;9295
05/08/2024;CGR;2577
05/08/2024;FOR;4549
05/08/2024;RIO;13386
05/08/2024;MAO;1235
05/08/2024;POA;9832
05/08/2024;REC;12240
05/08/2024;SSA;8094
05/08/2024;TECA;52591
05/08/2024;VIX;8827
06/08/2024;BEL;4545
06/08/2024;BHZ;11909
06/08/2024;BSB;6651
06/08/2024;CGB;11807
06/08/2024;CGR;3250
06/08/2024;FOR;4256
06/08/2024;RIO;26409
06/08/2024;MAO;1010
06/08/2024;POA;9320
06/08/2024;REC;7867
06/08/2024;SSA;8165
06/08/2024;TECA;147822
06/08/2024;VIX;19485
07/08/2024;BEL;5605
07/08/2024;BHZ;22475
07/08/2024;BSB;8744
07/08/2024;CGB;110
07/08/2024;CGR;2408
07/08/2024;FOR;5437
07/08/2024;RIO;34314
07/08/2024;MAO;797
07/08/2024;POA;6621
07/08/2024;REC;12357
07/08/2024;SSA;5612
07/08/2024;TECA;144517
07/08/2024;VIX;17651
08/08/2024;BEL;2818
08/08/2024;BHZ;21958
08/08/2024;BSB;7824
08/08/2024;CGB;4586
08/08/2024;CGR;2184
08/08/2024;FOR;4749
08/08/2024;RIO;34753
08/08/2024;MAO;6781
08/08/2024;POA;15240
08/08/2024;REC;14204
08/08/2024;SSA;8741
08/08/2024;TECA;155399
08/08/2024;VIX;17239
09/08/2024;BEL;4660
09/08/2024;BHZ;21371
09/08/2024;BSB;10838
09/08/2024;CGB;10156
09/08/2024;CGR;2679
09/08/2024;FOR;3782
09/08/2024;RIO;35045
09/08/2024;MAO;4931
09/08/2024;POA;14741
09/08/2024;REC;11508
09/08/2024;SSA;10780
09/08/2024;TECA;155323
09/08/2024;VIX;20076
10/08/2024;BEL;2042
10/08/2024;BHZ;14040
10/08/2024;BSB;13547
10/08/2024;CGB;4611
10/08/2024;CGR;1064
10/08/2024;FOR;2406
10/08/2024;RIO;27946
10/08/2024;MAO;4227
10/08/2024;POA;8030
10/08/2024;REC;13255
10/08/2024;SSA;8553
10/08/2024;TECA;134067
10/08/2024;VIX;13842
11/08/2024;BHZ;1719
11/08/2024;BSB;1252
11/08/2024;FOR;3142
11/08/2024;RIO;19317
11/08/2024;POA;5440
11/08/2024;REC;9310
11/08/2024;SSA;6855
11/08/2024;TECA;76915
11/08/2024;VIX;7350
12/08/2024;BEL;8574
12/08/2024;BHZ;20593
12/08/2024;BSB;12198
12/08/2024;CGB;8073
12/08/2024;CGR;1943
12/08/2024;FOR;3616
12/08/2024;RIO;18639
12/08/2024;MAO;5335
12/08/2024;POA;15690
12/08/2024;REC;10128
12/08/2024;SSA;5526
12/08/2024;TECA;62542
12/08/2024;VIX;13497
13/08/2024;BEL;6706
13/08/2024;BHZ;12872
13/08/2024;BSB;5736
13/08/2024;CGB;9358
13/08/2024;CGR;2951
13/08/2024;FOR;4488
13/08/2024;RIO;26650
13/08/2024;MAO;2793
13/08/2024;POA;9739
13/08/2024;REC;12752
13/08/2024;SSA;9889
13/08/2024;TECA;159692
13/08/2024;VIX;16140
14/08/2024;BEL;4649
14/08/2024;BHZ;24714
14/08/2024;BSB;10173
14/08/2024;CGB;7055
14/08/2024;CGR;2553
14/08/2024;FOR;5415
14/08/2024;RIO;38791
14/08/2024;MAO;1463
14/08/2024;POA;9887
14/08/2024;REC;11956
14/08/2024;SSA;6119
14/08/2024;TECA;168948
14/08/2024;VIX;16919
15/08/2024;BEL;524
15/08/2024;BHZ;20471
15/08/2024;BSB;14803
15/08/2024;CGB;3462
15/08/2024;CGR;2874
15/08/2024;FOR;2408
15/08/2024;RIO;38201
15/08/2024;MAO;8535
15/08/2024;POA;15788
15/08/2024;REC;10129
15/08/2024;SSA;8912
15/08/2024;TECA;165430
15/08/2024;VIX;19533
16/08/2024;BEL;8623
16/08/2024;BHZ;19485
16/08/2024;BSB;13038
16/08/2024;CGB;8601
16/08/2024;CGR;2808
16/08/2024;FOR;2273
16/08/2024;RIO;35158
16/08/2024;MAO;5045
16/08/2024;POA;14930
16/08/2024;REC;12940
16/08/2024;SSA;4903
16/08/2024;TECA;165880
16/08/2024;VIX;17684
17/08/2024;BEL;1702
17/08/2024;BHZ;14216
17/08/2024;BSB;12761
17/08/2024;CGB;4372
17/08/2024;CGR;1360
17/08/2024;FOR;2874
17/08/2024;RIO;28511
17/08/2024;MAO;1930
17/08/2024;POA;12117
17/08/2024;REC;11436
17/08/2024;SSA;12812
17/08/2024;TECA;123127
17/08/2024;VIX;14260
18/08/2024;BHZ;869
18/08/2024;BSB;1030
18/08/2024;FOR;2176
18/08/2024;RIO;9976
18/08/2024;POA;5297
18/08/2024;REC;8838
18/08/2024;SSA;5232
18/08/2024;TECA;45917
18/08/2024;VIX;2
19/08/2024;BEL;7022
19/08/2024;BHZ;18995
19/08/2024;BSB;17043
19/08/2024;CGB;8961
19/08/2024;CGR;2941
19/08/2024;FOR;2980
19/08/2024;RIO;15047
19/08/2024;MAO;6617
19/08/2024;POA;16231
19/08/2024;REC;11592
19/08/2024;SSA;9745
19/08/2024;TECA;68659
19/08/2024;VIX;14882
20/08/2024;BEL;10946
20/08/2024;BHZ;14854
20/08/2024;BSB;6079
20/08/2024;CGB;9039
20/08/2024;CGR;2830
20/08/2024;FOR;4803
20/08/2024;RIO;35466
20/08/2024;MAO;3020
20/08/2024;POA;12097
20/08/2024;REC;12351
20/08/2024;SSA;8947
20/08/2024;TECA;156996
20/08/2024;VIX;13008
21/08/2024;BEL;1540
21/08/2024;BHZ;18695
21/08/2024;BSB;9331
21/08/2024;CGB;6658
21/08/2024;CGR;1957
21/08/2024;FOR;3903
21/08/2024;RIO;36541
21/08/2024;MAO;1592
21/08/2024;POA;12798
21/08/2024;REC;9524
21/08/2024;SSA;3405
21/08/2024;TECA;147384
21/08/2024;VIX;16872
22/08/2024;BEL;566
22/08/2024;BHZ;21261
22/08/2024;BSB;9952
22/08/2024;CGB;6980
22/08/2024;CGR;2654
22/08/2024;FOR;3362
22/08/2024;RIO;36626
22/08/2024;MAO;7374
22/08/2024;POA;14352
22/08/2024;REC;7607
22/08/2024;SSA;7876
22/08/2024;TECA;142665
22/08/2024;VIX;15813
23/08/2024;BEL;5779
23/08/2024;BHZ;21205
23/08/2024;BSB;13345
23/08/2024;CGB;194
23/08/2024;CGR;2007
23/08/2024;FOR;1535
23/08/2024;RIO;36545
23/08/2024;MAO;3944
23/08/2024;POA;16382
23/08/2024;REC;8202
23/08/2024;SSA;9547
23/08/2024;TECA;165199
23/08/2024;VIX;19429
24/08/2024;BEL;4548
24/08/2024;BHZ;21094
24/08/2024;BSB;12282
24/08/2024;CGB;4379
24/08/2024;CGR;965
24/08/2024;FOR;512
24/08/2024;RIO;30291
24/08/2024;MAO;4515
24/08/2024;POA;12475
24/08/2024;REC;12944
24/08/2024;SSA;11583
24/08/2024;TECA;141467
24/08/2024;VIX;17548
25/08/2024;BHZ;5696
25/08/2024;BSB;1503
25/08/2024;FOR;3324
25/08/2024;RIO;10271
25/08/2024;POA;10241
25/08/2024;REC;8836
25/08/2024;SSA;8653
25/08/2024;TECA;56076
25/08/2024;VIX;1004
26/08/2024;BEL;6436
26/08/2024;BHZ;15923
26/08/2024;BSB;8526
26/08/2024;CGB;9128
26/08/2024;CGR;2007
26/08/2024;FOR;4515
26/08/2024;RIO;17184
26/08/2024;MAO;6310
26/08/2024;POA;18448
26/08/2024;REC;10636
26/08/2024;SSA;7700
26/08/2024;TECA;52712
26/08/2024;VIX;10032
27/08/2024;BEL;4496
27/08/2024;BHZ;13581
27/08/2024;BSB;7720
27/08/2024;CGB;8341
27/08/2024;CGR;2561
27/08/2024;FOR;3652
27/08/2024;RIO;28390
27/08/2024;MAO;4346
27/08/2024;POA;15183
27/08/2024;REC;9494
27/08/2024;SSA;7377
27/08/2024;TECA;132932
27/08/2024;VIX;13027
28/08/2024;BEL;4357
28/08/2024;BHZ;16381
28/08/2024;BSB;7785
28/08/2024;CGB;134
28/08/2024;CGR;3157
28/08/2024;FOR;2706
28/08/2024;RIO;38514
28/08/2024;MAO;524
28/08/2024;POA;14820
28/08/2024;REC;5941
28/08/2024;SSA;6123
28/08/2024;TECA;147149
28/08/2024;VIX;13521
29/08/2024;BEL;3749
29/08/2024;BHZ;18354
29/08/2024;BSB;9497
29/08/2024;CGB;6700
29/08/2024;CGR;3818
29/08/2024;FOR;2656
29/08/2024;RIO;27235
29/08/2024;MAO;6687
29/08/2024;POA;15081
29/08/2024;REC;4813
29/08/2024;SSA;5334
29/08/2024;TECA;136428
29/08/2024;VIX;11579
30/08/2024;BEL;522
30/08/2024;BHZ;16239
30/08/2024;BSB;12927
30/08/2024;CGB;4204
30/08/2024;CGR;3042
30/08/2024;FOR;2558
30/08/2024;RIO;35161
30/08/2024;MAO;3562
30/08/2024;POA;18281
30/08/2024;REC;8807
30/08/2024;SSA;10408
30/08/2024;TECA;172658
30/08/2024;VIX;12176
31/08/2024;BEL;4687
31/08/2024;BHZ;10861
31/08/2024;BSB;13373
31/08/2024;CGB;4699
31/08/2024;CGR;1391
31/08/2024;FOR;309
31/08/2024;RIO;28959
31/08/2024;MAO;5389
31/08/2024;POA;13169
31/08/2024;REC;11019
31/08/2024;SSA;8696
31/08/2024;TECA;126441
31/08/2024;VIX;12230
01/09/2024;BHZ;2896
01/09/2024;BSB;1950
01/09/2024;FOR;2553
01/09/2024;RIO;13004
01/09/2024;POA;10273
01/09/2024;REC;5214
01/09/2024;SSA;10305
01/09/2024;TECA;52860
02/09/2024;BEL;6235
02/09/2024;BHZ;17593
02/09/2024;BSB;9212
02/09/2024;CGB;9171
02/09/2024;CGR;2768
02/09/2024;FOR;3408
02/09/2024;RIO;11221
02/09/2024;MAO;5022
02/09/2024;POA;15914
02/09/2024;REC;10351
02/09/2024;SSA;6024
02/09/2024;TECA;49315
02/09/2024;VIX;12622
03/09/2024;BEL;6668
03/09/2024;BHZ;14393
03/09/2024;BSB;4444
03/09/2024;CGB;6873
03/09/2024;CGR;2281
03/09/2024;FOR;2037
03/09/2024;RIO;34141
03/09/2024;MAO;2752
03/09/2024;POA;14830
03/09/2024;REC;9687
03/09/2024;SSA;5678
03/09/2024;TECA;145501
03/09/2024;VIX;16907
04/09/2024;BEL;2201
04/09/2024;BHZ;17988
04/09/2024;BSB;13457
04/09/2024;CGB;7581
04/09/2024;CGR;2931
04/09/2024;FOR;3848
04/09/2024;RIO;32456
04/09/2024;MAO;623
04/09/2024;POA;12731
04/09/2024;REC;5071
04/09/2024;SSA;4918
04/09/2024;TECA;141569
04/09/2024;VIX;15325
05/09/2024;BEL;3962
05/09/2024;BHZ;15159
05/09/2024;BSB;9914
05/09/2024;CGB;2384
05/09/2024;CGR;1182
05/09/2024;FOR;2158
05/09/2024;RIO;34497
05/09/2024;MAO;7263
05/09/2024;POA;14875
05/09/2024;REC;6705
05/09/2024;SSA;7004
05/09/2024;TECA;145430
05/09/2024;VIX;14072
06/09/2024;BEL;5164
06/09/2024;BHZ;17499
06/09/2024;BSB;9671
06/09/2024;CGB;3757
06/09/2024;CGR;2525
06/09/2024;FOR;3080
06/09/2024;RIO;29594
06/09/2024;MAO;5009
06/09/2024;POA;15445
06/09/2024;REC;9409
06/09/2024;SSA;6814
06/09/2024;TECA;146311
06/09/2024;VIX;13204
07/09/2024;BEL;146
07/09/2024;BHZ;9639
07/09/2024;BSB;11737
07/09/2024;CGB;2480
07/09/2024;CGR;471
07/09/2024;RIO;30311
07/09/2024;POA;10719
07/09/2024;REC;1182
07/09/2024;SSA;8038
07/09/2024;TECA;95182
07/09/2024;VIX;7239
08/09/2024;BHZ;1410
08/09/2024;BSB;1528
08/09/2024;FOR;1177
08/09/2024;RIO;5848
08/09/2024;POA;5326
08/09/2024;REC;8565
08/09/2024;SSA;6502
08/09/2024;TECA;44215
08/09/2024;VIX;320
09/09/2024;BEL;7518
09/09/2024;BHZ;16979
09/09/2024;BSB;9430
09/09/2024;CGB;9050
09/09/2024;CGR;2747
09/09/2024;FOR;4278
09/09/2024;RIO;14371
09/09/2024;MAO;5794
09/09/2024;POA;9715
09/09/2024;REC;9923
09/09/2024;SSA;6372
09/09/2024;TECA;66284
09/09/2024;VIX;12697
10/09/2024;BEL;6679
10/09/2024;BHZ;12844
10/09/2024;BSB;9347
10/09/2024;CGB;7605
10/09/2024;CGR;2387
10/09/2024;FOR;2297
10/09/2024;RIO;27804
10/09/2024;MAO;2979
10/09/2024;POA;8710
10/09/2024;REC;9712
10/09/2024;SSA;7572
10/09/2024;TECA;152865
10/09/2024;VIX;11170
11/09/2024;BEL;2666
11/09/2024;BHZ;15571
11/09/2024;BSB;12354
11/09/2024;CGB;6031
11/09/2024;CGR;1127
11/09/2024;FOR;1940
11/09/2024;RIO;35319
11/09/2024;MAO;538
11/09/2024;POA;11521
11/09/2024;REC;4880
11/09/2024;SSA;7311
11/09/2024;TECA;150559
11/09/2024;VIX;13992
12/09/2024;BEL;4160
12/09/2024;BHZ;22878
12/09/2024;BSB;15053
12/09/2024;CGB;3650
12/09/2024;CGR;1163
12/09/2024;FOR;1146
12/09/2024;RIO;21562
12/09/2024;MAO;5763
12/09/2024;POA;9881
12/09/2024;REC;5102
12/09/2024;SSA;5820
12/09/2024;TECA;154092
12/09/2024;VIX;14779
13/09/2024;BEL;4901
13/09/2024;BHZ;21435
13/09/2024;BSB;10478
13/09/2024;CGB;9907
13/09/2024;CGR;1922
13/09/2024;FOR;1529
13/09/2024;RIO;41340
13/09/2024;MAO;4840
13/09/2024;POA;14442
13/09/2024;REC;9092
13/09/2024;SSA;6586
13/09/2024;TECA;158975
13/09/2024;VIX;16844
14/09/2024;BEL;1059
14/09/2024;BHZ;17116
14/09/2024;BSB;11098
14/09/2024;CGB;3168
14/09/2024;CGR;1217
14/09/2024;FOR;175
14/09/2024;RIO;30605
14/09/2024;MAO;2611
14/09/2024;POA;10157
14/09/2024;REC;7470
14/09/2024;SSA;9128
14/09/2024;TECA;138742
14/09/2024;VIX;13798
15/09/2024;BHZ;1474
15/09/2024;BSB;1755
15/09/2024;FOR;752
15/09/2024;RIO;20829
15/09/2024;POA;11856
15/09/2024;REC;3161
15/09/2024;SSA;5946
15/09/2024;TECA;73716
15/09/2024;VIX;1144
16/09/2024;BEL;5158
16/09/2024;BHZ;19585
16/09/2024;BSB;15056
16/09/2024;CGB;7041
16/09/2024;CGR;1417
16/09/2024;FOR;6611
16/09/2024;RIO;13746
16/09/2024;MAO;7552
16/09/2024;POA;11303
16/09/2024;REC;12651
16/09/2024;SSA;8779
16/09/2024;TECA;73818
16/09/2024;VIX;14919
17/09/2024;BEL;6510
17/09/2024;BHZ;11813
17/09/2024;BSB;12197
17/09/2024;CGB;10567
17/09/2024;CGR;2593
17/09/2024;FOR;4896
17/09/2024;RIO;28309
17/09/2024;MAO;421
17/09/2024;POA;10619
17/09/2024;REC;4398
17/09/2024;SSA;10086
17/09/2024;TECA;165302
17/09/2024;VIX;10514
18/09/2024;BEL;3723
18/09/2024;BHZ;18994
18/09/2024;BSB;8947
18/09/2024;CGB;6990
18/09/2024;CGR;3066
18/09/2024;FOR;3890
18/09/2024;RIO;32488
18/09/2024;MAO;1201
18/09/2024;POA;9026
18/09/2024;REC;8112
18/09/2024;SSA;6919
18/09/2024;TECA;159472
18/09/2024;VIX;16875
19/09/2024;BEL;4570
19/09/2024;BHZ;20076
19/09/2024;BSB;17709
19/09/2024;CGB;11653
19/09/2024;CGR;3692
19/09/2024;FOR;4555
19/09/2024;RIO;37009
19/09/2024;MAO;8935
19/09/2024;POA;16691
19/09/2024;REC;7748
19/09/2024;SSA;6990
19/09/2024;TECA;161978
19/09/2024;VIX;13595
20/09/2024;BEL;3667
20/09/2024;BHZ;21288
20/09/2024;BSB;12769
20/09/2024;CGB;3638
20/09/2024;CGR;2644
20/09/2024;FOR;1686
20/09/2024;RIO;41411
20/09/2024;MAO;3712
20/09/2024;POA;15063
20/09/2024;REC;7422
20/09/2024;SSA;10944
20/09/2024;TECA;170072
20/09/2024;VIX;14973
21/09/2024;BEL;2492
21/09/2024;BHZ;13905
21/09/2024;BSB;10269
21/09/2024;CGB;5771
21/09/2024;CGR;2386
21/09/2024;FOR;1806
21/09/2024;RIO;30199
21/09/2024;MAO;2886
21/09/2024;POA;12816
21/09/2024;REC;15233
21/09/2024;SSA;7249
21/09/2024;TECA;134856
21/09/2024;VIX;9389
22/09/2024;BEL;7996
22/09/2024;BHZ;163
22/09/2024;BSB;5626
22/09/2024;FOR;1842
22/09/2024;RIO;9208
22/09/2024;POA;5313
22/09/2024;REC;6953
22/09/2024;SSA;7781
22/09/2024;TECA;46728
22/09/2024;VIX;2876
23/09/2024;BEL;3265
23/09/2024;BHZ;13871
23/09/2024;BSB;11678
23/09/2024;CGB;12015
23/09/2024;CGR;2623
23/09/2024;FOR;4929
23/09/2024;RIO;15028
23/09/2024;MAO;6519
23/09/2024;POA;7958
23/09/2024;REC;9600
23/09/2024;SSA;9312
23/09/2024;TECA;66141
23/09/2024;VIX;11043
24/09/2024;BEL;6475
24/09/2024;BHZ;10946
24/09/2024;BSB;6291
24/09/2024;CGB;9611
24/09/2024;CGR;4118
24/09/2024;FOR;4403
24/09/2024;RIO;22860
24/09/2024;MAO;5134
24/09/2024;POA;7313
24/09/2024;REC;4943
24/09/2024;SSA;8198
24/09/2024;TECA;129394
24/09/2024;VIX;12958
25/09/2024;BEL;3707
25/09/2024;BHZ;14654
25/09/2024;BSB;8896
25/09/2024;CGB;11900
25/09/2024;CGR;3627
25/09/2024;FOR;1083
25/09/2024;RIO;28682
25/09/2024;MAO;1888
25/09/2024;POA;9456
25/09/2024;REC;6094
25/09/2024;SSA;7247
25/09/2024;TECA;127024
25/09/2024;VIX;12758
26/09/2024;BEL;2511
26/09/2024;BHZ;17343
26/09/2024;BSB;10857
26/09/2024;CGB;5186
26/09/2024;CGR;2663
26/09/2024;FOR;4423
26/09/2024;RIO;31513
26/09/2024;MAO;6482
26/09/2024;POA;12897
26/09/2024;REC;5388
26/09/2024;SSA;8973
26/09/2024;TECA;139672
26/09/2024;VIX;9984
27/09/2024;BEL;3566
27/09/2024;BHZ;16280
27/09/2024;BSB;8076
27/09/2024;CGB;8485
27/09/2024;CGR;3066
27/09/2024;FOR;2122
27/09/2024;RIO;27788
27/09/2024;MAO;3889
27/09/2024;POA;13908
27/09/2024;REC;8179
27/09/2024;SSA;6713
27/09/2024;TECA;147247
27/09/2024;VIX;11049
28/09/2024;BEL;3617
28/09/2024;BHZ;12270
28/09/2024;BSB;7755
28/09/2024;CGB;3477
28/09/2024;CGR;1132
28/09/2024;FOR;1841
28/09/2024;RIO;32053
28/09/2024;MAO;4655
28/09/2024;POA;6200
28/09/2024;REC;13083
28/09/2024;SSA;8090
28/09/2024;TECA;113497
28/09/2024;VIX;11539
29/09/2024;BEL;3551
29/09/2024;BHZ;1288
29/09/2024;BSB;4874
29/09/2024;FOR;2071
29/09/2024;RIO;6086
29/09/2024;POA;4983
29/09/2024;REC;4805
29/09/2024;SSA;6881
29/09/2024;TECA;37329
29/09/2024;VIX;354
30/09/2024;BEL;5657
30/09/2024;BHZ;14655
30/09/2024;BSB;7642
30/09/2024;CGB;9820
30/09/2024;CGR;2592
30/09/2024;FOR;5631
30/09/2024;RIO;16532
30/09/2024;MAO;5195
30/09/2024;POA;9014
30/09/2024;REC;8786
30/09/2024;SSA;8398
30/09/2024;TECA;45740
30/09/2024;VIX;10414
01/10/2024;BEL;4059
01/10/2024;BHZ;15626
01/10/2024;BSB;5552
01/10/2024;CGB;8737
01/10/2024;CGR;2026
01/10/2024;FOR;2565
01/10/2024;RIO;31652
01/10/2024;MAO;5169
01/10/2024;POA;10162
01/10/2024;REC;11812
01/10/2024;SSA;9524
01/10/2024;TECA;128247
01/10/2024;VIX;18229
02/10/2024;BEL;4864
02/10/2024;BHZ;18017
02/10/2024;BSB;9486
02/10/2024;CGB;4780
02/10/2024;CGR;3304
02/10/2024;FOR;4422
02/10/2024;RIO;34293
02/10/2024;MAO;4742
02/10/2024;POA;10391
02/10/2024;REC;6729
02/10/2024;SSA;8811
02/10/2024;TECA;162512
02/10/2024;VIX;12402
03/10/2024;BEL;3058
03/10/2024;BHZ;18016
03/10/2024;BSB;8471
03/10/2024;CGB;3630
03/10/2024;CGR;1269
03/10/2024;FOR;3984
03/10/2024;RIO;29751
03/10/2024;MAO;5903
03/10/2024;POA;13189
03/10/2024;REC;5354
03/10/2024;SSA;9088
03/10/2024;TECA;166062
03/10/2024;VIX;14131
04/10/2024;BEL;4116
04/10/2024;BHZ;16938
04/10/2024;BSB;12027
04/10/2024;CGB;9041
04/10/2024;CGR;2273
04/10/2024;FOR;1597
04/10/2024;RIO;32330
04/10/2024;MAO;6286
04/10/2024;POA;12199
04/10/2024;REC;8452
04/10/2024;SSA;10893
04/10/2024;TECA;148635
04/10/2024;VIX;10351
05/10/2024;BEL;3619
05/10/2024;BHZ;7088
05/10/2024;BSB;7768
05/10/2024;CGB;3509
05/10/2024;CGR;1929
05/10/2024;FOR;3261
05/10/2024;RIO;20216
05/10/2024;MAO;3570
05/10/2024;POA;5807
05/10/2024;REC;7235
05/10/2024;SSA;8458
05/10/2024;TECA;96510
05/10/2024;VIX;8506
06/10/2024;BHZ;1462
06/10/2024;BSB;4994
06/10/2024;FOR;867
06/10/2024;RIO;10650
06/10/2024;POA;3453
06/10/2024;REC;3138
06/10/2024;SSA;4782
06/10/2024;TECA;31871
06/10/2024;VIX;468
07/10/2024;BEL;4994
07/10/2024;BHZ;17295
07/10/2024;BSB;4083
07/10/2024;CGB;6398
07/10/2024;CGR;2627
07/10/2024;FOR;2837
07/10/2024;RIO;11284
07/10/2024;MAO;5717
07/10/2024;POA;7391
07/10/2024;REC;8670
07/10/2024;SSA;9902
07/10/2024;TECA;63888
07/10/2024;VIX;6902
08/10/2024;BEL;1860
08/10/2024;BHZ;13231
08/10/2024;BSB;4035
08/10/2024;CGB;8697
08/10/2024;CGR;1045
08/10/2024;FOR;5475
08/10/2024;RIO;31304
08/10/2024;MAO;6020
08/10/2024;POA;7278
08/10/2024;REC;9116
08/10/2024;SSA;7497
08/10/2024;TECA;143128
08/10/2024;VIX;13417
09/10/2024;BEL;4466
09/10/2024;BHZ;18275
09/10/2024;BSB;10013
09/10/2024;CGB;159
09/10/2024;CGR;1215
09/10/2024;FOR;2204
09/10/2024;RIO;35232
09/10/2024;MAO;6079
09/10/2024;POA;9250
09/10/2024;REC;5130
09/10/2024;SSA;7287
09/10/2024;TECA;156058
09/10/2024;VIX;15832
10/10/2024;BEL;3220
10/10/2024;BHZ;17604
10/10/2024;BSB;9488
10/10/2024;CGB;7313
10/10/2024;CGR;2465
10/10/2024;FOR;3045
10/10/2024;RIO;29610
10/10/2024;MAO;4704
10/10/2024;POA;11182
10/10/2024;REC;4865
10/10/2024;SSA;6248
10/10/2024;TECA;156187
10/10/2024;VIX;10629
11/10/2024;BEL;5085
11/10/2024;BHZ;15823
11/10/2024;BSB;10475
11/10/2024;CGB;3451
11/10/2024;CGR;1495
11/10/2024;FOR;3113
11/10/2024;RIO;30039
11/10/2024;MAO;8087
11/10/2024;POA;10836
11/10/2024;REC;7755
11/10/2024;SSA;8440
11/10/2024;TECA;149649
11/10/2024;VIX;15760
12/10/2024;BEL;2648
12/10/2024;BHZ;9508
12/10/2024;BSB;8023
12/10/2024;CGB;3176
12/10/2024;CGR;791
12/10/2024;RIO;24178
12/10/2024;MAO;2304
12/10/2024;POA;5417
12/10/2024;REC;5678
12/10/2024;SSA;6378
12/10/2024;TECA;94650
12/10/2024;VIX;10295
13/10/2024;BHZ;1289
13/10/2024;BSB;1524
13/10/2024;FOR;2655
13/10/2024;RIO;11931
13/10/2024;POA;5528
13/10/2024;REC;3510
13/10/2024;SSA;4874
13/10/2024;TECA;46669
13/10/2024;VIX;4529
14/10/2024;BEL;5602
14/10/2024;BHZ;17196
14/10/2024;BSB;5920
14/10/2024;CGB;8541
14/10/2024;CGR;2341
14/10/2024;FOR;4014
14/10/2024;RIO;12548
14/10/2024;MAO;5868
14/10/2024;POA;6732
14/10/2024;REC;9293
14/10/2024;SSA;4878
14/10/2024;TECA;94823
14/10/2024;VIX;7358
15/10/2024;BEL;3178
15/10/2024;BHZ;11553
15/10/2024;BSB;6217
15/10/2024;CGB;6274
15/10/2024;CGR;1782
15/10/2024;FOR;4409
15/10/2024;RIO;22134
15/10/2024;MAO;3466
15/10/2024;POA;3448
15/10/2024;REC;4382
15/10/2024;SSA;2318
15/10/2024;TECA;142228
15/10/2024;VIX;9513
16/10/2024;BEL;6223
16/10/2024;BHZ;22891
16/10/2024;BSB;16074
16/10/2024;CGB;6016
16/10/2024;CGR;2257
16/10/2024;FOR;2903
16/10/2024;RIO;37172
16/10/2024;MAO;5444
16/10/2024;POA;15034
16/10/2024;REC;7252
16/10/2024;SSA;13874
16/10/2024;TECA;169876
16/10/2024;VIX;16524
17/10/2024;BEL;4682
17/10/2024;BHZ;23473
17/10/2024;BSB;14730
17/10/2024;CGB;9010
17/10/2024;CGR;2690
17/10/2024;FOR;4634
17/10/2024;RIO;32694
17/10/2024;MAO;5946
17/10/2024;POA;16021
17/10/2024;REC;10092
17/10/2024;SSA;6056
17/10/2024;TECA;160291
17/10/2024;VIX;14744
18/10/2024;BEL;6036
18/10/2024;BHZ;18776
18/10/2024;BSB;9090
18/10/2024;CGB;11712
18/10/2024;CGR;3098
18/10/2024;FOR;1349
18/10/2024;RIO;30194
18/10/2024;MAO;6931
18/10/2024;POA;15115
18/10/2024;REC;7079
18/10/2024;SSA;11747
18/10/2024;TECA;152862
18/10/2024;VIX;12519
19/10/2024;BEL;2183
19/10/2024;BHZ;15427
19/10/2024;BSB;15715
19/10/2024;CGB;3904
19/10/2024;CGR;1421
19/10/2024;FOR;467
19/10/2024;RIO;22576
19/10/2024;MAO;2891
19/10/2024;POA;9894
19/10/2024;REC;11476
19/10/2024;SSA;13413
19/10/2024;TECA;119887
19/10/2024;VIX;9568
20/10/2024;BHZ;1309
20/10/2024;BSB;2248
20/10/2024;FOR;3129
20/10/2024;RIO;12137
20/10/2024;POA;5047
20/10/2024;REC;7123
20/10/2024;SSA;9608
20/10/2024;TECA;31005
20/10/2024;VIX;4666
21/10/2024;BEL;9487
21/10/2024;BHZ;16302
21/10/2024;BSB;10522
21/10/2024;CGB;10355
21/10/2024;CGR;3243
21/10/2024;FOR;5095
21/10/2024;RIO;9258
21/10/2024;MAO;9887
21/10/2024;POA;5527
21/10/2024;REC;5235
21/10/2024;SSA;6367
21/10/2024;TECA;55489
21/10/2024;VIX;10564
22/10/2024;BEL;7374
22/10/2024;BHZ;13769
22/10/2024;BSB;5048
22/10/2024;CGB;14304
22/10/2024;CGR;4004
22/10/2024;FOR;2160
22/10/2024;RIO;17018
22/10/2024;MAO;5263
22/10/2024;POA;10199
22/10/2024;REC;10192
22/10/2024;SSA;9532
22/10/2024;TECA;151882
22/10/2024;VIX;9822
23/10/2024;BEL;6443
23/10/2024;BHZ;15529
23/10/2024;BSB;10252
23/10/2024;CGB;4179
23/10/2024;CGR;1865
23/10/2024;FOR;2160
23/10/2024;RIO;29347
23/10/2024;MAO;433
23/10/2024;POA;9167
23/10/2024;REC;5773
23/10/2024;SSA;3945
23/10/2024;TECA;158770
23/10/2024;VIX;14573
24/10/2024;BEL;5121
24/10/2024;BHZ;18003
24/10/2024;BSB;12304
24/10/2024;CGB;3850
24/10/2024;CGR;1620
24/10/2024;FOR;3700
24/10/2024;RIO;30655
24/10/2024;MAO;11903
24/10/2024;POA;12969
24/10/2024;REC;7180
24/10/2024;SSA;12158
24/10/2024;TECA;149829
24/10/2024;VIX;12715
25/10/2024;BEL;5633
25/10/2024;BHZ;17724
25/10/2024;BSB;8772
25/10/2024;CGB;4701
25/10/2024;CGR;2570
25/10/2024;FOR;1544
25/10/2024;RIO;28968
25/10/2024;MAO;5761
25/10/2024;POA;11626
25/10/2024;REC;7634
25/10/2024;SSA;7669
25/10/2024;TECA;148388
25/10/2024;VIX;10808
26/10/2024;BEL;4965
26/10/2024;BHZ;15526
26/10/2024;BSB;10677
26/10/2024;CGB;4054
26/10/2024;CGR;1350
26/10/2024;FOR;1429
26/10/2024;RIO;27136
26/10/2024;MAO;2622
26/10/2024;POA;8924
26/10/2024;REC;8147
26/10/2024;SSA;8238
26/10/2024;TECA;112903
26/10/2024;VIX;9903
27/10/2024;BHZ;2369
27/10/2024;BSB;1803
27/10/2024;FOR;1651
27/10/2024;RIO;15782
27/10/2024;POA;5340
27/10/2024;REC;5839
27/10/2024;SSA;5977
27/10/2024;TECA;20450
27/10/2024;VIX;2937
28/10/2024;BEL;7473
28/10/2024;BHZ;13911
28/10/2024;BSB;12316
28/10/2024;CGB;11219
28/10/2024;CGR;2232
28/10/2024;FOR;2355
28/10/2024;RIO;14044
28/10/2024;MAO;9668
28/10/2024;POA;7197
28/10/2024;REC;10694
28/10/2024;SSA;9487
28/10/2024;TECA;44884
28/10/2024;VIX;9593
29/10/2024;BEL;6222
29/10/2024;BHZ;13968
29/10/2024;BSB;4911
29/10/2024;CGB;6662
29/10/2024;CGR;2259
29/10/2024;FOR;3968
29/10/2024;RIO;25322
29/10/2024;MAO;3354
29/10/2024;POA;8772
29/10/2024;REC;9435
29/10/2024;SSA;7765
29/10/2024;TECA;3
29/10/2024;VIX;11327
30/10/2024;BEL;4654
30/10/2024;BHZ;16485
30/10/2024;BSB;10277
30/10/2024;CGB;4440
30/10/2024;CGR;2083
30/10/2024;FOR;3187
30/10/2024;RIO;29225
30/10/2024;MAO;1287
30/10/2024;POA;10114
30/10/2024;REC;8432
30/10/2024;SSA;5596
30/10/2024;TECA;159203
30/10/2024;VIX;9466
31/10/2024;BEL;263
31/10/2024;BHZ;19736
31/10/2024;BSB;12556
31/10/2024;CGB;11068
31/10/2024;CGR;3279
31/10/2024;FOR;1900
31/10/2024;RIO;24747
31/10/2024;MAO;1784
31/10/2024;POA;13349
31/10/2024;REC;4750
31/10/2024;SSA;13153
31/10/2024;TECA;154299
31/10/2024;VIX;14078
01/11/2024;BEL;8975
01/11/2024;BHZ;20102
01/11/2024;BSB;9488
01/11/2024;CGB;3513
01/11/2024;CGR;1665
01/11/2024;FOR;1951
01/11/2024;RIO;31894
01/11/2024;MAO;8619
01/11/2024;POA;13292
01/11/2024;REC;9775
01/11/2024;SSA;5708
01/11/2024;TECA;141293
01/11/2024;VIX;14003
02/11/2024;BHZ;7505
02/11/2024;BSB;7507
02/11/2024;CGB;4088
02/11/2024;CGR;1024
02/11/2024;RIO;23845
02/11/2024;MAO;4213
02/11/2024;POA;7323
02/11/2024;REC;5010
02/11/2024;SSA;8195
02/11/2024;TECA;102984
02/11/2024;VIX;8355
03/11/2024;BHZ;2900
03/11/2024;BSB;2557
03/11/2024;FOR;2067
03/11/2024;RIO;8701
03/11/2024;POA;3906
03/11/2024;REC;12831
03/11/2024;SSA;13814
03/11/2024;TECA;21862
03/11/2024;VIX;8020
04/11/2024;BEL;11133
04/11/2024;BHZ;18603
04/11/2024;BSB;14255
04/11/2024;CGB;11014
04/11/2024;CGR;2667
04/11/2024;FOR;4757
04/11/2024;RIO;16692
04/11/2024;MAO;9618
04/11/2024;POA;11098
04/11/2024;REC;8550
04/11/2024;SSA;7602
04/11/2024;TECA;53423
04/11/2024;VIX;12072
05/11/2024;BEL;6282
05/11/2024;BHZ;16889
05/11/2024;BSB;4772
05/11/2024;CGB;10856
05/11/2024;CGR;3042
05/11/2024;FOR;5284
05/11/2024;RIO;28154
05/11/2024;MAO;7409
05/11/2024;POA;9965
05/11/2024;REC;10479
05/11/2024;SSA;9435
05/11/2024;TECA;142684
05/11/2024;VIX;17883
06/11/2024;BEL;5211
06/11/2024;BHZ;21112
06/11/2024;BSB;11596
06/11/2024;CGB;1880
06/11/2024;CGR;2241
06/11/2024;FOR;4704
06/11/2024;RIO;32720
06/11/2024;MAO;7168
06/11/2024;POA;9748
06/11/2024;REC;7141
06/11/2024;SSA;6133
06/11/2024;TECA;159449
06/11/2024;VIX;21384
07/11/2024;BEL;2181
07/11/2024;BHZ;24765
07/11/2024;BSB;14280
07/11/2024;CGB;4767
07/11/2024;CGR;2565
07/11/2024;FOR;2007
07/11/2024;RIO;37688
07/11/2024;MAO;7016
07/11/2024;POA;13994
07/11/2024;REC;5256
07/11/2024;SSA;11099
07/11/2024;TECA;176221
07/11/2024;VIX;22772
08/11/2024;BEL;5192
08/11/2024;BHZ;23486
08/11/2024;BSB;8875
08/11/2024;CGB;4554
08/11/2024;CGR;2629
08/11/2024;FOR;2738
08/11/2024;RIO;35125
08/11/2024;MAO;8115
08/11/2024;POA;14077
08/11/2024;REC;11970
08/11/2024;SSA;15583
08/11/2024;TECA;167816
08/11/2024;VIX;21143
09/11/2024;BEL;4497
09/11/2024;BHZ;12852
09/11/2024;BSB;15595
09/11/2024;CGB;5850
09/11/2024;CGR;1561
09/11/2024;FOR;68
09/11/2024;RIO;33863
09/11/2024;MAO;1299
09/11/2024;POA;8976
09/11/2024;REC;12124
09/11/2024;SSA;12561
09/11/2024;TECA;140925
09/11/2024;VIX;17887
10/11/2024;BHZ;4049
10/11/2024;BSB;2493
10/11/2024;FOR;4809
10/11/2024;RIO;15279
10/11/2024;POA;6680
10/11/2024;REC;7757
10/11/2024;SSA;3997
10/11/2024;TECA;60703
10/11/2024;VIX;7114
11/11/2024;BEL;8728
11/11/2024;BHZ;23663
11/11/2024;BSB;14112
11/11/2024;CGB;9722
11/11/2024;CGR;2737
11/11/2024;FOR;5245
11/11/2024;RIO;15835
11/11/2024;MAO;11932
11/11/2024;POA;12008
11/11/2024;REC;9293
11/11/2024;SSA;10601
11/11/2024;TECA;62729
11/11/2024;VIX;6898
12/11/2024;BEL;8193
12/11/2024;BHZ;18139
12/11/2024;BSB;6727
12/11/2024;CGB;11148
12/11/2024;CGR;3473
12/11/2024;FOR;5186
12/11/2024;RIO;31335
12/11/2024;MAO;5884
12/11/2024;POA;10633
12/11/2024;REC;10887
12/11/2024;SSA;12038
12/11/2024;TECA;184832
12/11/2024;VIX;18610
13/11/2024;BEL;7099
13/11/2024;BHZ;26391
13/11/2024;BSB;17278
13/11/2024;CGB;4853
13/11/2024;CGR;3275
13/11/2024;FOR;5675
13/11/2024;RIO;43793
13/11/2024;MAO;6925
13/11/2024;POA;15733
13/11/2024;REC;8453
13/11/2024;SSA;13725
13/11/2024;TECA;194269
13/11/2024;VIX;19233
14/11/2024;BEL;4490
14/11/2024;BHZ;29280
14/11/2024;BSB;17250
14/11/2024;CGB;8764
14/11/2024;CGR;6494
14/11/2024;FOR;3161
14/11/2024;RIO;43630
14/11/2024;MAO;9118
14/11/2024;POA;14799
14/11/2024;REC;9720
14/11/2024;SSA;9779
14/11/2024;TECA;198079
14/11/2024;VIX;19563
15/11/2024;BEL;4110
15/11/2024;BHZ;22314
15/11/2024;BSB;10730
15/11/2024;CGB;9702
15/11/2024;CGR;3557
15/11/2024;FOR;1063
15/11/2024;RIO;39760
15/11/2024;MAO;6718
15/11/2024;POA;11558
15/11/2024;REC;11453
15/11/2024;SSA;15097
15/11/2024;TECA;161119
15/11/2024;VIX;13773
16/11/2024;BEL;5369
16/11/2024;BHZ;14462
16/11/2024;BSB;12354
16/11/2024;CGB;6202
16/11/2024;CGR;1800
16/11/2024;FOR;102
16/11/2024;RIO;31417
16/11/2024;MAO;5806
16/11/2024;POA;11715
16/11/2024;REC;15557
16/11/2024;SSA;5669
16/11/2024;TECA;128767
16/11/2024;VIX;15606
17/11/2024;BHZ;2758
17/11/2024;BSB;2996
17/11/2024;FOR;2011
17/11/2024;RIO;14645
17/11/2024;POA;3529
17/11/2024;REC;7406
17/11/2024;SSA;13725
17/11/2024;TECA;59940
17/11/2024;VIX;8425
18/11/2024;BEL;7204
18/11/2024;BHZ;19670
18/11/2024;BSB;11314
18/11/2024;CGB;14865
18/11/2024;CGR;4161
18/11/2024;FOR;5597
18/11/2024;RIO;12506
18/11/2024;MAO;7028
18/11/2024;POA;10348
18/11/2024;REC;9484
18/11/2024;SSA;7504
18/11/2024;VIX;3724
19/11/2024;BEL;11092
19/11/2024;BHZ;17669
19/11/2024;BSB;10115
19/11/2024;CGB;15357
19/11/2024;CGR;3851
19/11/2024;FOR;6605
19/11/2024;RIO;35050
19/11/2024;MAO;7944
19/11/2024;POA;10671
19/11/2024;REC;7477
19/11/2024;SSA;8469
19/11/2024;TECA;190034
19/11/2024;VIX;15786
20/11/2024;BEL;120
20/11/2024;BHZ;22400
20/11/2024;BSB;10361
20/11/2024;CGB;12259
20/11/2024;CGR;5354
20/11/2024;FOR;3459
20/11/2024;RIO;47474
20/11/2024;MAO;11515
20/11/2024;POA;9829
20/11/2024;REC;10905
20/11/2024;SSA;4091
20/11/2024;TECA;150497
20/11/2024;VIX;16519
21/11/2024;BEL;5909
21/11/2024;BHZ;26346
21/11/2024;BSB;15318
21/11/2024;CGB;15107
21/11/2024;CGR;4071
21/11/2024;FOR;7904
21/11/2024;RIO;26206
21/11/2024;MAO;7609
21/11/2024;POA;10448
21/11/2024;REC;7446
21/11/2024;SSA;15957
21/11/2024;TECA;166191
21/11/2024;VIX;17180
22/11/2024;BEL;4746
22/11/2024;BHZ;21376
22/11/2024;BSB;9491
22/11/2024;CGB;5438
22/11/2024;CGR;2324
22/11/2024;FOR;2561
22/11/2024;RIO;32668
22/11/2024;MAO;7713
22/11/2024;POA;12947
22/11/2024;REC;7743
22/11/2024;SSA;7411
22/11/2024;TECA;204595
22/11/2024;VIX;18855
23/11/2024;BEL;6925
23/11/2024;BHZ;22138
23/11/2024;BSB;6421
23/11/2024;CGB;7663
23/11/2024;CGR;1991
23/11/2024;FOR;237
23/11/2024;RIO;36133
23/11/2024;MAO;4159
23/11/2024;POA;7680
23/11/2024;REC;8545
23/11/2024;SSA;8613
23/11/2024;TECA;172258
23/11/2024;VIX;14321
24/11/2024;BHZ;11397
24/11/2024;BSB;1949
24/11/2024;FOR;4584
24/11/2024;RIO;28996
24/11/2024;POA;2262
24/11/2024;REC;7118
24/11/2024;SSA;10413
24/11/2024;TECA;90613
24/11/2024;VIX;8512
25/11/2024;BEL;5430
25/11/2024;BHZ;18637
25/11/2024;BSB;18040
25/11/2024;CGB;7367
25/11/2024;CGR;2364
25/11/2024;FOR;6482
25/11/2024;RIO;36447
25/11/2024;MAO;8059
25/11/2024;POA;14517
25/11/2024;REC;3310
25/11/2024;SSA;5465
25/11/2024;TECA;100849
25/11/2024;VIX;10955
26/11/2024;BEL;5267
26/11/2024;BHZ;22642
26/11/2024;BSB;9710
26/11/2024;CGB;6253
26/11/2024;CGR;3112
26/11/2024;FOR;6516
26/11/2024;RIO;36830
26/11/2024;MAO;9892
26/11/2024;POA;10386
26/11/2024;REC;9799
26/11/2024;SSA;5767
26/11/2024;TECA;190789
26/11/2024;VIX;16851
27/11/2024;BEL;4297
27/11/2024;BHZ;22296
27/11/2024;BSB;12821
27/11/2024;CGB;4115
27/11/2024;CGR;1530
27/11/2024;FOR;6876
27/11/2024;RIO;37149
27/11/2024;MAO;351
27/11/2024;POA;11232
27/11/2024;REC;5023
27/11/2024;SSA;8740
27/11/2024;TECA;190148
27/11/2024;VIX;16633
28/11/2024;BEL;3168
28/11/2024;BHZ;25404
28/11/2024;BSB;12110
28/11/2024;CGB;2044
28/11/2024;CGR;1252
28/11/2024;FOR;4410
28/11/2024;RIO;40314
28/11/2024;MAO;13403
28/11/2024;POA;14994
28/11/2024;REC;9632
28/11/2024;SSA;4458
28/11/2024;TECA;184375
28/11/2024;VIX;20312
29/11/2024;BEL;4617
29/11/2024;BHZ;27339
29/11/2024;BSB;12895
29/11/2024;CGB;5472
29/11/2024;CGR;1428
29/11/2024;FOR;3909
29/11/2024;RIO;48333
29/11/2024;MAO;5152
29/11/2024;POA;13592
29/11/2024;REC;9971
29/11/2024;SSA;10450
29/11/2024;TECA;201896
29/11/2024;VIX;17629
30/11/2024;BEL;3372
30/11/2024;BHZ;21892
30/11/2024;BSB;7909
30/11/2024;CGB;7156
30/11/2024;CGR;1467
30/11/2024;FOR;1339
30/11/2024;RIO;42833
30/11/2024;MAO;6337
30/11/2024;POA;13408
30/11/2024;REC;13222
30/11/2024;SSA;10751
30/11/2024;TECA;165284
30/11/2024;VIX;16589
01/12/2024;BHZ;14003
01/12/2024;BSB;7132
01/12/2024;FOR;4727
01/12/2024;RIO;25009
01/12/2024;POA;5891
01/12/2024;REC;6574
01/12/2024;SSA;13752
01/12/2024;TECA;117013
01/12/2024;VIX;11636
02/12/2024;BEL;6845
02/12/2024;BHZ;23037
02/12/2024;BSB;9650
02/12/2024;CGB;3403
02/12/2024;CGR;2172
02/12/2024;FOR;4920
02/12/2024;RIO;42353
02/12/2024;MAO;10397
02/12/2024;POA;5713
02/12/2024;REC;8166
02/12/2024;SSA;9836
02/12/2024;TECA;121456
02/12/2024;VIX;21108
03/12/2024;BEL;8357
03/12/2024;BHZ;30716
03/12/2024;BSB;14775
03/12/2024;CGB;9005
03/12/2024;CGR;2168
03/12/2024;FOR;6277
03/12/2024;RIO;49872
03/12/2024;MAO;7478
03/12/2024;POA;18639
03/12/2024;REC;15356
03/12/2024;SSA;14932
03/12/2024;TECA;210641
03/12/2024;VIX;25702
04/12/2024;BEL;8464
04/12/2024;BHZ;33549
04/12/2024;BSB;13931
04/12/2024;CGB;18
04/12/2024;CGR;1820
04/12/2024;FOR;5581
04/12/2024;RIO;62054
04/12/2024;MAO;7415
04/12/2024;POA;19738
04/12/2024;REC;16129
04/12/2024;SSA;8194
04/12/2024;TECA;230427
04/12/2024;VIX;22984
05/12/2024;BEL;3864
05/12/2024;BHZ;34387
05/12/2024;BSB;16768
05/12/2024;CGB;7996
05/12/2024;CGR;4775
05/12/2024;FOR;6401
05/12/2024;RIO;54732
05/12/2024;MAO;11925
05/12/2024;POA;17177
05/12/2024;REC;15691
05/12/2024;SSA;9273
05/12/2024;TECA;242278
05/12/2024;VIX;21811
06/12/2024;BEL;6655
06/12/2024;BHZ;35590
06/12/2024;BSB;17575
06/12/2024;CGB;9172
06/12/2024;CGR;2506
06/12/2024;FOR;5371
06/12/2024;RIO;50965
06/12/2024;MAO;10102
06/12/2024;POA;21721
06/12/2024;REC;13490
06/12/2024;SSA;15609
06/12/2024;TECA;266421
06/12/2024;VIX;23583
07/12/2024;BEL;2538
07/12/2024;BHZ;16394
07/12/2024;BSB;12917
07/12/2024;CGB;3871
07/12/2024;CGR;785
07/12/2024;FOR;1406
07/12/2024;RIO;47044
07/12/2024;MAO;1862
07/12/2024;POA;17857
07/12/2024;REC;16287
07/12/2024;SSA;19607
07/12/2024;TECA;221113
07/12/2024;VIX;14961
08/12/2024;BEL;3817
08/12/2024;BHZ;8832
08/12/2024;BSB;8310
08/12/2024;FOR;3715
08/12/2024;RIO;29712
08/12/2024;POA;6317
08/12/2024;REC;6776
08/12/2024;SSA;13624
08/12/2024;TECA;115187
08/12/2024;VIX;4632
09/12/2024;BEL;5310
09/12/2024;BHZ;18509
09/12/2024;BSB;21372
09/12/2024;CGB;9443
09/12/2024;CGR;2620
09/12/2024;FOR;4909
09/12/2024;RIO;29981
09/12/2024;MAO;11318
09/12/2024;POA;10005
09/12/2024;REC;11331
09/12/2024;SSA;13175
09/12/2024;TECA;136376
09/12/2024;VIX;12530
10/12/2024;BEL;5689
10/12/2024;BHZ;24627
10/12/2024;BSB;17809
10/12/2024;CGB;8671
10/12/2024;CGR;4405
10/12/2024;FOR;4822
10/12/2024;RIO;37835
10/12/2024;MAO;9577
10/12/2024;POA;12354
10/12/2024;REC;14065
10/12/2024;SSA;12115
10/12/2024;TECA;209140
10/12/2024;VIX;18465
11/12/2024;BEL;6324
11/12/2024;BHZ;30505
11/12/2024;BSB;13489
11/12/2024;CGB;1452
11/12/2024;CGR;2907
11/12/2024;FOR;5364
11/12/2024;RIO;50371
11/12/2024;MAO;1174
11/12/2024;POA;13894
11/12/2024;REC;12897
11/12/2024;SSA;11868
11/12/2024;TECA;230071
11/12/2024;VIX;14157
12/12/2024;BEL;6805
12/12/2024;BHZ;33994
12/12/2024;BSB;14734
12/12/2024;CGB;12922
12/12/2024;CGR;3228
12/12/2024;FOR;5383
12/12/2024;RIO;48084
12/12/2024;MAO;10808
12/12/2024;POA;19638
12/12/2024;REC;15307
12/12/2024;SSA;16339
12/12/2024;TECA;200820
12/12/2024;VIX;21956
13/12/2024;BEL;4847
13/12/2024;BHZ;24790
13/12/2024;BSB;15798
13/12/2024;CGB;19695
13/12/2024;CGR;2614
13/12/2024;FOR;3691
13/12/2024;RIO;51288
13/12/2024;MAO;10185
13/12/2024;POA;14628
13/12/2024;REC;14831
13/12/2024;SSA;16651
13/12/2024;TECA;197185
13/12/2024;VIX;19795
14/12/2024;BEL;5011
14/12/2024;BHZ;28936
14/12/2024;BSB;11137
14/12/2024;CGB;9628
14/12/2024;CGR;3274
14/12/2024;FOR;2345
14/12/2024;RIO;41674
14/12/2024;MAO;7252
14/12/2024;POA;10810
14/12/2024;REC;14962
14/12/2024;SSA;11275
14/12/2024;TECA;181723
14/12/2024;VIX;17813
15/12/2024;BEL;4185
15/12/2024;BHZ;12189
15/12/2024;BSB;7922
15/12/2024;FOR;2810
15/12/2024;RIO;20035
15/12/2024;POA;11635
15/12/2024;REC;7116
15/12/2024;SSA;10421
15/12/2024;TECA;82140
15/12/2024;VIX;3081
16/12/2024;BEL;5897
16/12/2024;BHZ;15841
16/12/2024;BSB;15709
16/12/2024;CGB;12341
16/12/2024;CGR;4357
16/12/2024;FOR;3184
16/12/2024;RIO;27878
16/12/2024;MAO;8339
16/12/2024;POA;11049
16/12/2024;REC;9936
16/12/2024;SSA;10574
16/12/2024;TECA;77809
16/12/2024;VIX;16952
17/12/2024;BEL;7123
17/12/2024;BHZ;21232
17/12/2024;BSB;18669
17/12/2024;CGB;3849
17/12/2024;CGR;2202
17/12/2024;FOR;6974
17/12/2024;RIO;31921
17/12/2024;MAO;7367
17/12/2024;POA;13029
17/12/2024;REC;10637
17/12/2024;SSA;9646
17/12/2024;TECA;178968
17/12/2024;VIX;16962
18/12/2024;BEL;5545
18/12/2024;BHZ;21770
18/12/2024;BSB;12958
18/12/2024;CGB;13097
18/12/2024;CGR;5560
18/12/2024;FOR;3573
18/12/2024;RIO;44654
18/12/2024;MAO;2415
18/12/2024;POA;13932
18/12/2024;REC;13924
18/12/2024;SSA;8922
18/12/2024;TECA;179775
18/12/2024;VIX;14166
19/12/2024;BEL;9189
19/12/2024;BHZ;27372
19/12/2024;BSB;16453
19/12/2024;CGB;13301
19/12/2024;CGR;2884
19/12/2024;FOR;2896
19/12/2024;RIO;50981
19/12/2024;MAO;8204
19/12/2024;POA;13694
19/12/2024;REC;6455
19/12/2024;SSA;10668
19/12/2024;TECA;190514
19/12/2024;VIX;15632
20/12/2024;BEL;4663
20/12/2024;BHZ;26018
20/12/2024;BSB;10786
20/12/2024;CGB;11575
20/12/2024;CGR;3894
20/12/2024;FOR;1486
20/12/2024;RIO;39354
20/12/2024;MAO;7775
20/12/2024;POA;9649
20/12/2024;REC;6164
20/12/2024;SSA;13261
20/12/2024;TECA;201431
20/12/2024;VIX;11940
21/12/2024;BEL;243
21/12/2024;BHZ;11826
21/12/2024;BSB;7599
21/12/2024;CGB;4867
21/12/2024;CGR;1352
21/12/2024;FOR;15
21/12/2024;RIO;27308
21/12/2024;MAO;8047
21/12/2024;POA;6615
21/12/2024;REC;14854
21/12/2024;SSA;5894
21/12/2024;TECA;155447
21/12/2024;VIX;10649
22/12/2024;BEL;2666
22/12/2024;BHZ;7032
22/12/2024;BSB;1767
22/12/2024;CGR;1022
22/12/2024;FOR;2822
22/12/2024;RIO;21657
22/12/2024;POA;2628
22/12/2024;REC;2262
22/12/2024;SSA;13428
22/12/2024;TECA;47774
22/12/2024;VIX;1163
23/12/2024;BEL;6758
23/12/2024;BHZ;20362
23/12/2024;BSB;14119
23/12/2024;CGB;9797
23/12/2024;CGR;3941
23/12/2024;FOR;3730
23/12/2024;RIO;19993
23/12/2024;MAO;5307
23/12/2024;POA;16029
23/12/2024;REC;7559
23/12/2024;SSA;9553
23/12/2024;TECA;95769
23/12/2024;VIX;8246
24/12/2024;BEL;4424
24/12/2024;BHZ;4660
24/12/2024;BSB;9991
24/12/2024;CGB;4100
24/12/2024;FOR;4596
24/12/2024;RIO;24102
24/12/2024;MAO;642
24/12/2024;POA;3339
24/12/2024;REC;7829
24/12/2024;SSA;3821
24/12/2024;TECA;113707
24/12/2024;VIX;10203
25/12/2024;RIO;97
25/12/2024;POA;2654
25/12/2024;REC;6266
25/12/2024;SSA;4991
25/12/2024;TECA;6657
26/12/2024;BEL;7464
26/12/2024;BHZ;23948
26/12/2024;BSB;12969
26/12/2024;CGR;4295
26/12/2024;FOR;2540
26/12/2024;RIO;28066
26/12/2024;MAO;6985
26/12/2024;POA;7675
26/12/2024;REC;10244
26/12/2024;SSA;2732
26/12/2024;TECA;146214
26/12/2024;VIX;8278
27/12/2024;BEL;5912
27/12/2024;BHZ;17540
27/12/2024;BSB;12722
27/12/2024;CGB;9555
27/12/2024;CGR;3004
27/12/2024;FOR;3032
27/12/2024;RIO;34059
27/12/2024;MAO;5594
27/12/2024;POA;8104
27/12/2024;REC;1949
27/12/2024;SSA;5769
27/12/2024;TECA;164112
27/12/2024;VIX;14789
28/12/2024;BEL;7432
28/12/2024;BHZ;14410
28/12/2024;BSB;11187
28/12/2024;CGB;10649
28/12/2024;CGR;2884
28/12/2024;FOR;466
28/12/2024;RIO;33220
28/12/2024;MAO;6293
28/12/2024;POA;2451
28/12/2024;REC;6335
28/12/2024;SSA;7013
28/12/2024;TECA;133582
28/12/2024;VIX;15514
29/12/2024;BHZ;2729
29/12/2024;BSB;2770
29/12/2024;FOR;2081
29/12/2024;RIO;11983
29/12/2024;POA;3247
29/12/2024;REC;3419
29/12/2024;SSA;6049
29/12/2024;TECA;46709
29/12/2024;VIX;1474
30/12/2024;BEL;7366
30/12/2024;BHZ;14823
30/12/2024;BSB;12566
30/12/2024;CGB;9312
30/12/2024;CGR;4958
30/12/2024;FOR;4469
30/12/2024;RIO;13862
30/12/2024;MAO;8733
30/12/2024;POA;12969
30/12/2024;REC;9799
30/12/2024;SSA;9477
30/12/2024;TECA;62789
30/12/2024;VIX;8119
31/12/2024;BEL;6798
31/12/2024;BHZ;2545
31/12/2024;BSB;2140
31/12/2024;CGB;4177
31/12/2024;FOR;2803
31/12/2024;RIO;8878
31/12/2024;MAO;7084
31/12/2024;POA;1303
31/12/2024;REC;8389
31/12/2024;SSA;7332
31/12/2024;TECA;90965
31/12/2024;VIX;9670
01/01/2025;RIO;2784
01/01/2025;POA;1916
01/01/2025;REC;1180
01/01/2025;TECA;94186
02/01/2025;BEL;4201
02/01/2025;BHZ;17794
02/01/2025;BSB;7815
02/01/2025;CGB;7969
02/01/2025;CGR;3216
02/01/2025;FOR;2679
02/01/2025;RIO;16545
02/01/2025;MAO;5637
02/01/2025;POA;3185
02/01/2025;REC;4861
02/01/2025;SSA;3851
02/01/2025;TECA;139982
02/01/2025;VIX;7992
03/01/2025;BEL;5158
03/01/2025;BHZ;13472
03/01/2025;BSB;9334
03/01/2025;CGB;29
03/01/2025;CGR;3827
03/01/2025;FOR;1915
03/01/2025;RIO;32365
03/01/2025;MAO;8815
03/01/2025;POA;4994
03/01/2025;REC;8299
03/01/2025;SSA;8172
03/01/2025;TECA;135500
03/01/2025;VIX;13317
04/01/2025;BEL;815
04/01/2025;BHZ;10031
04/01/2025;BSB;11120
04/01/2025;CGB;3957
04/01/2025;CGR;846
04/01/2025;RIO;18304
04/01/2025;MAO;386
04/01/2025;POA;6289
04/01/2025;REC;2343
04/01/2025;SSA;3688
04/01/2025;TECA;34847
04/01/2025;VIX;14119
05/01/2025;BEL;118
05/01/2025;BHZ;3392
05/01/2025;BSB;2948
05/01/2025;FOR;1804
05/01/2025;RIO;8916
05/01/2025;POA;9837
05/01/2025;REC;5313
05/01/2025;SSA;12967
05/01/2025;TECA;66895
05/01/2025;VIX;2292
06/01/2025;BEL;5935
06/01/2025;BHZ;15233
06/01/2025;BSB;11407
06/01/2025;CGB;13890
06/01/2025;CGR;3111
06/01/2025;FOR;4546
06/01/2025;RIO;10260
06/01/2025;MAO;3947
06/01/2025;POA;7317
06/01/2025;REC;9634
06/01/2025;SSA;5724
06/01/2025;TECA;158210
06/01/2025;VIX;8501
07/01/2025;BEL;6360
07/01/2025;BHZ;15027
07/01/2025;BSB;5602
07/01/2025;CGB;12406
07/01/2025;CGR;2830
07/01/2025;FOR;2730
07/01/2025;RIO;29700
07/01/2025;MAO;661
07/01/2025;POA;7929
07/01/2025;REC;4911
07/01/2025;SSA;7840
07/01/2025;TECA;174631
07/01/2025;VIX;10384
08/01/2025;BEL;5055
08/01/2025;BHZ;19026
08/01/2025;BSB;10430
08/01/2025;CGB;350
08/01/2025;CGR;2697
08/01/2025;FOR;2556
08/01/2025;RIO;30685
08/01/2025;MAO;6776
08/01/2025;POA;7455
08/01/2025;REC;6843
08/01/2025;SSA;6927
08/01/2025;TECA;170965
08/01/2025;VIX;13450
09/01/2025;BEL;488
09/01/2025;BHZ;19250
09/01/2025;BSB;12383
09/01/2025;CGB;6208
09/01/2025;CGR;2644
09/01/2025;FOR;1625
09/01/2025;RIO;33744
09/01/2025;MAO;7559
09/01/2025;POA;9377
09/01/2025;REC;3567
09/01/2025;SSA;9203
09/01/2025;TECA;179074
09/01/2025;VIX;14942
10/01/2025;BEL;4805
10/01/2025;BHZ;18431
10/01/2025;BSB;9768
10/01/2025;CGB;4637
10/01/2025;CGR;1672
10/01/2025;FOR;2371
10/01/2025;RIO;31286
10/01/2025;MAO;11193
10/01/2025;POA;17148
10/01/2025;REC;7047
10/01/2025;SSA;12269
10/01/2025;TECA;155587
10/01/2025;VIX;16376
11/01/2025;BEL;4586
11/01/2025;BHZ;12204
11/01/2025;BSB;10150
11/01/2025;CGR;2150
11/01/2025;FOR;521
11/01/2025;RIO;20879
11/01/2025;MAO;332
11/01/2025;POA;7825
11/01/2025;REC;9520
11/01/2025;SSA;11334
11/01/2025;TECA;61068
11/01/2025;VIX;14243
12/01/2025;BEL;3271
12/01/2025;BHZ;2903
12/01/2025;BSB;2075
12/01/2025;FOR;2346
12/01/2025;RIO;11896
12/01/2025;POA;8185
12/01/2025;REC;8217
12/01/2025;SSA;6054
12/01/2025;TECA;84631
12/01/2025;VIX;1378
13/01/2025;BEL;6498
13/01/2025;BHZ;18059
13/01/2025;BSB;15169
13/01/2025;CGB;14679
13/01/2025;CGR;3046
13/01/2025;FOR;3918
13/01/2025;RIO;14409
13/01/2025;MAO;3922
13/01/2025;POA;5534
13/01/2025;REC;10334
13/01/2025;SSA;10336
13/01/2025;TECA;181282
13/01/2025;VIX;13648
14/01/2025;BEL;1357
14/01/2025;BHZ;14165
14/01/2025;BSB;8920
14/01/2025;CGB;6584
14/01/2025;CGR;2426
14/01/2025;FOR;4143
14/01/2025;RIO;29404
14/01/2025;MAO;666
14/01/2025;POA;8322
14/01/2025;REC;7150
14/01/2025;SSA;9777
14/01/2025;TECA;181692
14/01/2025;VIX;15777
15/01/2025;BEL;911
15/01/2025;BHZ;20244
15/01/2025;BSB;11516
15/01/2025;CGB;10631
15/01/2025;CGR;1979
15/01/2025;FOR;5731
15/01/2025;RIO;37076
15/01/2025;MAO;6743
15/01/2025;POA;10326
15/01/2025;REC;6541
15/01/2025;SSA;1622
15/01/2025;TECA;180375
15/01/2025;VIX;15761
16/01/2025;BEL;5151
16/01/2025;BHZ;16745
16/01/2025;BSB;11916
16/01/2025;CGB;2
16/01/2025;CGR;2827
16/01/2025;FOR;2088
16/01/2025;RIO;40785
16/01/2025;MAO;9756
16/01/2025;POA;10250
16/01/2025;REC;4463
16/01/2025;SSA;8505
16/01/2025;TECA;187550
16/01/2025;VIX;14662
17/01/2025;BEL;4816
17/01/2025;BHZ;19704
17/01/2025;BSB;11140
17/01/2025;CGB;11426
17/01/2025;CGR;3368
17/01/2025;FOR;7613
17/01/2025;RIO;31629
17/01/2025;MAO;4086
17/01/2025;POA;14894
17/01/2025;REC;14005
17/01/2025;SSA;12332
17/01/2025;TECA;144796
17/01/2025;VIX;15926
18/01/2025;BEL;4713
18/01/2025;BHZ;12214
18/01/2025;BSB;9719
18/01/2025;CGB;10185
18/01/2025;CGR;2082
18/01/2025;FOR;140
18/01/2025;RIO;28319
18/01/2025;MAO;4289
18/01/2025;POA;9685
18/01/2025;REC;7766
18/01/2025;SSA;14312
18/01/2025;TECA;74133
18/01/2025;VIX;11503
19/01/2025;BHZ;3345
19/01/2025;BSB;1857
19/01/2025;FOR;3937
19/01/2025;RIO;8926
19/01/2025;POA;2095
19/01/2025;REC;7408
19/01/2025;SSA;11320
19/01/2025;TECA;85675
19/01/2025;VIX;3886
20/01/2025;BEL;6525
20/01/2025;BHZ;18343
20/01/2025;BSB;13774
20/01/2025;CGB;12375
20/01/2025;CGR;1615
20/01/2025;FOR;4595
20/01/2025;RIO;13577
20/01/2025;MAO;6238
20/01/2025;POA;12202
20/01/2025;REC;7033
20/01/2025;SSA;6452
20/01/2025;TECA;190951
20/01/2025;VIX;12020
21/01/2025;BEL;8149
21/01/2025;BHZ;17188
21/01/2025;BSB;8298
21/01/2025;CGB;11613
21/01/2025;CGR;3792
21/01/2025;FOR;5800
21/01/2025;RIO;25392
21/01/2025;MAO;8752
21/01/2025;POA;9178
21/01/2025;REC;7409
21/01/2025;SSA;7719
21/01/2025;TECA;169861
21/01/2025;VIX;12303
22/01/2025;BEL;6508
22/01/2025;BHZ;23132
22/01/2025;BSB;9192
22/01/2025;CGB;22
22/01/2025;CGR;4739
22/01/2025;FOR;6544
22/01/2025;RIO;37205
22/01/2025;MAO;3456
22/01/2025;POA;8351
22/01/2025;REC;6752
22/01/2025;SSA;6848
22/01/2025;TECA;173677
22/01/2025;VIX;14336
23/01/2025;BEL;4641
23/01/2025;BHZ;18408
23/01/2025;BSB;10640
23/01/2025;CGB;4489
23/01/2025;CGR;3143
23/01/2025;FOR;6242
23/01/2025;RIO;30253
23/01/2025;MAO;7164
23/01/2025;POA;13556
23/01/2025;REC;7745
23/01/2025;SSA;5747
23/01/2025;TECA;176552
23/01/2025;VIX;15323
24/01/2025;BEL;5430
24/01/2025;BHZ;18682
24/01/2025;BSB;8330
24/01/2025;CGB;3582
24/01/2025;CGR;2495
24/01/2025;FOR;2594
24/01/2025;RIO;37588
24/01/2025;MAO;7562
24/01/2025;POA;8736
24/01/2025;REC;11685
24/01/2025;SSA;10293
24/01/2025;TECA;119940
24/01/2025;VIX;15075
25/01/2025;BEL;4043
25/01/2025;BHZ;14450
25/01/2025;BSB;10701
25/01/2025;CGB;2263
25/01/2025;CGR;1460
25/01/2025;FOR;1898
25/01/2025;RIO;32380
25/01/2025;MAO;3053
25/01/2025;POA;10280
25/01/2025;REC;6521
25/01/2025;SSA;7218
25/01/2025;TECA;61087
25/01/2025;VIX;12932
26/01/2025;BEL;1373
26/01/2025;BHZ;3326
26/01/2025;BSB;1683
26/01/2025;FOR;1657
26/01/2025;RIO;20475
26/01/2025;POA;3013
26/01/2025;REC;11359
26/01/2025;SSA;9938
26/01/2025;TECA;130641
26/01/2025;VIX;4959
27/01/2025;BEL;7179
27/01/2025;BHZ;19004
27/01/2025;BSB;13610
27/01/2025;CGB;8213
27/01/2025;CGR;2618
27/01/2025;FOR;3558
27/01/2025;RIO;23135
27/01/2025;MAO;5993
27/01/2025;POA;10040
27/01/2025;REC;8372
27/01/2025;SSA;10780
27/01/2025;TECA;172791
27/01/2025;VIX;12227
28/01/2025;BEL;5194
28/01/2025;BHZ;17138
28/01/2025;BSB;7176
28/01/2025;CGB;4602
28/01/2025;CGR;2961
28/01/2025;FOR;5333
28/01/2025;RIO;36760
28/01/2025;MAO;1181
28/01/2025;POA;9601
28/01/2025;REC;8265
28/01/2025;SSA;11440
28/01/2025;TECA;179222
28/01/2025;VIX;13314
29/01/2025;BEL;1926
29/01/2025;BHZ;18677
29/01/2025;BSB;12059
29/01/2025;CGB;4842
29/01/2025;CGR;2768
29/01/2025;FOR;2356
29/01/2025;RIO;35203
29/01/2025;MAO;7039
29/01/2025;POA;10606
29/01/2025;REC;6259
29/01/2025;SSA;5862
29/01/2025;TECA;172503
29/01/2025;VIX;13366
30/01/2025;BEL;4800
30/01/2025;BHZ;20668
30/01/2025;BSB;12504
30/01/2025;CGB;13209
30/01/2025;CGR;3177
30/01/2025;FOR;3373
30/01/2025;RIO;37743
30/01/2025;MAO;6973
30/01/2025;POA;10772
30/01/2025;REC;4787
30/01/2025;SSA;9073
30/01/2025;TECA;170008
30/01/2025;VIX;12121
31/01/2025;BEL;4432
31/01/2025;BHZ;19801
31/01/2025;BSB;13121
31/01/2025;CGB;10035
31/01/2025;CGR;2555
31/01/2025;FOR;3675
31/01/2025;RIO;29839
31/01/2025;MAO;3076
31/01/2025;POA;11548
31/01/2025;REC;9867
31/01/2025;SSA;9993
31/01/2025;TECA;122022
31/01/2025;VIX;14000
01/02/2025;BEL;4029
01/02/2025;BHZ;12031
01/02/2025;BSB;9704
01/02/2025;CGB;14018
01/02/2025;CGR;4013
01/02/2025;FOR;103
01/02/2025;RIO;30945
01/02/2025;MAO;1483
01/02/2025;POA;6284
01/02/2025;REC;3796
01/02/2025;SSA;11676
01/02/2025;TECA;78100
01/02/2025;VIX;12348
02/02/2025;BEL;4274
02/02/2025;BHZ;5972
02/02/2025;BSB;1917
02/02/2025;FOR;751
02/02/2025;RIO;22408
02/02/2025;POA;3605
02/02/2025;REC;10911
02/02/2025;SSA;8088
02/02/2025;TECA;101695
02/02/2025;VIX;2899
03/02/2025;BEL;4991
03/02/2025;BHZ;19295
03/02/2025;BSB;9036
03/02/2025;CGB;7558
03/02/2025;CGR;2771
03/02/2025;FOR;4339
03/02/2025;RIO;19188
03/02/2025;MAO;4607
03/02/2025;POA;9312
03/02/2025;REC;9891
03/02/2025;SSA;9382
03/02/2025;TECA;160344
03/02/2025;VIX;10063
04/02/2025;BEL;5030
04/02/2025;BHZ;14188
04/02/2025;BSB;10730
04/02/2025;CGB;4255
04/02/2025;CGR;4573
04/02/2025;FOR;4300
04/02/2025;RIO;35742
04/02/2025;MAO;4239
04/02/2025;POA;10727
04/02/2025;REC;9466
04/02/2025;SSA;10751
04/02/2025;TECA;158599
04/02/2025;VIX;11724
05/02/2025;BEL;4334
05/02/2025;BHZ;14168
05/02/2025;BSB;11554
05/02/2025;CGB;6228
05/02/2025;CGR;2193
05/02/2025;FOR;4889
05/02/2025;RIO;29967
05/02/2025;MAO;4643
05/02/2025;POA;9600
05/02/2025;REC;4270
05/02/2025;SSA;8444
05/02/2025;TECA;178226
05/02/2025;VIX;11306
06/02/2025;BEL;1255
06/02/2025;BHZ;22017
06/02/2025;BSB;13218
06/02/2025;CGB;5712
06/02/2025;CGR;2963
06/02/2025;FOR;2428
06/02/2025;RIO;39091
06/02/2025;MAO;5898
06/02/2025;POA;12381
06/02/2025;REC;7727
06/02/2025;SSA;9898
06/02/2025;TECA;174535
06/02/2025;VIX;15968
07/02/2025;BEL;4637
07/02/2025;BHZ;18268
07/02/2025;BSB;6753
07/02/2025;CGB;8742
07/02/2025;CGR;3273
07/02/2025;FOR;3831
07/02/2025;RIO;32155
07/02/2025;MAO;7029
07/02/2025;POA;11779
07/02/2025;REC;9638
07/02/2025;SSA;7866
07/02/2025;TECA;118795
07/02/2025;VIX;15318
08/02/2025;BEL;3220
08/02/2025;BHZ;12936
08/02/2025;BSB;15058
08/02/2025;CGB;12460
08/02/2025;CGR;3028
08/02/2025;FOR;796
08/02/2025;RIO;32230
08/02/2025;MAO;1420
08/02/2025;POA;5187
08/02/2025;REC;9424
08/02/2025;SSA;10846
08/02/2025;TECA;40661
08/02/2025;VIX;11784
09/02/2025;BEL;624
09/02/2025;BHZ;2113
09/02/2025;BSB;1728
09/02/2025;FOR;1920
09/02/2025;RIO;15811
09/02/2025;POA;2288
09/02/2025;REC;8315
09/02/2025;SSA;9293
09/02/2025;TECA;92935
10/02/2025;BEL;5541
10/02/2025;BHZ;15313
10/02/2025;BSB;7444
10/02/2025;CGB;8774
10/02/2025;CGR;5563
10/02/2025;FOR;2136
10/02/2025;RIO;15951
10/02/2025;MAO;8368
10/02/2025;POA;11898
10/02/2025;REC;9163
10/02/2025;SSA;6952
10/02/2025;TECA;165358
10/02/2025;VIX;15053
11/02/2025;BEL;7666
11/02/2025;BHZ;12252
11/02/2025;BSB;8257
11/02/2025;CGB;10205
11/02/2025;CGR;4167
11/02/2025;FOR;5097
11/02/2025;RIO;31793
11/02/2025;MAO;1758
11/02/2025;POA;8294
11/02/2025;REC;13463
11/02/2025;SSA;9939
11/02/2025;TECA;180681
11/02/2025;VIX;16048
12/02/2025;BEL;6221
12/02/2025;BHZ;21236
12/02/2025;BSB;10327
12/02/2025;CGB;5483
12/02/2025;CGR;3056
12/02/2025;FOR;4095
12/02/2025;RIO;38697
12/02/2025;MAO;3058
12/02/2025;POA;12486
12/02/2025;REC;2155
12/02/2025;SSA;6937
12/02/2025;TECA;196805
12/02/2025;VIX;17766
13/02/2025;BEL;6335
13/02/2025;BHZ;22636
13/02/2025;BSB;10939
13/02/2025;CGB;4663
13/02/2025;CGR;3756
13/02/2025;FOR;2167
13/02/2025;RIO;37084
13/02/2025;MAO;6757
13/02/2025;POA;12610
13/02/2025;REC;9301
13/02/2025;SSA;8499
13/02/2025;TECA;176589
13/02/2025;VIX;21915
14/02/2025;BEL;5618
14/02/2025;BHZ;22563
14/02/2025;BSB;13135
14/02/2025;CGB;11627
14/02/2025;CGR;3181
14/02/2025;FOR;3093
14/02/2025;RIO;37963
14/02/2025;MAO;8865
14/02/2025;POA;11823
14/02/2025;REC;8203
14/02/2025;SSA;13030
14/02/2025;TECA;137843
14/02/2025;VIX;15055
15/02/2025;BEL;3193
15/02/2025;BHZ;14888
15/02/2025;BSB;12701
15/02/2025;CGB;5002
15/02/2025;CGR;1046
15/02/2025;FOR;1024
15/02/2025;RIO;32037
15/02/2025;MAO;4062
15/02/2025;POA;6101
15/02/2025;REC;10419
15/02/2025;SSA;13031
15/02/2025;TECA;42862
15/02/2025;VIX;15558
16/02/2025;BEL;1534
16/02/2025;BHZ;5865
16/02/2025;BSB;1596
16/02/2025;FOR;2190
16/02/2025;RIO;14829
16/02/2025;POA;3613
16/02/2025;REC;6881
16/02/2025;SSA;7254
16/02/2025;TECA;84209
16/02/2025;VIX;4633
17/02/2025;BEL;5937
17/02/2025;BHZ;17946
17/02/2025;BSB;11923
17/02/2025;CGB;8826
17/02/2025;CGR;3207
17/02/2025;FOR;3487
17/02/2025;RIO;20305
17/02/2025;MAO;2791
17/02/2025;POA;9094
17/02/2025;REC;11128
17/02/2025;SSA;9612
17/02/2025;TECA;135365
17/02/2025;VIX;16820
18/02/2025;BEL;5265
18/02/2025;BHZ;16725
18/02/2025;BSB;8448
18/02/2025;CGB;19906
18/02/2025;CGR;5527
18/02/2025;FOR;5889
18/02/2025;RIO;27492
18/02/2025;MAO;5145
18/02/2025;POA;8586
18/02/2025;REC;8953
18/02/2025;SSA;9375
18/02/2025;TECA;143584
18/02/2025;VIX;15295
19/02/2025;BEL;6671
19/02/2025;BHZ;18198
19/02/2025;BSB;9015
19/02/2025;CGB;5239
19/02/2025;CGR;2508
19/02/2025;FOR;4972
19/02/2025;RIO;26599
19/02/2025;MAO;5982
19/02/2025;POA;10414
19/02/2025;REC;7849
19/02/2025;SSA;7213
19/02/2025;TECA;159562
19/02/2025;VIX;17787
20/02/2025;BEL;3925
20/02/2025;BHZ;21373
20/02/2025;BSB;10978
20/02/2025;CGB;7950
20/02/2025;CGR;2709
20/02/2025;FOR;3507
20/02/2025;RIO;29632
20/02/2025;MAO;8400
20/02/2025;POA;10760
20/02/2025;REC;3691
20/02/2025;SSA;8431
20/02/2025;TECA;179685
20/02/2025;VIX;16601
21/02/2025;BEL;5743
21/02/2025;BHZ;25639
21/02/2025;BSB;10840
21/02/2025;CGB;6725
21/02/2025;CGR;3572
21/02/2025;FOR;1593
21/02/2025;RIO;27017
21/02/2025;MAO;2518
21/02/2025;POA;12293
21/02/2025;REC;9626
21/02/2025;SSA;9123
21/02/2025;TECA;148209
21/02/2025;VIX;15946
22/02/2025;BEL;4176
22/02/2025;BHZ;20379
22/02/2025;BSB;10923
22/02/2025;CGB;5227
22/02/2025;CGR;601
22/02/2025;FOR;8
22/02/2025;RIO;27385
22/02/2025;MAO;315
22/02/2025;POA;8418
22/02/2025;REC;9758
22/02/2025;SSA;11585
22/02/2025;TECA;63721
22/02/2025;VIX;15118
23/02/2025;BEL;1526
23/02/2025;BHZ;2708
23/02/2025;BSB;1763
23/02/2025;FOR;1074
23/02/2025;RIO;9097
23/02/2025;POA;4891
23/02/2025;REC;8396
23/02/2025;SSA;10299
23/02/2025;TECA;76765
23/02/2025;VIX;186
24/02/2025;BEL;7538
24/02/2025;BHZ;21267
24/02/2025;BSB;13327
24/02/2025;CGB;10281
24/02/2025;CGR;4076
24/02/2025;FOR;3292
24/02/2025;RIO;14614
24/02/2025;MAO;1030
24/02/2025;POA;11033
24/02/2025;REC;6086
24/02/2025;SSA;6031
24/02/2025;TECA;167874
24/02/2025;VIX;12342
25/02/2025;BEL;6111
25/02/2025;BHZ;23271
25/02/2025;BSB;10803
25/02/2025;CGB;10640
25/02/2025;CGR;6191
25/02/2025;FOR;4871
25/02/2025;RIO;27865
25/02/2025;MAO;5392
25/02/2025;POA;9199
25/02/2025;REC;8338
25/02/2025;SSA;9118
25/02/2025;TECA;143939
25/02/2025;VIX;12141
26/02/2025;BEL;5276
26/02/2025;BHZ;25716
26/02/2025;BSB;12675
26/02/2025;CGB;4668
26/02/2025;CGR;2834
26/02/2025;FOR;3831
26/02/2025;RIO;31920
26/02/2025;MAO;1752
26/02/2025;POA;11112
26/02/2025;REC;9326
26/02/2025;SSA;8909
26/02/2025;TECA;140910
26/02/2025;VIX;17772
27/02/2025;BEL;3416
27/02/2025;BHZ;18192
27/02/2025;BSB;7657
27/02/2025;CGB;3967
27/02/2025;CGR;3286
27/02/2025;FOR;4365
27/02/2025;RIO;23439
27/02/2025;MAO;3636
27/02/2025;POA;12112
27/02/2025;REC;7151
27/02/2025;SSA;7981
27/02/2025;TECA;158207
27/02/2025;VIX;13438
28/02/2025;BEL;4788
28/02/2025;BHZ;21536
28/02/2025;BSB;11034
28/02/2025;CGB;5820
28/02/2025;CGR;2631
28/02/2025;FOR;4376
28/02/2025;RIO;25630
28/02/2025;MAO;2922
28/02/2025;POA;9478
28/02/2025;REC;4726
28/02/2025;SSA;10010
28/02/2025;TECA;133829
28/02/2025;VIX;13585
01/03/2025;BEL;2540
01/03/2025;BHZ;10420
01/03/2025;BSB;8656
01/03/2025;CGB;9341
01/03/2025;CGR;3870
01/03/2025;FOR;1817
01/03/2025;RIO;21339
01/03/2025;MAO;3452
01/03/2025;POA;6062
01/03/2025;REC;11378
01/03/2025;SSA;10576
01/03/2025;TECA;39827
01/03/2025;VIX;9841
02/03/2025;BEL;2993
02/03/2025;BHZ;2204
02/03/2025;BSB;1433
02/03/2025;FOR;406
02/03/2025;RIO;4184
02/03/2025;POA;2016
02/03/2025;REC;5251
02/03/2025;SSA;6152
02/03/2025;TECA;38017
02/03/2025;VIX;423
03/03/2025;BEL;5828
03/03/2025;BHZ;13500
03/03/2025;BSB;9630
03/03/2025;CGB;13110
03/03/2025;CGR;6048
03/03/2025;FOR;1739
03/03/2025;RIO;5051
03/03/2025;MAO;356
03/03/2025;POA;12130
03/03/2025;REC;5992
03/03/2025;SSA;5696
03/03/2025;TECA;40097
03/03/2025;VIX;7161
04/03/2025;BEL;2
04/03/2025;BHZ;1821
04/03/2025;BSB;2680
04/03/2025;FOR;1246
04/03/2025;RIO;3900
04/03/2025;POA;3655
04/03/2025;REC;9272
04/03/2025;SSA;9281
04/03/2025;TECA;63568
04/03/2025;VIX;1481
05/03/2025;BEL;4956
05/03/2025;BHZ;11618
05/03/2025;BSB;7023
05/03/2025;CGB;11742
05/03/2025;CGR;2095
05/03/2025;FOR;4715
05/03/2025;RIO;10541
05/03/2025;MAO;2499
05/03/2025;POA;6662
05/03/2025;REC;5023
05/03/2025;SSA;7546
05/03/2025;TECA;132252
05/03/2025;VIX;7848
06/03/2025;BEL;6754
06/03/2025;BHZ;14116
06/03/2025;BSB;6592
06/03/2025;CGB;5060
06/03/2025;CGR;2636
06/03/2025;FOR;4171
06/03/2025;RIO;23954
06/03/2025;MAO;7784
06/03/2025;POA;4938
06/03/2025;REC;2333
06/03/2025;SSA;6966
06/03/2025;TECA;156559
06/03/2025;VIX;9362
07/03/2025;BEL;3675
07/03/2025;BHZ;20576
07/03/2025;BSB;9309
07/03/2025;CGB;5334
07/03/2025;CGR;2166
07/03/2025;FOR;3673
07/03/2025;RIO;30944
07/03/2025;MAO;3888
07/03/2025;POA;10249
07/03/2025;REC;4443
07/03/2025;SSA;4848
07/03/2025;TECA;131838
07/03/2025;VIX;13529
08/03/2025;BEL;1439
08/03/2025;BHZ;12313
08/03/2025;BSB;10522
08/03/2025;CGB;2597
08/03/2025;CGR;1075
08/03/2025;FOR;1138
08/03/2025;RIO;26731
08/03/2025;MAO;3538
08/03/2025;POA;6834
08/03/2025;REC;1394
08/03/2025;SSA;5412
08/03/2025;TECA;41325
08/03/2025;VIX;10441
09/03/2025;BEL;2207
09/03/2025;BHZ;2475
09/03/2025;BSB;1781
09/03/2025;FOR;1388
09/03/2025;RIO;5648
09/03/2025;POA;4854
09/03/2025;REC;4233
09/03/2025;SSA;10224
09/03/2025;TECA;84622
09/03/2025;VIX;167
10/03/2025;BEL;5548
10/03/2025;BHZ;14689
10/03/2025;BSB;7949
10/03/2025;CGB;7984
10/03/2025;CGR;2646
10/03/2025;FOR;3021
10/03/2025;RIO;12882
10/03/2025;MAO;5193
10/03/2025;POA;9996
10/03/2025;REC;7981
10/03/2025;SSA;5846
10/03/2025;TECA;157784
10/03/2025;VIX;11505
11/03/2025;BEL;6960
11/03/2025;BHZ;14615
11/03/2025;BSB;10597
11/03/2025;CGB;3486
11/03/2025;CGR;1779
11/03/2025;FOR;3885
11/03/2025;RIO;27009
11/03/2025;MAO;5110
11/03/2025;POA;8842
11/03/2025;REC;8922
11/03/2025;SSA;9068
11/03/2025;TECA;161834
11/03/2025;VIX;15093
12/03/2025;BEL;5074
12/03/2025;BHZ;19321
12/03/2025;BSB;10598
12/03/2025;CGB;402
12/03/2025;CGR;2139
12/03/2025;FOR;3713
12/03/2025;RIO;33815
12/03/2025;MAO;4707
12/03/2025;POA;13452
12/03/2025;REC;5956
12/03/2025;SSA;2811
12/03/2025;TECA;165628
12/03/2025;VIX;16856
13/03/2025;BEL;2504
13/03/2025;BHZ;18489
13/03/2025;BSB;8618
13/03/2025;CGB;6308
13/03/2025;CGR;2093
13/03/2025;FOR;4083
13/03/2025;RIO;30460
13/03/2025;MAO;6525
13/03/2025;POA;12023
13/03/2025;REC;5072
13/03/2025;SSA;9118
13/03/2025;TECA;169583
13/03/2025;VIX;15227
14/03/2025;BEL;3558
14/03/2025;BHZ;19058
14/03/2025;BSB;12988
14/03/2025;CGB;10501
14/03/2025;CGR;1955
14/03/2025;FOR;5160
14/03/2025;RIO;32395
14/03/2025;MAO;1193
14/03/2025;POA;12973
14/03/2025;REC;7510
14/03/2025;SSA;9132
14/03/2025;TECA;121873
14/03/2025;VIX;11792
15/03/2025;BEL;2755
15/03/2025;BHZ;14865
15/03/2025;BSB;10144
15/03/2025;CGB;3521
15/03/2025;CGR;1623
15/03/2025;FOR;1071
15/03/2025;RIO;32810
15/03/2025;MAO;3847
15/03/2025;POA;8911
15/03/2025;REC;5068
15/03/2025;SSA;12031
15/03/2025;TECA;46273
15/03/2025;VIX;12352
16/03/2025;BEL;2637
16/03/2025;BHZ;2014
16/03/2025;BSB;1153
16/03/2025;FOR;1238
16/03/2025;RIO;15067
16/03/2025;POA;4003
16/03/2025;REC;7942
16/03/2025;SSA;7477
16/03/2025;TECA;93273
16/03/2025;VIX;356
17/03/2025;BEL;5165
17/03/2025;BHZ;16366
17/03/2025;BSB;12153
17/03/2025;CGB;13152
17/03/2025;CGR;4364
17/03/2025;FOR;2099
17/03/2025;RIO;19929
17/03/2025;MAO;6058
17/03/2025;POA;10305
17/03/2025;REC;12013
17/03/2025;SSA;5997
17/03/2025;TECA;168586
17/03/2025;VIX;10410
18/03/2025;BEL;4734
18/03/2025;BHZ;16358
18/03/2025;BSB;10458
18/03/2025;CGB;2446
18/03/2025;CGR;2949
18/03/2025;FOR;2212
18/03/2025;RIO;35640
18/03/2025;MAO;2288
18/03/2025;POA;9409
18/03/2025;REC;11102
18/03/2025;SSA;9921
18/03/2025;TECA;157829
18/03/2025;VIX;13572
19/03/2025;BEL;4846
19/03/2025;BHZ;17983
19/03/2025;BSB;10068
19/03/2025;CGR;3380
19/03/2025;FOR;3390
19/03/2025;RIO;35305
19/03/2025;MAO;1083
19/03/2025;POA;11095
19/03/2025;REC;5278
19/03/2025;SSA;4655
19/03/2025;TECA;165961
19/03/2025;VIX;14263
20/03/2025;BEL;3824
20/03/2025;BHZ;19674
20/03/2025;BSB;13798
20/03/2025;CGB;8369
20/03/2025;CGR;2976
20/03/2025;FOR;3773
20/03/2025;RIO;38420
20/03/2025;MAO;9764
20/03/2025;POA;11920
20/03/2025;REC;4023
20/03/2025;SSA;9934
20/03/2025;TECA;161033
20/03/2025;VIX;16081
21/03/2025;BEL;4513
21/03/2025;BHZ;19850
21/03/2025;BSB;10126
21/03/2025;CGB;8817
21/03/2025;CGR;4371
21/03/2025;FOR;4118
21/03/2025;RIO;33672
21/03/2025;MAO;2978
21/03/2025;POA;13036
21/03/2025;REC;3539
21/03/2025;SSA;11137
21/03/2025;TECA;137494
21/03/2025;VIX;15706
22/03/2025;BEL;4675
22/03/2025;BHZ;20350
22/03/2025;BSB;9634
22/03/2025;CGB;5828
22/03/2025;CGR;2704
22/03/2025;FOR;2198
22/03/2025;RIO;33678
22/03/2025;MAO;3822
22/03/2025;POA;8232
22/03/2025;REC;12593
22/03/2025;SSA;8501
22/03/2025;TECA;69220
22/03/2025;VIX;12423
23/03/2025;BHZ;5833
23/03/2025;BSB;459
23/03/2025;FOR;3792
23/03/2025;RIO;24407
23/03/2025;POA;4035
23/03/2025;REC;7987
23/03/2025;SSA;8034
23/03/2025;TECA;92986
23/03/2025;VIX;413
24/03/2025;BEL;6152
24/03/2025;BHZ;23574
24/03/2025;BSB;10644
24/03/2025;CGB;15757
24/03/2025;CGR;3609
24/03/2025;FOR;4220
24/03/2025;RIO;29646
24/03/2025;MAO;1228
24/03/2025;POA;11996
24/03/2025;REC;10552
24/03/2025;SSA;7197
24/03/2025;TECA;155263
24/03/2025;VIX;13275
25/03/2025;BEL;4464
25/03/2025;BHZ;24580
25/03/2025;BSB;10235
25/03/2025;CGB;13601
25/03/2025;CGR;3684
25/03/2025;FOR;5862
25/03/2025;RIO;28016
25/03/2025;MAO;2830
25/03/2025;POA;8011
25/03/2025;REC;10192
25/03/2025;SSA;9785
25/03/2025;TECA;162885
25/03/2025;VIX;12305
26/03/2025;BEL;6498
26/03/2025;BHZ;21969
26/03/2025;BSB;11985
26/03/2025;CGB;8652
26/03/2025;CGR;4670
26/03/2025;FOR;2304
26/03/2025;RIO;35527
26/03/2025;MAO;1061
26/03/2025;POA;13039
26/03/2025;REC;6386
26/03/2025;SSA;5707
26/03/2025;TECA;156479
26/03/2025;VIX;11932
27/03/2025;BEL;4938
27/03/2025;BHZ;20541
27/03/2025;BSB;11749
27/03/2025;CGB;10719
27/03/2025;CGR;2725
27/03/2025;FOR;3574
27/03/2025;RIO;31170
27/03/2025;MAO;5299
27/03/2025;POA;11434
27/03/2025;REC;5118
27/03/2025;SSA;7835
27/03/2025;TECA;140635
27/03/2025;VIX;13611
28/03/2025;BEL;4721
28/03/2025;BHZ;20873
28/03/2025;BSB;14071
28/03/2025;CGB;8171
28/03/2025;CGR;2160
28/03/2025;FOR;3394
28/03/2025;RIO;34544
28/03/2025;MAO;981
28/03/2025;POA;11894
28/03/2025;REC;7603
28/03/2025;SSA;11793
28/03/2025;TECA;119601
28/03/2025;VIX;13682
29/03/2025;BEL;3262
29/03/2025;BHZ;12159
29/03/2025;BSB;10269
29/03/2025;CGB;7243
29/03/2025;CGR;3406
29/03/2025;FOR;982
29/03/2025;RIO;32409
29/03/2025;MAO;3665
29/03/2025;POA;8540
29/03/2025;REC;7394
29/03/2025;SSA;8124
29/03/2025;TECA;44084
29/03/2025;VIX;10651
30/03/2025;BEL;3972
30/03/2025;BHZ;2086
30/03/2025;BSB;1697
30/03/2025;FOR;919
30/03/2025;RIO;9469
30/03/2025;POA;3705
30/03/2025;REC;5987
30/03/2025;SSA;10470
30/03/2025;TECA;81049
30/03/2025;VIX;5
31/03/2025;BEL;5969
31/03/2025;BHZ;21935
31/03/2025;BSB;9589
31/03/2025;CGB;9027
31/03/2025;CGR;4180
31/03/2025;FOR;2937
31/03/2025;RIO;19061
31/03/2025;MAO;7936
31/03/2025;POA;10437
31/03/2025;REC;9066
31/03/2025;SSA;9340
31/03/2025;TECA;163904
31/03/2025;VIX;8505
01/04/2025;BEL;5782
01/04/2025;BHZ;14280
01/04/2025;BSB;11682
01/04/2025;CGB;5674
01/04/2025;CGR;7112
01/04/2025;FOR;1987
01/04/2025;RIO;31083
01/04/2025;MAO;3458
01/04/2025;POA;10556
01/04/2025;REC;4411
01/04/2025;SSA;8053
01/04/2025;TECA;156927
01/04/2025;VIX;12283
02/04/2025;BEL;4541
02/04/2025;BHZ;20202
02/04/2025;BSB;9160
02/04/2025;CGB;4788
02/04/2025;CGR;8355
02/04/2025;FOR;3406
02/04/2025;RIO;27508
02/04/2025;MAO;157
02/04/2025;POA;9094
02/04/2025;REC;7967
02/04/2025;SSA;6020
02/04/2025;TECA;150995
02/04/2025;VIX;10586
03/04/2025;BEL;4440
03/04/2025;BHZ;19494
03/04/2025;BSB;11189
03/04/2025;CGB;9539
03/04/2025;CGR;3233
03/04/2025;FOR;2831
03/04/2025;RIO;31872
03/04/2025;MAO;7471
03/04/2025;POA;15247
03/04/2025;REC;4509
03/04/2025;SSA;10155
03/04/2025;TECA;129490
03/04/2025;VIX;12118
04/04/2025;BEL;4709
04/04/2025;BHZ;16527
04/04/2025;BSB;10702
04/04/2025;CGB;8190
04/04/2025;CGR;3087
04/04/2025;FOR;3830
04/04/2025;RIO;25067
04/04/2025;MAO;5457
04/04/2025;POA;11296
04/04/2025;REC;10430
04/04/2025;SSA;10221
04/04/2025;TECA;95083
04/04/2025;VIX;10929
05/04/2025;BEL;2428
05/04/2025;BHZ;12895
05/04/2025;BSB;11912
05/04/2025;CGB;4096
05/04/2025;CGR;1283
05/04/2025;RIO;25749
05/04/2025;MAO;3577
05/04/2025;POA;7870
05/04/2025;REC;6353
05/04/2025;SSA;9978
05/04/2025;TECA;31653
05/04/2025;VIX;10749
06/04/2025;BEL;1060
06/04/2025;BHZ;2310
06/04/2025;BSB;2088
06/04/2025;FOR;1539
06/04/2025;RIO;5223
06/04/2025;POA;4183
06/04/2025;REC;3802
06/04/2025;SSA;7106
06/04/2025;TECA;58554
07/04/2025;BEL;3122
07/04/2025;BHZ;15291
07/04/2025;BSB;8169
07/04/2025;CGB;7563
07/04/2025;CGR;1919
07/04/2025;FOR;2398
07/04/2025;RIO;17268
07/04/2025;MAO;3588
07/04/2025;POA;8504
07/04/2025;REC;7112
07/04/2025;SSA;4077
07/04/2025;TECA;157803
07/04/2025;VIX;10568
08/04/2025;BEL;4235
08/04/2025;BHZ;15712
08/04/2025;BSB;4328
08/04/2025;CGB;9347
08/04/2025;CGR;2036
08/04/2025;FOR;3316
08/04/2025;RIO;31957
08/04/2025;MAO;1584
08/04/2025;POA;7813
08/04/2025;REC;7545
08/04/2025;SSA;10812
08/04/2025;TECA;188921
08/04/2025;VIX;10986
09/04/2025;BEL;6065
09/04/2025;BHZ;21303
09/04/2025;BSB;9446
09/04/2025;CGB;106
09/04/2025;CGR;1111
09/04/2025;FOR;3229
09/04/2025;RIO;32976
09/04/2025;MAO;923
09/04/2025;POA;12155
09/04/2025;REC;5857
09/04/2025;SSA;7490
09/04/2025;TECA;176570
09/04/2025;VIX;11289
10/04/2025;BEL;6474
10/04/2025;BHZ;17419
10/04/2025;BSB;11038
10/04/2025;CGB;6860
10/04/2025;CGR;1906
10/04/2025;FOR;4781
10/04/2025;RIO;35201
10/04/2025;MAO;7498
10/04/2025;POA;10491
10/04/2025;REC;4867
10/04/2025;SSA;8316
10/04/2025;TECA;142265
10/04/2025;VIX;13112
11/04/2025;BEL;6439
11/04/2025;BHZ;19085
11/04/2025;BSB;9801
11/04/2025;CGB;3821
11/04/2025;CGR;2898
11/04/2025;FOR;1207
11/04/2025;RIO;35106
11/04/2025;MAO;6587
11/04/2025;POA;12025
11/04/2025;REC;6157
11/04/2025;SSA;10879
11/04/2025;TECA;122720
11/04/2025;VIX;13665
12/04/2025;BEL;6986
12/04/2025;BHZ;10381
12/04/2025;BSB;7788
12/04/2025;CGB;3531
12/04/2025;CGR;1120
12/04/2025;RIO;31579
12/04/2025;MAO;2366
12/04/2025;POA;10849
12/04/2025;REC;3443
12/04/2025;SSA;8591
12/04/2025;TECA;38982
12/04/2025;VIX;11985
13/04/2025;BHZ;2575
13/04/2025;BSB;2735
13/04/2025;FOR;555
13/04/2025;RIO;12918
13/04/2025;POA;4826
13/04/2025;REC;8863
13/04/2025;SSA;10681
13/04/2025;TECA;67037
14/04/2025;BEL;9666
14/04/2025;BHZ;18708
14/04/2025;BSB;13506
14/04/2025;CGB;7754
14/04/2025;CGR;1290
14/04/2025;FOR;3506
14/04/2025;RIO;20155
14/04/2025;MAO;5681
14/04/2025;POA;15976
14/04/2025;REC;12652
14/04/2025;SSA;6497
14/04/2025;TECA;161791
14/04/2025;VIX;11592
15/04/2025;BEL;5372
15/04/2025;BHZ;18898
15/04/2025;BSB;5251
15/04/2025;CGB;96
15/04/2025;CGR;1393
15/04/2025;FOR;3992
15/04/2025;RIO;24709
15/04/2025;MAO;506
15/04/2025;POA;9692
15/04/2025;REC;9106
15/04/2025;SSA;8426
15/04/2025;TECA;156485
15/04/2025;VIX;12981
16/04/2025;BEL;2522
16/04/2025;BHZ;19272
16/04/2025;BSB;10220
16/04/2025;CGB;3791
16/04/2025;CGR;1026
16/04/2025;FOR;4210
16/04/2025;RIO;36410
16/04/2025;MAO;187
16/04/2025;POA;10804
16/04/2025;REC;2731
16/04/2025;SSA;5112
16/04/2025;TECA;169913
16/04/2025;VIX;12913
17/04/2025;BEL;4294
17/04/2025;BHZ;21569
17/04/2025;BSB;11030
17/04/2025;CGB;3048
17/04/2025;CGR;2136
17/04/2025;FOR;5107
17/04/2025;RIO;35052
17/04/2025;MAO;7848
17/04/2025;POA;12271
17/04/2025;REC;4110
17/04/2025;SSA;9270
17/04/2025;TECA;165481
17/04/2025;VIX;9094
18/04/2025;BHZ;11239
18/04/2025;BSB;3477
18/04/2025;RIO;27431
18/04/2025;MAO;24
18/04/2025;POA;10652
18/04/2025;REC;17
18/04/2025;SSA;9816
18/04/2025;TECA;107408
18/04/2025;VIX;6338
19/04/2025;BEL;4226
19/04/2025;BHZ;5468
19/04/2025;BSB;8651
19/04/2025;CGB;10657
19/04/2025;RIO;19392
19/04/2025;MAO;5221
19/04/2025;POA;3405
19/04/2025;REC;12936
19/04/2025;SSA;10360
19/04/2025;TECA;104393
19/04/2025;VIX;6089
20/04/2025;BHZ;2149
20/04/2025;BSB;1471
20/04/2025;FOR;1016
20/04/2025;RIO;9211
20/04/2025;POA;2516
20/04/2025;REC;4559
20/04/2025;SSA;8298
20/04/2025;TECA;41618
21/04/2025;BEL;9054
21/04/2025;BHZ;9252
21/04/2025;BSB;4875
21/04/2025;CGB;12956
21/04/2025;CGR;1504
21/04/2025;FOR;1055
21/04/2025;RIO;5484
21/04/2025;MAO;1434
21/04/2025;POA;7162
21/04/2025;REC;5535
21/04/2025;SSA;1124
21/04/2025;TECA;18454
21/04/2025;VIX;5972
22/04/2025;BEL;6756
22/04/2025;BHZ;10845
22/04/2025;BSB;8984
22/04/2025;CGB;6772
22/04/2025;CGR;2443
22/04/2025;FOR;4407
22/04/2025;RIO;17084
22/04/2025;MAO;7708
22/04/2025;POA;11093
22/04/2025;REC;10736
22/04/2025;SSA;7055
22/04/2025;TECA;72865
22/04/2025;VIX;7600
23/04/2025;BEL;6196
23/04/2025;BHZ;17089
23/04/2025;BSB;6472
23/04/2025;CGB;5690
23/04/2025;CGR;1993
23/04/2025;FOR;4081
23/04/2025;RIO;14979
23/04/2025;MAO;200
23/04/2025;POA;6412
23/04/2025;REC;5607
23/04/2025;SSA;4154
23/04/2025;TECA;151246
23/04/2025;VIX;13748
24/04/2025;BEL;4175
24/04/2025;BHZ;21288
24/04/2025;BSB;13984
24/04/2025;CGB;5302
24/04/2025;CGR;2960
24/04/2025;FOR;3648
24/04/2025;RIO;31912
24/04/2025;MAO;8201
24/04/2025;POA;14145
24/04/2025;REC;3571
24/04/2025;SSA;3135
24/04/2025;TECA;170275
24/04/2025;VIX;13693
25/04/2025;BEL;622
25/04/2025;BHZ;20163
25/04/2025;BSB;7806
25/04/2025;CGB;3312
25/04/2025;CGR;1703
25/04/2025;FOR;3821
25/04/2025;RIO;34453
25/04/2025;MAO;2407
25/04/2025;POA;9508
25/04/2025;REC;4472
25/04/2025;SSA;8119
25/04/2025;TECA;159890
25/04/2025;VIX;15994
26/04/2025;BEL;5241
26/04/2025;BHZ;14048
26/04/2025;BSB;10622
26/04/2025;CGB;3111
26/04/2025;CGR;1385
26/04/2025;RIO;28206
26/04/2025;MAO;4476
26/04/2025;POA;12340
26/04/2025;REC;6253
26/04/2025;SSA;6975
26/04/2025;TECA;116970
26/04/2025;VIX;10185
27/04/2025;BHZ;2060
27/04/2025;BSB;2056
27/04/2025;FOR;1655
27/04/2025;RIO;8295
27/04/2025;POA;1254
27/04/2025;REC;5855
27/04/2025;SSA;7710
27/04/2025;TECA;21131
28/04/2025;BEL;4773
28/04/2025;BHZ;13217
28/04/2025;BSB;11482
28/04/2025;CGB;4901
28/04/2025;CGR;2708
28/04/2025;FOR;3226
28/04/2025;RIO;16374
28/04/2025;MAO;4522
28/04/2025;POA;12388
28/04/2025;REC;7610
28/04/2025;SSA;7063
28/04/2025;TECA;67050
28/04/2025;VIX;8896
29/04/2025;BEL;6549
29/04/2025;BHZ;21867
29/04/2025;BSB;4755
29/04/2025;CGB;9861
29/04/2025;CGR;1599
29/04/2025;FOR;4001
29/04/2025;RIO;27537
29/04/2025;MAO;554
29/04/2025;POA;10460
29/04/2025;REC;8125
29/04/2025;SSA;11768
29/04/2025;TECA;173214
29/04/2025;VIX;8452
30/04/2025;BEL;3827
30/04/2025;BHZ;22997
30/04/2025;BSB;9029
30/04/2025;CGB;3805
30/04/2025;CGR;991
30/04/2025;FOR;3789
30/04/2025;RIO;36664
30/04/2025;MAO;1353
30/04/2025;POA;11588
30/04/2025;REC;8714
30/04/2025;SSA;9088
30/04/2025;TECA;176270
30/04/2025;VIX;13510
01/05/2025;BHZ;16366
01/05/2025;BSB;3079
01/05/2025;FOR;1892
01/05/2025;RIO;25791
01/05/2025;POA;7785
01/05/2025;REC;1
01/05/2025;SSA;8468
01/05/2025;TECA;77353
01/05/2025;VIX;13141
02/05/2025;BEL;3934
02/05/2025;BHZ;15919
02/05/2025;BSB;13837
02/05/2025;CGB;4769
02/05/2025;CGR;2897
02/05/2025;FOR;3635
02/05/2025;RIO;22307
02/05/2025;MAO;7775
02/05/2025;POA;14350
02/05/2025;REC;14186
02/05/2025;SSA;7285
02/05/2025;TECA;121097
02/05/2025;VIX;9555
03/05/2025;BEL;4590
03/05/2025;BHZ;14314
03/05/2025;BSB;7460
03/05/2025;CGB;6045
03/05/2025;CGR;607
03/05/2025;FOR;1103
03/05/2025;RIO;24568
03/05/2025;MAO;4070
03/05/2025;POA;7511
03/05/2025;REC;8366
03/05/2025;SSA;13917
03/05/2025;TECA;117092
03/05/2025;VIX;11483
04/05/2025;BEL;3386
04/05/2025;BHZ;1411
04/05/2025;BSB;2110
04/05/2025;FOR;1592
04/05/2025;RIO;8877
04/05/2025;POA;3222
04/05/2025;REC;6935
04/05/2025;SSA;7056
04/05/2025;TECA;13435
04/05/2025;VIX;76
05/05/2025;BEL;4726
05/05/2025;BHZ;11521
05/05/2025;BSB;11455
05/05/2025;CGB;11250
05/05/2025;CGR;2320
05/05/2025;FOR;4624
05/05/2025;RIO;16648
05/05/2025;MAO;1133
05/05/2025;POA;10386
05/05/2025;REC;8665
05/05/2025;SSA;11691
05/05/2025;TECA;56548
05/05/2025;VIX;11385
06/05/2025;BEL;5808
06/05/2025;BHZ;16772
06/05/2025;BSB;7718
06/05/2025;CGB;3981
06/05/2025;CGR;1757
06/05/2025;FOR;3881
06/05/2025;RIO;27768
06/05/2025;MAO;111
06/05/2025;POA;8289
06/05/2025;REC;6452
06/05/2025;SSA;8895
06/05/2025;TECA;163779
06/05/2025;VIX;10427
07/05/2025;BEL;4595
07/05/2025;BHZ;15909
07/05/2025;BSB;8168
07/05/2025;CGB;3687
07/05/2025;CGR;1632
07/05/2025;FOR;2536
07/05/2025;RIO;32118
07/05/2025;MAO;142
07/05/2025;POA;7937
07/05/2025;REC;4212
07/05/2025;SSA;5216
07/05/2025;TECA;180217
07/05/2025;VIX;10317
08/05/2025;BEL;1278
08/05/2025;BHZ;19251
08/05/2025;BSB;10635
08/05/2025;CGB;7
08/05/2025;CGR;1868
08/05/2025;FOR;1892
08/05/2025;RIO;36578
08/05/2025;MAO;3891
08/05/2025;POA;12544
08/05/2025;REC;3246
08/05/2025;SSA;3652
08/05/2025;TECA;163709
08/05/2025;VIX;17360
09/05/2025;BEL;4142
09/05/2025;BHZ;21815
09/05/2025;BSB;13023
09/05/2025;CGB;3404
09/05/2025;CGR;1647
09/05/2025;FOR;2213
09/05/2025;RIO;33416
09/05/2025;MAO;2671
09/05/2025;POA;11578
09/05/2025;REC;10082
09/05/2025;SSA;11064
09/05/2025;TECA;150809
09/05/2025;VIX;15348
10/05/2025;BEL;4098
10/05/2025;BHZ;26868
10/05/2025;BSB;9104
10/05/2025;CGB;2391
10/05/2025;CGR;1830
10/05/2025;FOR;6
10/05/2025;RIO;30237
10/05/2025;MAO;3702
10/05/2025;POA;11857
10/05/2025;REC;9175
10/05/2025;SSA;9372
10/05/2025;TECA;112003
10/05/2025;VIX;14170
11/05/2025;BHZ;2270
11/05/2025;BSB;930
11/05/2025;CGB;37
11/05/2025;FOR;1286
11/05/2025;RIO;22284
11/05/2025;POA;3411
11/05/2025;REC;5271
11/05/2025;SSA;8590
11/05/2025;TECA;29375
11/05/2025;VIX;496
12/05/2025;BEL;4861
12/05/2025;BHZ;11730
12/05/2025;BSB;9895
12/05/2025;CGB;9298
12/05/2025;CGR;1457
12/05/2025;FOR;3781
12/05/2025;RIO;18079
12/05/2025;MAO;6263
12/05/2025;POA;12761
12/05/2025;REC;8368
12/05/2025;SSA;7030
12/05/2025;TECA;74123
12/05/2025;VIX;13911
13/05/2025;BEL;6372
13/05/2025;BHZ;15768
13/05/2025;BSB;9410
13/05/2025;CGB;5811
13/05/2025;CGR;1027
13/05/2025;FOR;4729
13/05/2025;RIO;26863
13/05/2025;MAO;7163
13/05/2025;POA;11685
13/05/2025;REC;11352
13/05/2025;SSA;10996
13/05/2025;TECA;189461
13/05/2025;VIX;13619
14/05/2025;BEL;2788
14/05/2025;BHZ;15310
14/05/2025;BSB;13453
14/05/2025;CGB;4203
14/05/2025;CGR;1158
14/05/2025;FOR;3361
14/05/2025;RIO;36539
14/05/2025;MAO;244
14/05/2025;POA;17485
14/05/2025;REC;4812
14/05/2025;SSA;9696
14/05/2025;TECA;198962
14/05/2025;VIX;13701
15/05/2025;BEL;3824
15/05/2025;BHZ;28010
15/05/2025;BSB;12013
15/05/2025;CGB;2062
15/05/2025;CGR;2066
15/05/2025;FOR;4457
15/05/2025;RIO;34332
15/05/2025;MAO;7256
15/05/2025;POA;14323
15/05/2025;REC;3985
15/05/2025;SSA;10985
15/05/2025;TECA;193114
15/05/2025;VIX;13296
16/05/2025;BEL;10955
16/05/2025;BHZ;27816
16/05/2025;BSB;12930
16/05/2025;CGB;4218
16/05/2025;CGR;2737
16/05/2025;FOR;5245
16/05/2025;RIO;38261
16/05/2025;MAO;4244
16/05/2025;POA;14763
16/05/2025;REC;10886
16/05/2025;SSA;5943
16/05/2025;TECA;166154
16/05/2025;VIX;13285
17/05/2025;BEL;7545
17/05/2025;BHZ;23921
17/05/2025;BSB;8537
17/05/2025;CGB;3929
17/05/2025;CGR;77
17/05/2025;FOR;1136
17/05/2025;RIO;32182
17/05/2025;MAO;2700
17/05/2025;POA;7505
17/05/2025;REC;4981
17/05/2025;SSA;12401
17/05/2025;TECA;166431
17/05/2025;VIX;13651
18/05/2025;BHZ;5520
18/05/2025;BSB;1538
18/05/2025;FOR;2195
18/05/2025;RIO;24965
18/05/2025;POA;5467
18/05/2025;REC;9391
18/05/2025;SSA;7806
18/05/2025;TECA;86012
18/05/2025;VIX;4582
19/05/2025;BEL;8161
19/05/2025;BHZ;10522
19/05/2025;BSB;12074
19/05/2025;CGB;8452
19/05/2025;CGR;2458
19/05/2025;FOR;4733
19/05/2025;RIO;29691
19/05/2025;MAO;2317
19/05/2025;POA;16054
19/05/2025;REC;6347
19/05/2025;SSA;9065
19/05/2025;TECA;75951
19/05/2025;VIX;13695
20/05/2025;BEL;8981
20/05/2025;BHZ;24047
20/05/2025;BSB;8970
20/05/2025;CGB;8453
20/05/2025;CGR;1722
20/05/2025;FOR;4503
20/05/2025;RIO;36423
20/05/2025;MAO;439
20/05/2025;POA;15014
20/05/2025;REC;12559
20/05/2025;SSA;13560
20/05/2025;TECA;214354
20/05/2025;VIX;14512
21/05/2025;BEL;13866
21/05/2025;BHZ;51590
21/05/2025;BSB;27536
21/05/2025;CGB;12040
21/05/2025;CGR;3894
21/05/2025;FOR;9348
21/05/2025;RIO;62186
21/05/2025;MAO;238
21/05/2025;POA;23742
21/05/2025;REC;13674
21/05/2025;SSA;34422
21/05/2025;TECA;186297
21/05/2025;VIX;28360
22/05/2025;BEL;4862
22/05/2025;BHZ;21854
22/05/2025;BSB;12457
22/05/2025;CGB;4598
22/05/2025;CGR;2996
22/05/2025;FOR;3391
22/05/2025;RIO;37694
22/05/2025;MAO;6600
22/05/2025;POA;16849
22/05/2025;REC;5378
22/05/2025;SSA;6433
22/05/2025;TECA;193720
22/05/2025;VIX;13639
23/05/2025;BEL;5224
23/05/2025;BHZ;20752
23/05/2025;BSB;8581
23/05/2025;CGB;8659
23/05/2025;CGR;2399
23/05/2025;FOR;1251
23/05/2025;RIO;37538
23/05/2025;MAO;5944
23/05/2025;POA;14281
23/05/2025;REC;12578
23/05/2025;SSA;11456
23/05/2025;TECA;183552
23/05/2025;VIX;17378
24/05/2025;BEL;5853
24/05/2025;BHZ;21767
24/05/2025;BSB;13487
24/05/2025;CGB;2668
24/05/2025;CGR;1549
24/05/2025;FOR;672
24/05/2025;RIO;35948
24/05/2025;MAO;3385
24/05/2025;POA;8025
24/05/2025;REC;3411
24/05/2025;SSA;12457
24/05/2025;TECA;142032
24/05/2025;VIX;12234
25/05/2025;BEL;3082
25/05/2025;BHZ;6462
25/05/2025;BSB;1209
25/05/2025;CGB;31
25/05/2025;FOR;2018
25/05/2025;RIO;25633
25/05/2025;POA;5914
25/05/2025;REC;11456
25/05/2025;SSA;9350
25/05/2025;TECA;51578
25/05/2025;VIX;27
26/05/2025;BEL;5952
26/05/2025;BHZ;16484
26/05/2025;BSB;14633
26/05/2025;CGB;6839
26/05/2025;CGR;2367
26/05/2025;FOR;3007
26/05/2025;RIO;20220
26/05/2025;MAO;3646
26/05/2025;POA;15546
26/05/2025;REC;12016
26/05/2025;SSA;8331
26/05/2025;TECA;83801
26/05/2025;VIX;10559
27/05/2025;BEL;9592
27/05/2025;BHZ;20403
27/05/2025;BSB;9046
27/05/2025;CGB;6177
27/05/2025;CGR;2030
27/05/2025;FOR;5862
27/05/2025;RIO;30552
27/05/2025;MAO;263
27/05/2025;POA;8884
27/05/2025;REC;9413
27/05/2025;SSA;9423
27/05/2025;TECA;197940
27/05/2025;VIX;14227
28/05/2025;BEL;5172
28/05/2025;BHZ;21096
28/05/2025;BSB;7516
28/05/2025;CGB;2306
28/05/2025;CGR;2309
28/05/2025;FOR;5289
28/05/2025;RIO;39280
28/05/2025;MAO;230
28/05/2025;POA;11680
28/05/2025;REC;4909
28/05/2025;SSA;11838
28/05/2025;TECA;203064
28/05/2025;VIX;14355
29/05/2025;BEL;5274
29/05/2025;BHZ;19851
29/05/2025;BSB;13717
29/05/2025;CGB;4038
29/05/2025;CGR;2323
29/05/2025;FOR;2784
29/05/2025;RIO;28591
29/05/2025;MAO;7070
29/05/2025;POA;16697
29/05/2025;REC;7251
29/05/2025;SSA;17919
29/05/2025;TECA;170851
29/05/2025;VIX;10313
30/05/2025;BEL;4728
30/05/2025;BHZ;21403
30/05/2025;BSB;13897
30/05/2025;CGB;5819
30/05/2025;CGR;1915
30/05/2025;FOR;2037
30/05/2025;RIO;29540
30/05/2025;MAO;5062
30/05/2025;POA;14031
30/05/2025;REC;7982
30/05/2025;SSA;11406
30/05/2025;TECA;165548
30/05/2025;VIX;11032
31/05/2025;BEL;4204
31/05/2025;BHZ;21179
31/05/2025;BSB;11127
31/05/2025;CGB;8752
31/05/2025;CGR;1567
31/05/2025;FOR;457
31/05/2025;RIO;34529
31/05/2025;MAO;3641
31/05/2025;POA;10638
31/05/2025;REC;7169
31/05/2025;SSA;11771
31/05/2025;TECA;152451
31/05/2025;VIX;12137
01/06/2025;BEL;1520
01/06/2025;BHZ;4470
01/06/2025;BSB;1470
01/06/2025;FOR;2541
01/06/2025;RIO;17043
01/06/2025;POA;3445
01/06/2025;REC;14105
01/06/2025;SSA;8727
01/06/2025;TECA;40554
02/06/2025;BEL;4971
02/06/2025;BHZ;16074
02/06/2025;BSB;11115
02/06/2025;CGB;6508
02/06/2025;CGR;3239
02/06/2025;FOR;2901
02/06/2025;RIO;14231
02/06/2025;MAO;3348
02/06/2025;POA;11281
02/06/2025;REC;9728
02/06/2025;SSA;9427
02/06/2025;TECA;82325
02/06/2025;VIX;12170
03/06/2025;BEL;6931
03/06/2025;BHZ;15858
03/06/2025;BSB;10462
03/06/2025;CGB;6517
03/06/2025;CGR;2887
03/06/2025;FOR;3851
03/06/2025;RIO;30219
03/06/2025;MAO;261
03/06/2025;POA;11739
03/06/2025;REC;13284
03/06/2025;SSA;6752
03/06/2025;TECA;218218
03/06/2025;VIX;11670
04/06/2025;BEL;5826
04/06/2025;BHZ;21016
04/06/2025;BSB;9134
04/06/2025;CGB;46
04/06/2025;CGR;2157
04/06/2025;FOR;5405
04/06/2025;RIO;31523
04/06/2025;MAO;350
04/06/2025;POA;9659
04/06/2025;REC;5316
04/06/2025;SSA;9925
04/06/2025;TECA;226755
04/06/2025;VIX;13014
05/06/2025;BEL;7423
05/06/2025;BHZ;19508
05/06/2025;BSB;13512
05/06/2025;CGB;8022
05/06/2025;CGR;1504
05/06/2025;FOR;4758
05/06/2025;RIO;39707
05/06/2025;MAO;5607
05/06/2025;POA;15381
05/06/2025;REC;4917
05/06/2025;SSA;11405
05/06/2025;TECA;224700
05/06/2025;VIX;11846
06/06/2025;BEL;5540
06/06/2025;BHZ;20047
06/06/2025;BSB;13467
06/06/2025;CGB;8680
06/06/2025;CGR;3015
06/06/2025;FOR;3090
06/06/2025;RIO;35183
06/06/2025;MAO;5066
06/06/2025;POA;13049
06/06/2025;REC;11624
06/06/2025;SSA;8873
06/06/2025;TECA;182561
06/06/2025;VIX;11734
07/06/2025;BEL;1937
07/06/2025;BHZ;16988
07/06/2025;BSB;13539
07/06/2025;CGB;4035
07/06/2025;CGR;1409
07/06/2025;FOR;782
07/06/2025;RIO;32513
07/06/2025;MAO;2204
07/06/2025;POA;9535
07/06/2025;REC;9457
07/06/2025;SSA;10773
07/06/2025;TECA;152516
07/06/2025;VIX;10888
08/06/2025;BHZ;2176
08/06/2025;BSB;1949
08/06/2025;FOR;1084
08/06/2025;RIO;18144
08/06/2025;MAO;33
08/06/2025;POA;6031
08/06/2025;REC;8770
08/06/2025;SSA;5730
08/06/2025;TECA;34729
09/06/2025;BEL;9985
09/06/2025;BHZ;17195
09/06/2025;BSB;12392
09/06/2025;CGB;9476
09/06/2025;CGR;2319
09/06/2025;FOR;3933
09/06/2025;RIO;16792
09/06/2025;MAO;7121
09/06/2025;POA;12679
09/06/2025;REC;13956
09/06/2025;SSA;11296
09/06/2025;TECA;85125
09/06/2025;VIX;10380
10/06/2025;BEL;8306
10/06/2025;BHZ;17815
10/06/2025;BSB;7840
10/06/2025;CGB;9603
10/06/2025;CGR;2633
10/06/2025;FOR;6761
10/06/2025;RIO;31502
10/06/2025;MAO;921
10/06/2025;POA;13443
10/06/2025;REC;13747
10/06/2025;SSA;12292
10/06/2025;TECA;217746
10/06/2025;VIX;9367
11/06/2025;BEL;5395
11/06/2025;BHZ;23360
11/06/2025;BSB;10041
11/06/2025;CGB;274
11/06/2025;CGR;1591
11/06/2025;FOR;7170
11/06/2025;RIO;37829
11/06/2025;MAO;69
11/06/2025;POA;9506
11/06/2025;REC;9900
11/06/2025;SSA;8828
11/06/2025;TECA;211952
11/06/2025;VIX;13225
12/06/2025;BEL;7218
12/06/2025;BHZ;20056
12/06/2025;BSB;12779
12/06/2025;CGB;9886
12/06/2025;CGR;2001
12/06/2025;FOR;3023
12/06/2025;RIO;38882
12/06/2025;MAO;7001
12/06/2025;POA;10394
12/06/2025;REC;6212
12/06/2025;SSA;10683
12/06/2025;TECA;210697
12/06/2025;VIX;12317
13/06/2025;BEL;5472
13/06/2025;BHZ;19890
13/06/2025;BSB;13981
13/06/2025;CGB;4743
13/06/2025;CGR;2212
13/06/2025;FOR;2420
13/06/2025;RIO;36136
13/06/2025;MAO;5796
13/06/2025;POA;13489
13/06/2025;REC;8407
13/06/2025;SSA;10531
13/06/2025;TECA;200800
13/06/2025;VIX;10520
14/06/2025;BEL;4162
14/06/2025;BHZ;20920
14/06/2025;BSB;12423
14/06/2025;CGB;5083
14/06/2025;CGR;1270
14/06/2025;FOR;880
14/06/2025;RIO;26165
14/06/2025;MAO;3687
14/06/2025;POA;15194
14/06/2025;REC;12715
14/06/2025;SSA;11721
14/06/2025;TECA;140005
14/06/2025;VIX;9485
15/06/2025;BHZ;2730
15/06/2025;BSB;1506
15/06/2025;FOR;2261
15/06/2025;RIO;11097
15/06/2025;POA;10055
15/06/2025;REC;11034
15/06/2025;SSA;10770
15/06/2025;TECA;40994
15/06/2025;VIX;1
16/06/2025;BEL;8155
16/06/2025;BHZ;15340
16/06/2025;BSB;11464
16/06/2025;CGB;8738
16/06/2025;CGR;2674
16/06/2025;FOR;5491
16/06/2025;RIO;19055
16/06/2025;MAO;7844
16/06/2025;POA;13414
16/06/2025;REC;13615
16/06/2025;SSA;9826
16/06/2025;TECA;93359
16/06/2025;VIX;11143
17/06/2025;BEL;9557
17/06/2025;BHZ;14873
17/06/2025;BSB;9042
17/06/2025;CGB;3046
17/06/2025;CGR;2519
17/06/2025;FOR;3585
17/06/2025;RIO;29602
17/06/2025;MAO;1575
17/06/2025;POA;8562
17/06/2025;REC;13885
17/06/2025;SSA;10769
17/06/2025;TECA;204574
17/06/2025;VIX;10385
18/06/2025;BEL;6849
18/06/2025;BHZ;21157
18/06/2025;BSB;8874
18/06/2025;CGB;7779
18/06/2025;CGR;1744
18/06/2025;FOR;2705
18/06/2025;RIO;34086
18/06/2025;MAO;263
18/06/2025;POA;11301
18/06/2025;REC;8235
18/06/2025;SSA;12695
18/06/2025;TECA;198125
18/06/2025;VIX;11553
19/06/2025;BHZ;9918
19/06/2025;BSB;12612
19/06/2025;FOR;4960
19/06/2025;RIO;35192
19/06/2025;MAO;6438
19/06/2025;POA;11391
19/06/2025;REC;3865
19/06/2025;SSA;12272
19/06/2025;TECA;112066
19/06/2025;VIX;5662
20/06/2025;BEL;6816
20/06/2025;BHZ;15884
20/06/2025;BSB;11815
20/06/2025;CGB;9078
20/06/2025;CGR;1665
20/06/2025;FOR;3119
20/06/2025;RIO;21236
20/06/2025;MAO;5450
20/06/2025;POA;10703
20/06/2025;REC;13781
20/06/2025;SSA;8541
20/06/2025;TECA;138556
20/06/2025;VIX;10653
21/06/2025;BEL;4620
21/06/2025;BHZ;13856
21/06/2025;BSB;7753
21/06/2025;CGB;6413
21/06/2025;CGR;2104
21/06/2025;FOR;1276
21/06/2025;RIO;24524
21/06/2025;MAO;1870
21/06/2025;POA;12199
21/06/2025;REC;13413
21/06/2025;SSA;8351
21/06/2025;TECA;123209
21/06/2025;VIX;10471
22/06/2025;BHZ;2742
22/06/2025;BSB;1415
22/06/2025;FOR;2478
22/06/2025;RIO;10376
22/06/2025;POA;4420
22/06/2025;REC;8855
22/06/2025;SSA;6242
22/06/2025;TECA;29248
22/06/2025;VIX;39
23/06/2025;BEL;7412
23/06/2025;BHZ;15415
23/06/2025;BSB;11492
23/06/2025;CGB;1478
23/06/2025;CGR;2312
23/06/2025;FOR;5574
23/06/2025;RIO;18476
23/06/2025;MAO;6512
23/06/2025;POA;9115
23/06/2025;REC;8486
23/06/2025;SSA;8800
23/06/2025;TECA;72710
23/06/2025;VIX;9889
24/06/2025;BEL;7900
24/06/2025;BHZ;17424
24/06/2025;BSB;8251
24/06/2025;CGB;7950
24/06/2025;CGR;2677
24/06/2025;FOR;3766
24/06/2025;RIO;31858
24/06/2025;MAO;3361
24/06/2025;POA;11656
24/06/2025;REC;6481
24/06/2025;SSA;5930
24/06/2025;TECA;189112
24/06/2025;VIX;9468
25/06/2025;BEL;4691
25/06/2025;BHZ;16968
25/06/2025;BSB;12430
25/06/2025;CGB;146
25/06/2025;CGR;2704
25/06/2025;FOR;2361
25/06/2025;RIO;36105
25/06/2025;MAO;518
25/06/2025;POA;9316
25/06/2025;REC;7195
25/06/2025;SSA;4074
25/06/2025;TECA;188375
25/06/2025;VIX;12606
26/06/2025;BEL;4325
26/06/2025;BHZ;19044
26/06/2025;BSB;7633
26/06/2025;CGB;5485
26/06/2025;CGR;1922
26/06/2025;FOR;2543
26/06/2025;RIO;32451
26/06/2025;MAO;1228
26/06/2025;POA;13821
26/06/2025;REC;5440
26/06/2025;SSA;7417
26/06/2025;TECA;189278
26/06/2025;VIX;13386
27/06/2025;BEL;5040
27/06/2025;BHZ;22044
27/06/2025;BSB;14420
27/06/2025;CGB;4955
27/06/2025;CGR;2998
27/06/2025;FOR;4305
27/06/2025;RIO;36132
27/06/2025;MAO;1073
27/06/2025;POA;12140
27/06/2025;REC;10905
27/06/2025;SSA;6982
27/06/2025;TECA;179256
27/06/2025;VIX;9725
28/06/2025;BEL;7
28/06/2025;BHZ;18242
28/06/2025;BSB;9833
28/06/2025;CGB;6224
28/06/2025;CGR;1368
28/06/2025;FOR;1420
28/06/2025;RIO;32973
28/06/2025;MAO;6511
28/06/2025;POA;10347
28/06/2025;REC;8963
28/06/2025;SSA;8773
28/06/2025;TECA;135910
28/06/2025;VIX;11867
29/06/2025;BHZ;12272
29/06/2025;BSB;933
29/06/2025;FOR;1832
29/06/2025;RIO;6750
29/06/2025;POA;10982
29/06/2025;REC;10333
29/06/2025;SSA;6142
29/06/2025;TECA;28028
29/06/2025;VIX;1075
30/06/2025;BEL;9064
30/06/2025;BHZ;13122
30/06/2025;BSB;10978
30/06/2025;CGB;6489
30/06/2025;CGR;1983
30/06/2025;FOR;3411
30/06/2025;RIO;16991
30/06/2025;MAO;5671
30/06/2025;POA;14051
30/06/2025;REC;9763
30/06/2025;SSA;8697
30/06/2025;TECA;96597
30/06/2025;VIX;9174
01/07/2025;BEL;5339
01/07/2025;BHZ;17937
01/07/2025;BSB;11192
01/07/2025;CGB;7041
01/07/2025;CGR;2537
01/07/2025;FOR;3334
01/07/2025;RIO;31152
01/07/2025;MAO;4476
01/07/2025;POA;12083
01/07/2025;REC;8510
01/07/2025;SSA;9047
01/07/2025;TECA;173400
01/07/2025;VIX;7553
02/07/2025;BEL;7117
02/07/2025;BHZ;22568
02/07/2025;BSB;10347
02/07/2025;CGB;3912
02/07/2025;CGR;3343
02/07/2025;FOR;4223
02/07/2025;RIO;38938
02/07/2025;MAO;1516
02/07/2025;POA;10984
02/07/2025;REC;7903
02/07/2025;SSA;7379
02/07/2025;TECA;176317
02/07/2025;VIX;12930
03/07/2025;BEL;2798
03/07/2025;BHZ;24161
03/07/2025;BSB;11715
03/07/2025;CGB;3524
03/07/2025;CGR;2254
03/07/2025;FOR;3383
03/07/2025;RIO;37185
03/07/2025;MAO;3768
03/07/2025;POA;13435
03/07/2025;REC;6863
03/07/2025;SSA;7532
03/07/2025;TECA;162780
03/07/2025;VIX;14493
04/07/2025;BEL;6842
04/07/2025;BHZ;24228
04/07/2025;BSB;11542
04/07/2025;CGB;6459
04/07/2025;CGR;2603
04/07/2025;FOR;3538
04/07/2025;RIO;34975
04/07/2025;MAO;2837
04/07/2025;POA;8520
04/07/2025;REC;11451
04/07/2025;SSA;10982
04/07/2025;TECA;159159
04/07/2025;VIX;10680
05/07/2025;BEL;3856
05/07/2025;BHZ;19171
05/07/2025;BSB;11158
05/07/2025;CGR;990
05/07/2025;FOR;22
05/07/2025;RIO;34232
05/07/2025;MAO;4214
05/07/2025;POA;6013
05/07/2025;REC;9578
05/07/2025;SSA;13312
05/07/2025;TECA;121917
05/07/2025;VIX;8571
06/07/2025;BEL;368
06/07/2025;BHZ;8944
06/07/2025;BSB;1343
06/07/2025;FOR;1786
06/07/2025;RIO;18724
06/07/2025;POA;8494
06/07/2025;REC;7986
06/07/2025;SSA;9105
06/07/2025;TECA;23244
06/07/2025;VIX;2289
07/07/2025;BEL;9325
07/07/2025;BHZ;15188
07/07/2025;BSB;10982
07/07/2025;CGB;8213
07/07/2025;CGR;1445
07/07/2025;FOR;4742
07/07/2025;RIO;23850
07/07/2025;MAO;7611
07/07/2025;POA;15126
07/07/2025;REC;11541
07/07/2025;SSA;9840
07/07/2025;TECA;92793
07/07/2025;VIX;10084
08/07/2025;BEL;8074
08/07/2025;BHZ;21171
08/07/2025;BSB;9104
08/07/2025;CGB;6816
08/07/2025;CGR;2546
08/07/2025;FOR;5513
08/07/2025;RIO;30218
08/07/2025;MAO;5379
08/07/2025;POA;13407
08/07/2025;REC;10436
08/07/2025;SSA;14017
08/07/2025;TECA;195190
08/07/2025;VIX;11435
09/07/2025;BEL;4899
09/07/2025;BHZ;28530
09/07/2025;BSB;9053
09/07/2025;CGB;261
09/07/2025;CGR;2434
09/07/2025;FOR;4650
09/07/2025;RIO;41162
09/07/2025;MAO;448
09/07/2025;POA;12613
09/07/2025;REC;8745
09/07/2025;SSA;2639
09/07/2025;TECA;148676
09/07/2025;VIX;12782
10/07/2025;BEL;799
10/07/2025;BHZ;24008
10/07/2025;BSB;14684
10/07/2025;CGB;3697
10/07/2025;CGR;2118
10/07/2025;FOR;3280
10/07/2025;RIO;34198
10/07/2025;MAO;3402
10/07/2025;POA;14016
10/07/2025;REC;10345
10/07/2025;SSA;11110
10/07/2025;TECA;186510
10/07/2025;VIX;14984
11/07/2025;BEL;8096
11/07/2025;BHZ;26424
11/07/2025;BSB;10884
11/07/2025;CGB;8616
11/07/2025;CGR;2273
11/07/2025;FOR;4695
11/07/2025;RIO;37380
11/07/2025;MAO;6443
11/07/2025;POA;11311
11/07/2025;REC;8373
11/07/2025;SSA;10915
11/07/2025;TECA;205946
11/07/2025;VIX;12705
12/07/2025;BEL;70
12/07/2025;BHZ;19339
12/07/2025;BSB;11088
12/07/2025;CGB;3855
12/07/2025;CGR;1897
12/07/2025;FOR;1448
12/07/2025;RIO;34014
12/07/2025;MAO;3571
12/07/2025;POA;10263
12/07/2025;REC;9340
12/07/2025;SSA;13220
12/07/2025;TECA;162345
12/07/2025;VIX;14085
13/07/2025;BHZ;6153
13/07/2025;BSB;1185
13/07/2025;CGB;28
13/07/2025;FOR;3754
13/07/2025;RIO;30990
13/07/2025;POA;7715
13/07/2025;REC;7678
13/07/2025;SSA;7389
13/07/2025;TECA;46810
13/07/2025;VIX;1440
14/07/2025;BEL;8155
14/07/2025;BHZ;15386
14/07/2025;BSB;13784
14/07/2025;CGB;7777
14/07/2025;CGR;2064
14/07/2025;FOR;3620
14/07/2025;RIO;26558
14/07/2025;MAO;2008
14/07/2025;POA;9502
14/07/2025;REC;7249
14/07/2025;SSA;14248
14/07/2025;TECA;127800
14/07/2025;VIX;8836
15/07/2025;BEL;7764
15/07/2025;BHZ;23365
15/07/2025;BSB;11329
15/07/2025;CGB;6322
15/07/2025;CGR;2570
15/07/2025;FOR;4209
15/07/2025;RIO;33971
15/07/2025;MAO;2603
15/07/2025;POA;9957
15/07/2025;REC;14690
15/07/2025;SSA;10567
15/07/2025;TECA;188171
15/07/2025;VIX;11230
16/07/2025;BEL;5517
16/07/2025;BHZ;23301
16/07/2025;BSB;11987
16/07/2025;CGB;116
16/07/2025;CGR;2253
16/07/2025;FOR;6591
16/07/2025;RIO;41108
16/07/2025;MAO;273
16/07/2025;POA;12784
16/07/2025;REC;9233
16/07/2025;SSA;10359
16/07/2025;TECA;210010
16/07/2025;VIX;11838
17/07/2025;BEL;3092
17/07/2025;BHZ;24097
17/07/2025;BSB;12493
17/07/2025;CGB;10233
17/07/2025;CGR;2370
17/07/2025;FOR;4543
17/07/2025;RIO;41024
17/07/2025;MAO;5943
17/07/2025;POA;13940
17/07/2025;REC;4583
17/07/2025;SSA;5217
17/07/2025;TECA;213841
17/07/2025;VIX;16057
18/07/2025;BEL;6224
18/07/2025;BHZ;23455
18/07/2025;BSB;15032
18/07/2025;CGB;5645
18/07/2025;CGR;2999
18/07/2025;FOR;2502
18/07/2025;RIO;40148
18/07/2025;MAO;6795
18/07/2025;POA;12185
18/07/2025;REC;6681
18/07/2025;SSA;14844
18/07/2025;TECA;193612
18/07/2025;VIX;13770
19/07/2025;BEL;2903
19/07/2025;BHZ;20839
19/07/2025;BSB;11065
19/07/2025;CGB;6488
19/07/2025;CGR;1469
19/07/2025;FOR;4119
19/07/2025;RIO;33411
19/07/2025;MAO;2522
19/07/2025;POA;11765
19/07/2025;REC;12898
19/07/2025;SSA;10800
19/07/2025;TECA;151930
19/07/2025;VIX;9931
20/07/2025;BEL;3003
20/07/2025;BHZ;7202
20/07/2025;BSB;1480
20/07/2025;FOR;3940
20/07/2025;RIO;26721
20/07/2025;POA;6797
20/07/2025;REC;8260
20/07/2025;SSA;9795
20/07/2025;TECA;50852
20/07/2025;VIX;4201
21/07/2025;BEL;5931
21/07/2025;BHZ;14797
21/07/2025;BSB;14713
21/07/2025;CGB;8384
21/07/2025;CGR;2395
21/07/2025;FOR;4520
21/07/2025;RIO;20137
21/07/2025;MAO;8729
21/07/2025;POA;7087
21/07/2025;REC;13772
21/07/2025;SSA;9269
21/07/2025;TECA;106146
21/07/2025;VIX;12055
22/07/2025;BEL;3951
22/07/2025;BHZ;18754
22/07/2025;BSB;9148
22/07/2025;CGB;7552
22/07/2025;CGR;2597
22/07/2025;FOR;5829
22/07/2025;RIO;33783
22/07/2025;MAO;2495
22/07/2025;POA;11423
22/07/2025;REC;14460
22/07/2025;SSA;15455
22/07/2025;TECA;187215
22/07/2025;VIX;10978
23/07/2025;BEL;7344
23/07/2025;BHZ;25042
23/07/2025;BSB;10017
23/07/2025;CGB;254
23/07/2025;CGR;2504
23/07/2025;FOR;5668
23/07/2025;RIO;34096
23/07/2025;MAO;2468
23/07/2025;POA;10615
23/07/2025;REC;7306
23/07/2025;SSA;7321
23/07/2025;TECA;191453
23/07/2025;VIX;10760
24/07/2025;BEL;7285
24/07/2025;BHZ;23797
24/07/2025;BSB;10878
24/07/2025;CGB;4611
24/07/2025;CGR;1114
24/07/2025;FOR;4037
24/07/2025;RIO;35175
24/07/2025;MAO;6444
24/07/2025;POA;13128
24/07/2025;REC;11865
24/07/2025;SSA;13171
24/07/2025;TECA;174273
24/07/2025;VIX;11518
25/07/2025;BEL;9551
25/07/2025;BHZ;21451
25/07/2025;BSB;14158
25/07/2025;CGB;9880
25/07/2025;CGR;2688
25/07/2025;FOR;3073
25/07/2025;RIO;29196
25/07/2025;MAO;4382
25/07/2025;POA;14698
25/07/2025;REC;7037
25/07/2025;SSA;9206
25/07/2025;TECA;162571
25/07/2025;VIX;12386
26/07/2025;BEL;4243
26/07/2025;BHZ;18517
26/07/2025;BSB;11271
26/07/2025;CGB;8005
26/07/2025;CGR;2169
26/07/2025;FOR;1558
26/07/2025;RIO;25820
26/07/2025;MAO;2785
26/07/2025;POA;12295
26/07/2025;REC;9215
26/07/2025;SSA;10552
26/07/2025;TECA;111713
26/07/2025;VIX;10081
27/07/2025;BEL;4890
27/07/2025;BHZ;6628
27/07/2025;BSB;1560
27/07/2025;FOR;2151
27/07/2025;RIO;7508
27/07/2025;POA;5613
27/07/2025;REC;8776
27/07/2025;SSA;9083
27/07/2025;TECA;22880
27/07/2025;VIX;1986
28/07/2025;BEL;7557
28/07/2025;BHZ;18898
28/07/2025;BSB;11646
28/07/2025;CGB;348
28/07/2025;CGR;3485
28/07/2025;FOR;4967
28/07/2025;RIO;16975
28/07/2025;MAO;7429
28/07/2025;POA;6473
28/07/2025;REC;7156
28/07/2025;SSA;12093
28/07/2025;TECA;78314
28/07/2025;VIX;10268
29/07/2025;BEL;2198
29/07/2025;BHZ;23358
29/07/2025;BSB;9443
29/07/2025;CGB;8457
29/07/2025;CGR;1944
29/07/2025;FOR;4128
29/07/2025;RIO;26927
29/07/2025;MAO;2453
29/07/2025;POA;7814
29/07/2025;REC;11219
29/07/2025;SSA;12266
29/07/2025;TECA;165875
29/07/2025;VIX;9704
30/07/2025;BEL;2968
30/07/2025;BHZ;20620
30/07/2025;BSB;10296
30/07/2025;CGB;6171
30/07/2025;CGR;3271
30/07/2025;FOR;4161
30/07/2025;RIO;28717
30/07/2025;MAO;135
30/07/2025;POA;12674
30/07/2025;REC;4773
30/07/2025;SSA;8117
30/07/2025;TECA;165350
30/07/2025;VIX;10589
31/07/2025;BEL;3660
31/07/2025;BHZ;19800
31/07/2025;BSB;7298
31/07/2025;CGB;3325
31/07/2025;CGR;2372
31/07/2025;FOR;5491
31/07/2025;RIO;27200
31/07/2025;MAO;4744
31/07/2025;POA;14636
31/07/2025;REC;5853
31/07/2025;SSA;8648
31/07/2025;TECA;158042
31/07/2025;VIX;11717
01/08/2025;BEL;3443
01/08/2025;BHZ;18992
01/08/2025;BSB;13738
01/08/2025;CGB;3298
01/08/2025;CGR;2873
01/08/2025;FOR;1608
01/08/2025;RIO;30137
01/08/2025;MAO;5959
01/08/2025;POA;12391
01/08/2025;REC;9886
01/08/2025;SSA;13574
01/08/2025;TECA;139860
01/08/2025;VIX;12440
02/08/2025;BEL;3221
02/08/2025;BHZ;13846
02/08/2025;BSB;10592
02/08/2025;CGR;637
02/08/2025;FOR;1711
02/08/2025;RIO;23997
02/08/2025;MAO;1850
02/08/2025;POA;9091
02/08/2025;REC;3313
02/08/2025;SSA;9258
02/08/2025;TECA;110432
02/08/2025;VIX;8166
03/08/2025;BEL;5350
03/08/2025;BHZ;5666
03/08/2025;BSB;1088
03/08/2025;FOR;2070
03/08/2025;RIO;6266
03/08/2025;POA;6761
03/08/2025;REC;10375
03/08/2025;SSA;8347
03/08/2025;TECA;19587
03/08/2025;VIX;420
04/08/2025;BEL;4671
04/08/2025;BHZ;13807
04/08/2025;BSB;9733
04/08/2025;CGB;7309
04/08/2025;CGR;2800
04/08/2025;FOR;4188
04/08/2025;RIO;16724
04/08/2025;MAO;4707
04/08/2025;POA;6892
04/08/2025;REC;7201
04/08/2025;SSA;6487
04/08/2025;TECA;72253
04/08/2025;VIX;10616
05/08/2025;BEL;4291
05/08/2025;BHZ;18631
05/08/2025;BSB;8559
05/08/2025;CGB;3714
05/08/2025;CGR;2654
05/08/2025;FOR;4925
05/08/2025;RIO;29063
05/08/2025;MAO;5298
05/08/2025;POA;8153
05/08/2025;REC;8852
05/08/2025;SSA;12305
05/08/2025;TECA;170589
05/08/2025;VIX;9687
06/08/2025;BEL;2506
06/08/2025;BHZ;19322
06/08/2025;BSB;8738
06/08/2025;CGB;3221
06/08/2025;CGR;3115
06/08/2025;FOR;4984
06/08/2025;RIO;29127
06/08/2025;MAO;2230
06/08/2025;POA;10300
06/08/2025;REC;3745
06/08/2025;SSA;2866
06/08/2025;TECA;160816
06/08/2025;VIX;10574
07/08/2025;BEL;1965
07/08/2025;BHZ;21105
07/08/2025;BSB;12985
07/08/2025;CGB;145
07/08/2025;CGR;1869
07/08/2025;FOR;2994
07/08/2025;RIO;35362
07/08/2025;MAO;5900
07/08/2025;POA;14061
07/08/2025;REC;6753
07/08/2025;SSA;11857
07/08/2025;TECA;173315
07/08/2025;VIX;10978
08/08/2025;BEL;3360
08/08/2025;BHZ;21102
08/08/2025;BSB;11045
08/08/2025;CGB;4738
08/08/2025;CGR;2087
08/08/2025;FOR;3024
08/08/2025;RIO;30463
08/08/2025;MAO;2902
08/08/2025;POA;13906
08/08/2025;REC;7073
08/08/2025;SSA;10516
08/08/2025;TECA;166849
08/08/2025;VIX;10429
09/08/2025;BEL;5749
09/08/2025;BHZ;18764
09/08/2025;BSB;10085
09/08/2025;CGB;4703
09/08/2025;CGR;1455
09/08/2025;FOR;1780
09/08/2025;RIO;31581
09/08/2025;MAO;87
09/08/2025;POA;11080
09/08/2025;REC;4656
09/08/2025;SSA;13128
09/08/2025;TECA;134780
09/08/2025;VIX;10497
10/08/2025;BEL;2124
10/08/2025;BHZ;3991
10/08/2025;BSB;1123
10/08/2025;FOR;3026
10/08/2025;RIO;5212
10/08/2025;POA;4155
10/08/2025;REC;13415
10/08/2025;SSA;6818
10/08/2025;TECA;31435
10/08/2025;VIX;274
11/08/2025;BEL;2236
11/08/2025;BHZ;17297
11/08/2025;BSB;14066
11/08/2025;CGB;5473
11/08/2025;CGR;1962
11/08/2025;FOR;3543
11/08/2025;RIO;18623
11/08/2025;MAO;806
11/08/2025;POA;9017
11/08/2025;REC;6420
11/08/2025;SSA;9735
11/08/2025;TECA;87377
11/08/2025;VIX;11968
12/08/2025;BEL;3920
12/08/2025;BHZ;17442
12/08/2025;BSB;10774
12/08/2025;CGB;2155
12/08/2025;CGR;2856
12/08/2025;FOR;3202
12/08/2025;RIO;29249
12/08/2025;MAO;36
12/08/2025;POA;10546
12/08/2025;REC;7994
12/08/2025;SSA;8766
12/08/2025;TECA;180918
12/08/2025;VIX;8053
13/08/2025;BEL;3927
13/08/2025;BHZ;23544
13/08/2025;BSB;9831
13/08/2025;CGB;2863
13/08/2025;CGR;2571
13/08/2025;FOR;4674
13/08/2025;RIO;36357
13/08/2025;MAO;57
13/08/2025;POA;12141
13/08/2025;REC;5494
13/08/2025;SSA;6473
13/08/2025;TECA;192559
13/08/2025;VIX;13089
14/08/2025;BEL;3761
14/08/2025;BHZ;20745
14/08/2025;BSB;13708
14/08/2025;CGB;3181
14/08/2025;CGR;2848
14/08/2025;FOR;3042
14/08/2025;RIO;37364
14/08/2025;MAO;4331
14/08/2025;POA;15314
14/08/2025;REC;8786
14/08/2025;SSA;10326
14/08/2025;TECA;195107
14/08/2025;VIX;11422
15/08/2025;BEL;5861
15/08/2025;BHZ;18199
15/08/2025;BSB;11810
15/08/2025;CGB;3382
15/08/2025;CGR;2962
15/08/2025;FOR;4009
15/08/2025;RIO;34834
15/08/2025;MAO;3132
15/08/2025;POA;12749
15/08/2025;REC;10462
15/08/2025;SSA;12026
15/08/2025;TECA;180478
15/08/2025;VIX;12109
16/08/2025;BEL;2517
16/08/2025;BHZ;13542
16/08/2025;BSB;10963
16/08/2025;CGB;1829
16/08/2025;CGR;86
16/08/2025;FOR;2097
16/08/2025;RIO;32167
16/08/2025;MAO;1673
16/08/2025;POA;10026
16/08/2025;REC;2608
16/08/2025;SSA;10578
16/08/2025;TECA;117830
16/08/2025;VIX;12715
17/08/2025;BEL;2332
17/08/2025;BHZ;6943
17/08/2025;BSB;1393
17/08/2025;CGB;140
17/08/2025;FOR;2193
17/08/2025;RIO;6140
17/08/2025;POA;5161
17/08/2025;REC;12232
17/08/2025;SSA;10114
17/08/2025;TECA;24616
17/08/2025;VIX;1063
18/08/2025;BEL;5427
18/08/2025;BHZ;16621
18/08/2025;BSB;13669
18/08/2025;CGB;4298
18/08/2025;CGR;3166
18/08/2025;FOR;3171
18/08/2025;RIO;18309
18/08/2025;MAO;4873
18/08/2025;POA;7668
18/08/2025;REC;4469
18/08/2025;SSA;10220
18/08/2025;TECA;72699
18/08/2025;VIX;8082
19/08/2025;BEL;6309
19/08/2025;BHZ;20720
19/08/2025;BSB;10210
19/08/2025;CGB;6817
19/08/2025;CGR;2366
19/08/2025;FOR;3896
19/08/2025;RIO;27976
19/08/2025;MAO;6034
19/08/2025;POA;10194
19/08/2025;REC;14918
19/08/2025;SSA;9049
19/08/2025;TECA;190589
19/08/2025;VIX;8706
20/08/2025;BEL;3740
20/08/2025;BHZ;21726
20/08/2025;BSB;10839
20/08/2025;CGB;185
20/08/2025;CGR;2870
20/08/2025;FOR;4981
20/08/2025;RIO;38539
20/08/2025;MAO;512
20/08/2025;POA;12343
20/08/2025;REC;5481
20/08/2025;SSA;3979
20/08/2025;TECA;190657
20/08/2025;VIX;12790
21/08/2025;BEL;6197
21/08/2025;BHZ;25171
21/08/2025;BSB;10926
21/08/2025;CGB;2914
21/08/2025;CGR;3300
21/08/2025;FOR;4563
21/08/2025;RIO;35807
21/08/2025;MAO;5165
21/08/2025;POA;14067
21/08/2025;REC;2506
21/08/2025;SSA;8899
21/08/2025;TECA;177860
21/08/2025;VIX;12772
22/08/2025;BEL;4875
22/08/2025;BHZ;22310
22/08/2025;BSB;14265
22/08/2025;CGB;4118
22/08/2025;CGR;2255
22/08/2025;FOR;4958
22/08/2025;RIO;32905
22/08/2025;MAO;2598
22/08/2025;POA;13457
22/08/2025;REC;8966
22/08/2025;SSA;11490
22/08/2025;TECA;166459
22/08/2025;VIX;13007
23/08/2025;BEL;2107
23/08/2025;BHZ;14406
23/08/2025;BSB;11176
23/08/2025;CGB;2367
23/08/2025;CGR;73
23/08/2025;FOR;1276
23/08/2025;RIO;26734
23/08/2025;MAO;2980
23/08/2025;POA;8464
23/08/2025;REC;12133
23/08/2025;SSA;10679
23/08/2025;TECA;123539
23/08/2025;VIX;11307
24/08/2025;BEL;3829
24/08/2025;BHZ;5385
24/08/2025;BSB;1024
24/08/2025;FOR;1800
24/08/2025;RIO;7347
24/08/2025;POA;5089
24/08/2025;REC;2514
24/08/2025;SSA;8945
24/08/2025;TECA;19966
24/08/2025;VIX;673
25/08/2025;BEL;3297
25/08/2025;BHZ;17054
25/08/2025;BSB;12497
25/08/2025;CGB;4707
25/08/2025;CGR;2789
25/08/2025;FOR;3791
25/08/2025;RIO;17807
25/08/2025;MAO;5584
25/08/2025;POA;8342
25/08/2025;REC;9729
25/08/2025;SSA;10453
25/08/2025;TECA;71359
25/08/2025;VIX;11886
26/08/2025;BEL;4581
26/08/2025;BHZ;21942
26/08/2025;BSB;8622
26/08/2025;CGB;3436
26/08/2025;CGR;1780
26/08/2025;FOR;4735
26/08/2025;RIO;29587
26/08/2025;MAO;198
26/08/2025;POA;9476
26/08/2025;REC;4594
26/08/2025;SSA;9675
26/08/2025;TECA;166979
26/08/2025;VIX;8519
27/08/2025;BEL;3443
27/08/2025;BHZ;21875
27/08/2025;BSB;7115
27/08/2025;CGB;1929
27/08/2025;CGR;2148
27/08/2025;FOR;3998
27/08/2025;RIO;35318
27/08/2025;MAO;1744
27/08/2025;POA;11372
27/08/2025;REC;7409
27/08/2025;SSA;5922
27/08/2025;TECA;191094
27/08/2025;VIX;11305
28/08/2025;BEL;2504
28/08/2025;BHZ;18037
28/08/2025;BSB;11828
28/08/2025;CGB;2754
28/08/2025;CGR;3094
28/08/2025;FOR;4064
28/08/2025;RIO;30235
28/08/2025;MAO;5172
28/08/2025;POA;14029
28/08/2025;REC;4220
28/08/2025;SSA;7615
28/08/2025;TECA;167342
28/08/2025;VIX;11031
29/08/2025;BEL;4500
29/08/2025;BHZ;17819
29/08/2025;BSB;11790
29/08/2025;CGB;2423
29/08/2025;CGR;2260
29/08/2025;FOR;3720
29/08/2025;RIO;27982
29/08/2025;MAO;2380
29/08/2025;POA;13067
29/08/2025;REC;7003
29/08/2025;SSA;11797
29/08/2025;TECA;145343
29/08/2025;VIX;12876
30/08/2025;BEL;2134
30/08/2025;BHZ;15374
30/08/2025;BSB;9152
30/08/2025;CGB;2700
30/08/2025;CGR;1351
30/08/2025;FOR;1748
30/08/2025;RIO;27177
30/08/2025;MAO;1751
30/08/2025;POA;9751
30/08/2025;REC;5139
30/08/2025;SSA;9553
30/08/2025;TECA;109143
30/08/2025;VIX;8737
31/08/2025;BEL;2572
31/08/2025;BHZ;259
31/08/2025;BSB;1411
31/08/2025;CGB;23
31/08/2025;FOR;1652
31/08/2025;RIO;5598
31/08/2025;POA;3351
31/08/2025;REC;11876
31/08/2025;SSA;8680
31/08/2025;TECA;13228
01/09/2025;BEL;3297
01/09/2025;BHZ;18003
01/09/2025;BSB;11169
01/09/2025;CGB;4032
01/09/2025;CGR;2222
01/09/2025;FOR;2555
01/09/2025;RIO;16143
01/09/2025;MAO;743
01/09/2025;POA;9369
01/09/2025;REC;5477
01/09/2025;SSA;4150
01/09/2025;TECA;72598
01/09/2025;VIX;7676
02/09/2025;BEL;1653
02/09/2025;BHZ;19285
02/09/2025;BSB;9672
02/09/2025;CGB;2664
02/09/2025;CGR;2656
02/09/2025;FOR;5463
02/09/2025;RIO;30060
02/09/2025;MAO;66
02/09/2025;POA;9894
02/09/2025;REC;6610
02/09/2025;SSA;9652
02/09/2025;TECA;167682
02/09/2025;VIX;8815
03/09/2025;BEL;3347
03/09/2025;BHZ;18832
03/09/2025;BSB;10602
03/09/2025;CGB;3
03/09/2025;CGR;2063
03/09/2025;FOR;4493
03/09/2025;RIO;33429
03/09/2025;MAO;8
03/09/2025;POA;12366
03/09/2025;REC;4441
03/09/2025;SSA;4272
03/09/2025;TECA;178252
03/09/2025;VIX;12595
04/09/2025;BEL;4660
04/09/2025;BHZ;20618
04/09/2025;BSB;10330
04/09/2025;CGB;4249
04/09/2025;CGR;2082
04/09/2025;FOR;5092
04/09/2025;RIO;33720
04/09/2025;MAO;509
04/09/2025;POA;12271
04/09/2025;REC;7070
04/09/2025;SSA;11475
04/09/2025;TECA;161763
04/09/2025;VIX;11127
05/09/2025;BEL;3755
05/09/2025;BHZ;19926
05/09/2025;BSB;11705
05/09/2025;CGB;4083
05/09/2025;CGR;1884
05/09/2025;FOR;3506
05/09/2025;RIO;33091
05/09/2025;POA;11849
05/09/2025;REC;5007
05/09/2025;SSA;8644
05/09/2025;TECA;153929
05/09/2025;VIX;10418
06/09/2025;BEL;1685
06/09/2025;BHZ;14055
06/09/2025;BSB;10351
06/09/2025;CGB;2884
06/09/2025;CGR;60
06/09/2025;FOR;1066
06/09/2025;RIO;31484
06/09/2025;MAO;81
06/09/2025;POA;8924
06/09/2025;REC;11586
06/09/2025;SSA;12167
06/09/2025;TECA;116326
06/09/2025;VIX;9922
07/09/2025;BEL;1731
07/09/2025;BHZ;4503
07/09/2025;BSB;1234
07/09/2025;FOR;1595
07/09/2025;RIO;4528
07/09/2025;POA;674
07/09/2025;REC;532
07/09/2025;SSA;4807
07/09/2025;TECA;24377
08/09/2025;BEL;2938
08/09/2025;BHZ;17279
08/09/2025;BSB;11858
08/09/2025;CGB;2467
08/09/2025;CGR;3663
08/09/2025;FOR;4025
08/09/2025;RIO;21967
08/09/2025;MAO;7166
08/09/2025;POA;8912
08/09/2025;REC;11828
08/09/2025;SSA;10726
08/09/2025;TECA;85235
08/09/2025;VIX;9815
09/09/2025;BEL;6556
09/09/2025;BHZ;20752
09/09/2025;BSB;11675
09/09/2025;CGB;2519
09/09/2025;CGR;1833
09/09/2025;FOR;4201
09/09/2025;RIO;24834
09/09/2025;MAO;2522
09/09/2025;POA;12598
09/09/2025;REC;7961
09/09/2025;SSA;7014
09/09/2025;TECA;185588
09/09/2025;VIX;10281
10/09/2025;BEL;5779
10/09/2025;BHZ;18147
10/09/2025;BSB;11112
10/09/2025;CGB;1499
10/09/2025;CGR;2552
10/09/2025;FOR;5257
10/09/2025;RIO;39906
10/09/2025;MAO;64
10/09/2025;POA;12036
10/09/2025;REC;8065
10/09/2025;SSA;4387
10/09/2025;TECA;193865
10/09/2025;VIX;10006
11/09/2025;BEL;6264
11/09/2025;BHZ;18673
11/09/2025;BSB;12715
11/09/2025;CGB;2593
11/09/2025;CGR;2398
11/09/2025;FOR;6433
11/09/2025;RIO;33971
11/09/2025;MAO;3740
11/09/2025;POA;12867
11/09/2025;REC;6579
11/09/2025;SSA;8323
11/09/2025;TECA;180689
11/09/2025;VIX;14185
12/09/2025;BEL;4710
12/09/2025;BHZ;16124
12/09/2025;BSB;10736
12/09/2025;CGB;2272
12/09/2025;CGR;2061
12/09/2025;FOR;7273
12/09/2025;RIO;41265
12/09/2025;MAO;3954
12/09/2025;POA;12088
12/09/2025;REC;7789
12/09/2025;SSA;11143
12/09/2025;TECA;181761
12/09/2025;VIX;12590
13/09/2025;BEL;1976
13/09/2025;BHZ;21271
13/09/2025;BSB;11791
13/09/2025;CGB;3576
13/09/2025;CGR;879
13/09/2025;FOR;2392
13/09/2025;RIO;31426
13/09/2025;MAO;294
13/09/2025;POA;8994
13/09/2025;REC;6855
13/09/2025;SSA;7567
13/09/2025;TECA;129385
13/09/2025;VIX;12203
14/09/2025;BEL;3136
14/09/2025;BHZ;10368
14/09/2025;BSB;976
14/09/2025;CGB;103
14/09/2025;FOR;2380
14/09/2025;RIO;14064
14/09/2025;POA;3921
14/09/2025;REC;9043
14/09/2025;SSA;9427
14/09/2025;TECA;33971
14/09/2025;VIX;184
15/09/2025;BEL;5127
15/09/2025;BHZ;22019
15/09/2025;BSB;17849
15/09/2025;CGB;4128
15/09/2025;CGR;3623
15/09/2025;FOR;5016
15/09/2025;RIO;15790
15/09/2025;MAO;1026
15/09/2025;POA;11579
15/09/2025;REC;5735
15/09/2025;SSA;8476
15/09/2025;TECA;86079
15/09/2025;VIX;11782
16/09/2025;BEL;5400
16/09/2025;BHZ;25119
16/09/2025;BSB;13587
16/09/2025;CGB;2752
16/09/2025;CGR;3236
16/09/2025;FOR;3781
16/09/2025;RIO;29059
16/09/2025;MAO;98
16/09/2025;POA;11404
16/09/2025;REC;10127
16/09/2025;SSA;9667
16/09/2025;TECA;196593
16/09/2025;VIX;11032
17/09/2025;BEL;4829
17/09/2025;BHZ;23386
17/09/2025;BSB;9659
17/09/2025;CGB;2001
17/09/2025;CGR;3587
17/09/2025;FOR;6901
17/09/2025;RIO;31099
17/09/2025;MAO;1449
17/09/2025;POA;12868
17/09/2025;REC;5941
17/09/2025;SSA;4675
17/09/2025;TECA;205442
17/09/2025;VIX;13111
18/09/2025;BEL;2956
18/09/2025;BHZ;16501
18/09/2025;BSB;14936
18/09/2025;CGB;3630
18/09/2025;CGR;2920
18/09/2025;FOR;3912
18/09/2025;RIO;35767
18/09/2025;MAO;2716
18/09/2025;POA;15676
18/09/2025;REC;5845
18/09/2025;SSA;8882
18/09/2025;TECA;195513
18/09/2025;VIX;12965
19/09/2025;BEL;4050
19/09/2025;BHZ;20648
19/09/2025;BSB;11881
19/09/2025;CGB;3242
19/09/2025;CGR;1718
19/09/2025;FOR;5578
19/09/2025;RIO;40157
19/09/2025;MAO;4145
19/09/2025;POA;11708
19/09/2025;REC;14408
19/09/2025;SSA;11260
19/09/2025;TECA;176681
19/09/2025;VIX;12628
20/09/2025;BEL;3173
20/09/2025;BHZ;14600
20/09/2025;BSB;10806
20/09/2025;CGB;2122
20/09/2025;CGR;124
20/09/2025;FOR;1988
20/09/2025;RIO;39503
20/09/2025;MAO;2427
20/09/2025;POA;8581
20/09/2025;REC;5231
20/09/2025;SSA;12464
20/09/2025;TECA;135669
20/09/2025;VIX;10865
21/09/2025;BEL;1546
21/09/2025;BHZ;4821
21/09/2025;BSB;1707
21/09/2025;CGB;30
21/09/2025;FOR;2799
21/09/2025;RIO;6469
21/09/2025;POA;3739
21/09/2025;REC;11116
21/09/2025;SSA;5342
21/09/2025;TECA;34596
22/09/2025;BEL;5169
22/09/2025;BHZ;16277
22/09/2025;BSB;14441
22/09/2025;CGB;5960
22/09/2025;CGR;3041
22/09/2025;FOR;2926
22/09/2025;RIO;23987
22/09/2025;MAO;1763
22/09/2025;POA;11495
22/09/2025;REC;8089
22/09/2025;SSA;11128
22/09/2025;TECA;88632
22/09/2025;VIX;12390
23/09/2025;BEL;5770
23/09/2025;BHZ;21356
23/09/2025;BSB;11240
23/09/2025;CGB;2816
23/09/2025;CGR;2141
23/09/2025;FOR;6895
23/09/2025;RIO;27778
23/09/2025;MAO;11
23/09/2025;POA;12050
23/09/2025;REC;9484
23/09/2025;SSA;9148
23/09/2025;TECA;193035
23/09/2025;VIX;10487
24/09/2025;BEL;6039
24/09/2025;BHZ;25220
24/09/2025;BSB;8189
24/09/2025;CGB;1513
24/09/2025;CGR;3241
24/09/2025;FOR;6591
24/09/2025;RIO;38489
24/09/2025;MAO;1479
24/09/2025;POA;12134
24/09/2025;REC;5062
24/09/2025;SSA;6833
24/09/2025;TECA;191562
24/09/2025;VIX;12734
25/09/2025;BEL;4701
25/09/2025;BHZ;16348
25/09/2025;BSB;13585
25/09/2025;CGB;2440
25/09/2025;CGR;2804
25/09/2025;FOR;5755
25/09/2025;RIO;32618
25/09/2025;MAO;2679
25/09/2025;POA;15583
25/09/2025;REC;5081
25/09/2025;SSA;8648
25/09/2025;TECA;173411
25/09/2025;VIX;13549
26/09/2025;BEL;3716
26/09/2025;BHZ;21169
26/09/2025;BSB;12092
26/09/2025;CGB;4256
26/09/2025;CGR;2590
26/09/2025;FOR;4538
26/09/2025;RIO;31984
26/09/2025;MAO;3514
26/09/2025;POA;14633
26/09/2025;REC;11437
26/09/2025;SSA;12919
26/09/2025;TECA;159329
26/09/2025;VIX;14676
27/09/2025;BEL;1661
27/09/2025;BHZ;19645
27/09/2025;BSB;8803
27/09/2025;CGB;1692
27/09/2025;CGR;1404
27/09/2025;FOR;4604
27/09/2025;RIO;28782
27/09/2025;MAO;2872
27/09/2025;POA;8652
27/09/2025;REC;10935
27/09/2025;SSA;10244
27/09/2025;TECA;119082
27/09/2025;VIX;8941
28/09/2025;BEL;2287
28/09/2025;BHZ;8893
28/09/2025;BSB;1194
28/09/2025;CGB;66
28/09/2025;FOR;4521
28/09/2025;RIO;9654
28/09/2025;POA;3614
28/09/2025;REC;2565
28/09/2025;SSA;7502
28/09/2025;TECA;20218
28/09/2025;VIX;2053
29/09/2025;BEL;5159
29/09/2025;BHZ;16796
29/09/2025;BSB;12626
29/09/2025;CGB;2420
29/09/2025;CGR;2761
29/09/2025;FOR;2516
29/09/2025;RIO;15183
29/09/2025;MAO;2040
29/09/2025;POA;10660
29/09/2025;REC;10640
29/09/2025;SSA;8814
29/09/2025;TECA;95118
29/09/2025;VIX;12025
30/09/2025;BEL;5349
30/09/2025;BHZ;18971
30/09/2025;BSB;9647
30/09/2025;CGB;5385
30/09/2025;CGR;3632
30/09/2025;FOR;4839
30/09/2025;RIO;31249
30/09/2025;MAO;268
30/09/2025;POA;12473
30/09/2025;REC;7649
30/09/2025;SSA;11554
30/09/2025;TECA;182813
30/09/2025;VIX;13198
01/10/2025;BEL;4304
01/10/2025;BHZ;21838
01/10/2025;BSB;7462
01/10/2025;CGB;267
01/10/2025;CGR;2471
01/10/2025;FOR;5040
01/10/2025;RIO;31218
01/10/2025;MAO;43
01/10/2025;POA;13442
01/10/2025;REC;9261
01/10/2025;SSA;7554
01/10/2025;TECA;181642
01/10/2025;VIX;11482
02/10/2025;BEL;4299
02/10/2025;BHZ;27486
02/10/2025;BSB;11515
02/10/2025;CGB;1936
02/10/2025;CGR;3567
02/10/2025;FOR;5219
02/10/2025;RIO;34563
02/10/2025;MAO;4877
02/10/2025;POA;12326
02/10/2025;REC;8101
02/10/2025;SSA;11442
02/10/2025;TECA;170411
02/10/2025;VIX;14655
03/10/2025;BEL;6023
03/10/2025;BHZ;23115
03/10/2025;BSB;11208
03/10/2025;CGB;3218
03/10/2025;CGR;3357
03/10/2025;FOR;3217
03/10/2025;RIO;29734
03/10/2025;MAO;4332
03/10/2025;POA;13802
03/10/2025;REC;10347
03/10/2025;SSA;9822
03/10/2025;TECA;164551
03/10/2025;VIX;12466
04/10/2025;BEL;1861
04/10/2025;BHZ;14547
04/10/2025;BSB;9524
04/10/2025;CGB;4221
04/10/2025;CGR;188
04/10/2025;FOR;4934
04/10/2025;RIO;28862
04/10/2025;MAO;584
04/10/2025;POA;11532
04/10/2025;REC;3292
04/10/2025;SSA;9947
04/10/2025;TECA;123173
04/10/2025;VIX;11713
05/10/2025;BEL;2724
05/10/2025;BHZ;2207
05/10/2025;BSB;1007
05/10/2025;FOR;2041
05/10/2025;RIO;9470
05/10/2025;POA;3246
05/10/2025;REC;11669
05/10/2025;SSA;8841
05/10/2025;TECA;29801
05/10/2025;VIX;740
06/10/2025;BEL;2484
06/10/2025;BHZ;18632
06/10/2025;BSB;11961
06/10/2025;CGB;3786
06/10/2025;CGR;2957
06/10/2025;FOR;4859
06/10/2025;RIO;19113
06/10/2025;MAO;1065
06/10/2025;POA;7316
06/10/2025;REC;8275
06/10/2025;SSA;10191
06/10/2025;TECA;94094
06/10/2025;VIX;8900
07/10/2025;BEL;6549
07/10/2025;BHZ;21597
07/10/2025;BSB;10443
07/10/2025;CGB;2557
07/10/2025;CGR;4534
07/10/2025;FOR;7482
07/10/2025;RIO;32707
07/10/2025;MAO;359
07/10/2025;POA;11930
07/10/2025;REC;9307
07/10/2025;SSA;9145
07/10/2025;TECA;180257
07/10/2025;VIX;12645
08/10/2025;BEL;8038
08/10/2025;BHZ;22975
08/10/2025;BSB;11445
08/10/2025;CGB;412
08/10/2025;CGR;2040
08/10/2025;FOR;6052
08/10/2025;RIO;34784
08/10/2025;MAO;189
08/10/2025;POA;12972
08/10/2025;REC;10048
08/10/2025;SSA;9261
08/10/2025;TECA;193371
08/10/2025;VIX;14433
09/10/2025;BEL;1587
09/10/2025;BHZ;18521
09/10/2025;BSB;12911
09/10/2025;CGB;1623
09/10/2025;CGR;1922
09/10/2025;FOR;4432
09/10/2025;RIO;35700
09/10/2025;MAO;4931
09/10/2025;POA;13038
09/10/2025;REC;9041
09/10/2025;SSA;10574
09/10/2025;TECA;188541
09/10/2025;VIX;15564
10/10/2025;BEL;7132
10/10/2025;BHZ;24057
10/10/2025;BSB;10550
10/10/2025;CGB;4897
10/10/2025;CGR;2558
10/10/2025;FOR;5176
10/10/2025;RIO;32620
10/10/2025;MAO;1153
10/10/2025;POA;13152
10/10/2025;REC;6822
10/10/2025;SSA;13306
10/10/2025;TECA;172533
10/10/2025;VIX;16616
11/10/2025;BEL;766
11/10/2025;BHZ;18190
11/10/2025;BSB;11337
11/10/2025;CGB;2165
11/10/2025;CGR;32
11/10/2025;FOR;4959
11/10/2025;RIO;31343
11/10/2025;MAO;3057
11/10/2025;POA;12264
11/10/2025;REC;13316
11/10/2025;SSA;10174
11/10/2025;TECA;121861
11/10/2025;VIX;10136
12/10/2025;BHZ;5629
12/10/2025;BSB;5774
12/10/2025;CGB;114
12/10/2025;FOR;4669
12/10/2025;RIO;14508
12/10/2025;POA;4507
12/10/2025;REC;9829
12/10/2025;SSA;7138
12/10/2025;TECA;41302
13/10/2025;BEL;3732
13/10/2025;BHZ;20978
13/10/2025;BSB;11560
13/10/2025;CGB;4830
13/10/2025;CGR;3793
13/10/2025;FOR;5210
13/10/2025;RIO;15057
13/10/2025;MAO;3459
13/10/2025;POA;9243
13/10/2025;REC;13624
13/10/2025;SSA;9355
13/10/2025;TECA;87675
13/10/2025;VIX;11429
14/10/2025;BEL;7075
14/10/2025;BHZ;17541
14/10/2025;BSB;9550
14/10/2025;CGB;1499
14/10/2025;CGR;3940
14/10/2025;FOR;8958
14/10/2025;RIO;27376
14/10/2025;MAO;1091
14/10/2025;POA;10194
14/10/2025;REC;16865
14/10/2025;SSA;14364
14/10/2025;TECA;197471
14/10/2025;VIX;14748
15/10/2025;BEL;6673
15/10/2025;BHZ;20315
15/10/2025;BSB;10843
15/10/2025;CGB;183
15/10/2025;CGR;1919
15/10/2025;FOR;6130
15/10/2025;RIO;33425
15/10/2025;MAO;1886
15/10/2025;POA;12289
15/10/2025;REC;13592
15/10/2025;SSA;9484
15/10/2025;TECA;226904
15/10/2025;VIX;16193
16/10/2025;BEL;1636
16/10/2025;BHZ;25184
16/10/2025;BSB;11857
16/10/2025;CGB;4419
16/10/2025;CGR;2298
16/10/2025;FOR;6583
16/10/2025;RIO;36890
16/10/2025;MAO;2048
16/10/2025;POA;13841
16/10/2025;REC;12454
16/10/2025;SSA;12879
16/10/2025;TECA;211811
16/10/2025;VIX;15196
17/10/2025;BEL;5089
17/10/2025;BHZ;21158
17/10/2025;BSB;13380
17/10/2025;CGB;4246
17/10/2025;CGR;3239
17/10/2025;FOR;4054
17/10/2025;RIO;34406
17/10/2025;MAO;2718
17/10/2025;POA;16071
17/10/2025;REC;15901
17/10/2025;SSA;13443
17/10/2025;TECA;199162
17/10/2025;VIX;15769
18/10/2025;BEL;2513
18/10/2025;BHZ;18611
18/10/2025;BSB;14817
18/10/2025;CGB;3201
18/10/2025;CGR;95
18/10/2025;FOR;8019
18/10/2025;RIO;31946
18/10/2025;MAO;1416
18/10/2025;POA;9651
18/10/2025;REC;9933
18/10/2025;SSA;12200
18/10/2025;TECA;134270
18/10/2025;VIX;14112
19/10/2025;BEL;5307
19/10/2025;BHZ;2933
19/10/2025;BSB;4562
19/10/2025;CGB;3
19/10/2025;FOR;2837
19/10/2025;RIO;13531
19/10/2025;POA;9417
19/10/2025;REC;12449
19/10/2025;SSA;9211
19/10/2025;TECA;40997
19/10/2025;VIX;2561
20/10/2025;BEL;7500
20/10/2025;BHZ;18309
20/10/2025;BSB;14283
20/10/2025;CGB;6899
20/10/2025;CGR;4149
20/10/2025;FOR;7810
20/10/2025;RIO;9484
20/10/2025;MAO;4567
20/10/2025;POA;9574
20/10/2025;REC;5541
20/10/2025;SSA;13109
20/10/2025;TECA;89219
20/10/2025;VIX;13193
21/10/2025;BEL;6252
21/10/2025;BHZ;16409
21/10/2025;BSB;12607
21/10/2025;CGB;1799
21/10/2025;CGR;3838
21/10/2025;FOR;6654
21/10/2025;RIO;18663
21/10/2025;MAO;2322
21/10/2025;POA;9848
21/10/2025;REC;6658
21/10/2025;SSA;15921
21/10/2025;TECA;189966
21/10/2025;VIX;12898
22/10/2025;BEL;5862
22/10/2025;BHZ;22971
22/10/2025;BSB;10919
22/10/2025;CGB;29
22/10/2025;CGR;2859
22/10/2025;FOR;6732
22/10/2025;RIO;33800
22/10/2025;MAO;1310
22/10/2025;POA;12310
22/10/2025;REC;13376
22/10/2025;SSA;12861
22/10/2025;TECA;192776
22/10/2025;VIX;14838
23/10/2025;BEL;3426
23/10/2025;BHZ;22817
23/10/2025;BSB;12930
23/10/2025;CGB;3887
23/10/2025;CGR;2392
23/10/2025;FOR;7027
23/10/2025;RIO;37470
23/10/2025;MAO;1997
23/10/2025;POA;12919
23/10/2025;REC;1815
23/10/2025;SSA;11755
23/10/2025;TECA;175149
23/10/2025;VIX;13828
24/10/2025;BEL;4881
24/10/2025;BHZ;23054
24/10/2025;BSB;10978
24/10/2025;CGB;2069
24/10/2025;CGR;1545
24/10/2025;FOR;6125
24/10/2025;RIO;35554
24/10/2025;MAO;2324
24/10/2025;POA;12389
24/10/2025;REC;11879
24/10/2025;SSA;15083
24/10/2025;TECA;183296
24/10/2025;VIX;12711
25/10/2025;BEL;3066
25/10/2025;BHZ;16990
25/10/2025;BSB;8941
25/10/2025;CGB;6829
25/10/2025;CGR;1128
25/10/2025;FOR;7753
25/10/2025;RIO;31335
25/10/2025;MAO;2369
25/10/2025;POA;6090
25/10/2025;REC;9774
25/10/2025;SSA;9787
25/10/2025;TECA;130599
25/10/2025;VIX;11438
26/10/2025;BEL;4545
26/10/2025;BHZ;6893
26/10/2025;BSB;6661
26/10/2025;CGB;2616
26/10/2025;FOR;3058
26/10/2025;RIO;9503
26/10/2025;POA;2588
26/10/2025;REC;9360
26/10/2025;SSA;9401
26/10/2025;TECA;36596
26/10/2025;VIX;472
27/10/2025;BEL;4916
27/10/2025;BHZ;17605
27/10/2025;BSB;9836
27/10/2025;CGB;349
27/10/2025;CGR;5301
27/10/2025;FOR;4157
27/10/2025;RIO;11881
27/10/2025;MAO;4060
27/10/2025;POA;11082
27/10/2025;REC;6519
27/10/2025;SSA;9752
27/10/2025;TECA;106235
27/10/2025;VIX;10509
28/10/2025;BEL;6676
28/10/2025;BHZ;19700
28/10/2025;BSB;10246
28/10/2025;CGB;4021
28/10/2025;CGR;3398
28/10/2025;FOR;8234
28/10/2025;RIO;17009
28/10/2025;MAO;4291
28/10/2025;POA;10965
28/10/2025;REC;13200
28/10/2025;SSA;12154
28/10/2025;TECA;169639
28/10/2025;VIX;8994
29/10/2025;BEL;3621
29/10/2025;BHZ;34377
29/10/2025;BSB;8979
29/10/2025;CGB;290
29/10/2025;CGR;2740
29/10/2025;FOR;7819
29/10/2025;RIO;36119
29/10/2025;MAO;1100
29/10/2025;POA;13370
29/10/2025;REC;7016
29/10/2025;SSA;10225
29/10/2025;TECA;186547
29/10/2025;VIX;10032
30/10/2025;BEL;4201
30/10/2025;BHZ;27924
30/10/2025;BSB;11971
30/10/2025;CGB;2688
30/10/2025;CGR;2595
30/10/2025;FOR;7730
30/10/2025;RIO;37537
30/10/2025;MAO;2492
30/10/2025;POA;14102
30/10/2025;REC;3469
30/10/2025;SSA;13363
30/10/2025;TECA;169074
30/10/2025;VIX;11474
31/10/2025;BEL;5213
31/10/2025;BHZ;22372
31/10/2025;BSB;13413
31/10/2025;CGB;4308
31/10/2025;CGR;2998
31/10/2025;FOR;4785
31/10/2025;RIO;33121
31/10/2025;MAO;3119
31/10/2025;POA;13281
31/10/2025;REC;5044
31/10/2025;SSA;12663
31/10/2025;TECA;168241
31/10/2025;VIX;10000
;;
;;
;;
;;
;;
;;
;;
;;
;;
;;
;;
;;
;;
;;
;;
;;
;;
;;
;;
;;
;;
;;
;;
;;
;;
;;
;;
;;
;;
;;
;;
;;
;;
;;
;;
;;
;;
;;
;;
;;
;;
;;
;;
;;
;;
;;
;;
;;
;;
;;
;;
;;
;;
;;
;;
;;
;;
;;
;;
;;
;;
;;
;;
;;
;;
;;
;;
;;
;;
;;
;;
;;
;;
;;
;;
;;
;;
;;
;;
;;
;;
;;
;;
;;
;;
;;
;;
;;
;;
;;
;;
;;
;;
;;
;;
;;
;;
;;
;;
;;
;;
;;
;;
;;
;;
;;
;;
;;
;;
;;
;;
;;
;;
;;
;;
;;
;;
;;
;;
;;
;;
;;
;;
;;
;;
;;
;;
;;
;;
;;
;;
;;
;;
;;
;;
;;
;;
;;
;;
;;
;;
;;
;;
;;
;;
;;
;;
;;
;;
;;
;;
;;
;;
;;
;;
;;
;;
;;
;;
;;
;;
;;
;;
;;
;;
;;
;;
;;
;;
;;
;;
;;
;;
;;
;;
;;
;;
;;
;;
;;
;;
;;
;;
;;
;;
;;
;;
;;
;;
;;
;;
;;
;;
;;
;;
;;
;;
;;
;;
;;
;;
;;
;;
;;
;;
;;
;;
;;
;;
;;
;;
;;
;;
;;
;;
;;
;;
;;
;;
;;
;;
;;
;;
;;
;;
;;
;;
;;
;;
;;
;;
;;
;;
;;
;;
;;
;;
;;
;;
;;
;;
;;
;;
;;
;;
;;
;;
;;
;;
;;
;;
;;
;;
;;
;;
;;
;;
;;
;;
;;
;;
;;
;;
;;
;;
;;
;;
;;
;;
;;
;;
;;
;;
;;
;;
;;
;;
;;
;;
;;
;;
;;
;;
;;
;;
;;
;;
;;
;;
;;
;;
;;
;;
;;
;;
;;
;;
;;
;;
;;
;;
;;
;;
;;
;;
;;
;;
;;
;;
;;
;;
;;
;;
;;
;;
;;
;;
;;
;;
;;
;;
;;
;;
;;
;;
;;
;;
;;
;;
;;
;;
;;
;;
;;
;;
;;
;;
;;
;;
;;
;;
;;
;;
;;
;;
;;
;;
;;
;;
;;
;;
;;
;;
;;
;;
;;
;;
;;
;;
;;
;;
;;
;;
;;
;;
;;
;;
;;
;;
;;
;;
;;
;;
;;
;;
;;
;;
;;
;;
;;
;;
;;
;;
;;
;;
;;
;;
;;
;;
;;
;;
;;
;;
;;
;;
;;
;;
;;
;;
;;
;;
;;
;;
;;
;;
;;
;;
;;
;;
;;
;;
;;
;;
;;
;;
;;
;;
;;
;;
;;
;;
;;
;;
;;
;;
;;
;;
;;
;;
;;
;;
;;
;;
;;
;;
;;
;;
;;
;;
;;
;;
;;
;;
;;
;;
;;
;;
;;
;;
;;
;;
;;
;;
;;
;;
;;
;;
;;
;;
;;
;;
;;
;;
;;
;;
;;
;;
;;
;;
;;
;;
;;
;;
;;
;;
;;
;;
;;
;;
;;
;;
;;
;;
;;
;;
;;
;;
;;
;;
;;
;;
;;
;;
;;
;;
;;
;;
;;
;;
;;
;;
;;
;;
;;
;;
;;
;;
;;
;;
;;
;;
;;
;;
;;
;;
;;
;;
;;
;;
;;
;;
;;
;;
;;
;;
;;
;;
;;
;;
;;
;;
;;
;;
;;
;;
;;
;;
;;
;;
;;
;;
;;
;;
;;
;;
;;
;;
;;
;;
;;
;;
;;
;;
;;
;;
;;
;;
;;
;;
;;
;;
;;
;;
;;
;;
;;
;;
;;
;;
;;
;;
;;
;;
;;
;;
;;
;;
;;
;;
;;
;;
;;
;;
;;
;;
;;
;;
;;
;;
;;
;;
;;
;;
;;
;;
;;
;;
;;
;;
;;
;;
;;
;;
;;
;;
;;
;;
;;
;;
;;
;;
;;
;;
;;
;;
;;
;;
;;
;;
;;
;;
;;
;;
;;
;;
;;
;;
;;
;;
;;
;;
;;
;;
;;
;;
;;
;;
;;
;;
;;
;;
;;
;;
;;
;;
;;
;;
;;
;;
;;
;;
;;
;;
;;
;;
;;
;;
;;
;;
;;
;;
;;
;;
;;
;;
;;
;;
;;
;;
;;
;;
;;
;;
;;
;;
;;
;;
;;
;;
;;
;;
;;
;;
;;
;;
;;
;;
;;
;;
;;
;;
;;
;;
;;
;;
;;
;;
;;
;;
;;
;;
;;
;;
;;
;;
;;
;;
;;
;;
;;
;;
;;
;;
;;
;;
;;
;;
;;
;;
;;
;;
;;
;;
;;
;;
;;
;;
;;
;;
;;
;;
;;
;;
;;
;;
;;
;;
;;
;;
;;
;;
;;
;;
;;
;;
;;
;;
;;
;;
;;
;;
;;
;;
;;
;;
;;
;;
;;
;;
;;
;;
;;
;;
;;
;;
;;
;;
;;
;;
;;
;;
;;
;;
;;
;;
;;
;;
;;
;;
;;
;;
;;
;;
;;
;;
;;
;;
;;
;;
;;
;;
;;
;;
;;
;;
;;
;;
;;
;;
;;
;;
;;
;;
;;
;;
;;
;;
;;
;;
;;
;;
;;
;;
;;
;;
;;
;;
;;
;;
;;
;;
;;
;;
;;
;;
;;
;;
;;
;;
;;
;;
;;
;;
;;
;;
;;
;;
;;
;;
;;
;;
;;
;;
;;
;;
;;
;;
;;
;;
;;
;;
;;
;;
;;
;;
;;
;;
;;
;;
;;
;;
;;
;;
;;
;;
;;
;;
;;
;;
;;
;;
;;
;;
;;
;;
;;
;;
;;
;;
;;
;;
;;
;;
;;
;;
;;
;;
;;
;;
;;
;;
;;
;;
;;
;;
;;
;;
;;
;;
;;
;;
;;
;;
;;
;;
;;
;;
;;
;;
;;
;;
;;
;;
;;
;;
;;
;;
;;
;;
;;
;;
;;
;;
;;
;;
;;
;;
;;
;;
;;
;;
;;
;;
;;
;;
;;
;;
;;
;;
;;
;;
;;
;;
;;
;;
;;
;;
;;
;;
;;
;;
;;
;;
;;
;;
;;
;;
;;
;;
;;
;;
;;
;;
;;
;;
;;
;;
;;
;;
;;
;;
;;
;;
;;
;;
;;
;;
;;
;;
;;
;;
;;
;;
;;
;;
;;
;;
;;
;;
;;
;;
;;
;;
;;
;;
;;
;;
;;
;;
;;
;;
;;
;;
;;
;;
;;
;;
;;
;;
;;
;;
;;
;;
;;
;;
;;
;;
;;
;;
;;
;;
;;
;;
;;
;;
;;
;;
;;
;;
;;
;;
;;
;;
;;
;;
;;
;;
;;
;;
;;
;;
;;
;;
;;
;;
;;
;;
;;
;;
;;
;;
;;
;;
;;
;;
;;
;;
;;
;;
;;
;;
;;
;;
;;
;;
;;
;;
;;
;;
;;
;;
;;
;;
;;
;;
;;
;;
;;
;;
;;
;;
;;
;;
;;
;;
;;
;;
;;
;;
;;
;;
;;
;;
;;
;;
;;
;;
;;
;;
;;
;;
;;
;;
;;
;;
;;
;;
;;
;;
;;
;;
;;
;;
;;
;;
;;
;;
;;
;;
;;
;;
;;
;;
;;
;;
;;
;;
;;
;;
;;
;;
;;
;;
;;
;;
;;
;;
;;
;;
;;
;;
;;
;;
;;
;;
;;
;;
;;
;;
;;
;;
;;
;;
;;
;;
;;
;;
;;
;;
;;
;;
;;
;;
;;
;;
;;
;;
;;
;;
;;
;;
;;
;;
;;
;;
;;
;;
;;
;;
;;
;;
;;
;;
;;
;;
;;
;;
;;
;;
;;
;;
;;
;;
;;
;;
;;
;;
;;
;;
;;
;;
;;
;;
;;
;;
;;
;;
;;
;;
;;
;;
;;
;;
;;
;;
;;
;;
;;
;;
;;
;;
;;
;;
;;
;;
;;
;;
;;
;;
;;
;;
;;
;;
;;
;;
;;
;;
;;
;;
;;
;;
;;
;;
;;
;;
;;
;;
;;
;;
;;
;;
;;
;;
;;
;;
;;
;;
;;
;;
;;
;;
;;
;;
;;
;;
;;
;;
;;
;;
;;
;;
;;
;;
;;
;;
;;
;;
;;
;;
;;
;;
;;
;;
;;
;;
;;
;;
;;
;;
;;
;;
;;
;;
;;
;;
;;
;;
;;
;;
;;
;;
;;
;;
;;
;;
;;
;;
;;
;;
;;
;;
;;
;;
;;
;;
;;
;;
;;
;;
;;
;;
;;
;;
;;
;;
;;
;;
;;
;;
;;
;;
;;
;;
;;
;;
;;
;;
;;
;;
;;
;;
;;
;;
;;
;;
;;
;;
;;
;;
;;
;;
;;
;;
;;
;;
;;
;;
;;
;;
;;
;;
;;
;;
;;
;;
;;
;;
;;
;;
;;
;;
;;
;;
;;
;;
;;
;;
;;
;;
;;
;;
;;
;;
;;
;;
;;
;;
;;
;;
;;
;;
;;
;;
;;
;;
;;
;;
;;
;;
;;
;;
;;
;;
;;
;;
;;
;;
;;
;;
;;
;;
;;
;;
;;
;;
;;
;;
;;
;;
;;
;;
;;
;;
;;
;;
;;
;;
;;
;;
;;
;;
;;
;;
;;
;;
;;
;;
;;
;;
;;
;;
;;
;;
;;
;;
;;
;;
;;
;;
;;
;;
;;
;;
;;
;;
;;
;;
;;
;;
;;
;;
;;
;;
;;
;;
;;
;;
;;
;;
;;
;;
;;
;;
;;
;;
;;
;;
;;
;;
;;
;;
;;
;;
;;
;;
;;
;;
;;
;;
;;
;;
;;
;;
;;
;;
;;
;;
;;
;;
;;
;;
;;
;;
;;
;;
;;
;;
;;
;;
;;
;;
;;
;;
;;
;;
;;
;;
;;
;;
;;
;;
;;
;;
;;
;;
;;
;;
;;
;;
;;
;;
;;
;;
;;
;;
;;
;;
;;
;;
;;
;;
;;
;;
;;
;;
;;
;;
;;
;;
;;
;;
;;
;;
;;
;;
;;
;;
;;
;;
;;
;;
;;
;;
;;
;;
;;
;;
;;
;;
;;
;;
;;
;;
;;
;;
;;
;;
;;
;;
;;
;;
;;
;;
;;
;;
;;
;;
;;
;;
;;
;;
;;
;;
;;
;;
;;
;;
;;
;;
;;
;;
;;
;;
;;
;;
;;
;;
;;
;;
;;
;;
;;
;;
;;
;;
;;
;;
;;
;;
;;
;;
;;
;;
;;
;;
;;
;;
;;
;;
;;
;;
;;
;;
;;
;;
;;
;;
;;
;;
;;
;;
;;
;;
;;
;;
;;
;;
;;
;;
;;
;;
;;
;;
;;
;;
;;
;;
;;
;;
;;
;;
;;
;;
;;
;;
;;
;;
;;
;;
;;
;;
;;
;;
;;
;;
;;
;;
;;
;;
;;
;;
;;
;;
;;
;;
;;
;;
;;
;;
;;
;;
;;
;;
;;
;;
;;
;;
;;
;;
;;
;;
;;
;;
;;
;;
;;
;;
;;
;;
;;
;;
;;
;;
;;
;;
;;
;;
;;
;;
;;
;;
;;
;;
;;
;;
;;
;;
;;
;;
;;
;;
;;
;;
;;
;;
;;
;;
;;
;;
;;
;;
;;
;;
;;
;;
;;
;;
;;
;;
;;
;;
;;
;;
;;
;;
;;
;;
;;
;;
;;
;;
;;
;;
;;
;;
;;
;;
;;
;;
;;
;;
;;
;;
;;
;;
;;
;;
;;
;;
;;
;;
;;
;;
;;
;;
;;
;;
;;
;;
;;
;;
;;
;;
;;
;;
;;
;;
;;
;;
;;
;;
;;
;;
;;
;;
;;
;;
;;
;;
;;
;;
;;
;;
;;
;;
;;
;;
;;
;;
;;
;;
;;
;;
;;
;;
;;
;;
;;
;;
;;
;;
;;
;;
;;
;;
;;
;;
;;
;;
;;
;;
;;
;;
;;
;;
;;
;;
;;
;;
;;
;;
;;
;;
;;
;;
;;
;;
;;
;;
;;
;;
;;
;;
;;
;;
;;
;;
;;
;;
;;
;;
;;
;;
;;
;;
;;
;;
;;
;;
;;
;;
;;
;;
;;
;;
;;
;;
;;
;;
;;
;;
;;
;;
;;
;;
;;
;;
;;
;;
;;
;;
;;
;;
;;
;;
;;
;;
;;
;;
;;
;;
;;
;;
;;
;;
;;
;;
;;
;;
;;
;;
;;
;;
;;
;;
;;
;;
;;
;;
;;
;;
;;
;;
;;
;;
;;
;;
;;
;;
;;
;;
;;
;;
;;
;;
;;
;;
;;
;;
;;
;;
;;
;;
;;
;;
;;
;;
;;
;;
;;
;;
;;
;;
;;
;;
;;
;;
;;
;;
;;
;;
;;
;;
;;
;;
;;
;;
;;
;;
;;
;;
;;
;;
;;
;;
;;
;;
;;
;;
;;
;;
;;
;;
;;
;;
;;
;;
;;
;;
;;
;;
;;
;;
;;
;;
;;
;;
;;
;;
;;
;;
;;
;;
;;
;;
;;
;;
;;
;;
;;
;;
;;
;;
;;
;;
;;
;;
;;
;;
;;
;;
;;
;;
;;
;;
;;
;;
;;
;;
;;
;;
;;
;;
;;
;;
;;
;;
;;
;;
;;
;;
;;
;;
;;
;;
;;
;;
;;
;;
;;
;;
;;
;;
;;
;;
;;
;;
;;
;;
;;
;;
;;
;;
;;
;;
;;
;;
;;
;;
;;
;;
;;
;;
;;
;;
;;
;;
;;
;;
;;
;;
;;
;;
;;
;;
;;
;;
;;
;;
;;
;;
;;
;;
;;
;;
;;
;;
;;
;;
;;
;;
;;
;;
;;
;;
;;
;;
;;
;;
;;
;;
;;
;;
;;
;;
;;
;;
;;
;;
;;
;;
;;
;;
;;
;;
;;
;;
;;
;;
;;
;;
;;
;;
;;
;;
;;
;;
;;
;;
;;
;;
;;
;;
;;
;;
;;
;;
;;
;;
;;
;;
;;
;;
;;
;;
;;
;;
;;
;;
;;
;;
;;
;;
;;
;;
;;
;;
;;
;;
;;
;;
;;
;;
;;
;;
;;
;;
;;
;;
;;
;;
;;
;;
;;
;;
;;
;;
;;
;;
;;
;;
;;
;;
;;
;;
;;
;;
;;
;;
;;
;;
;;
;;
;;
;;
;;
;;
;;
;;
;;
;;
;;
;;
;;
;;
;;
;;
;;
;;
;;
;;
;;
;;
;;
;;
;;
;;
;;
;;
;;
;;
;;
;;
;;
;;
;;
;;
;;
;;
;;
;;
;;
;;
;;
;;
;;
;;
;;
;;
;;
;;
;;
;;
;;
;;
;;
;;
;;
;;
;;
;;
;;
;;
;;
;;
;;
;;
;;
;;
;;
;;
;;
;;
;;
;;
;;
;;
;;
;;
;;
;;
;;
;;
;;
;;
;;
;;
;;
;;
;;
;;
;;
;;
;;
;;
;;
;;
;;
;;
;;
;;
;;
;;
;;
;;
;;
;;
;;
;;
;;
;;
;;
;;
;;
;;
;;
;;
;;
;;
;;
;;
;;
;;
;;
;;
;;
;;
;;
;;
;;
;;
;;
;;
;;
;;
;;
;;
;;
;;
;;
;;
;;
;;
;;
;;
;;
;;
;;
;;
;;
;;
;;
;;
;;
;;
;;
;;
;;
;;
;;
;;
;;
;;
;;
;;
;;
;;
;;
;;
;;
;;
;;
;;
;;
;;
;;
;;
;;
;;
;;
;;
;;
;;
;;
;;
;;
;;
;;
;;
;;
;;
;;
;;
;;
;;
;;
;;
;;
;;
;;
;;
;;
;;
;;
;;
;;
;;
;;
;;
;;
;;
;;
;;
;;
;;
;;
;;
;;
;;
;;
;;
;;
;;
;;
;;
;;
;;
;;
;;
;;
;;
;;
;;
;;
;;
;;
;;
;;
;;
;;
;;
;;
;;
;;
;;
;;
;;
;;
;;
;;
;;
;;
;;
;;
;;
;;
;;
;;
;;
;;
;;
;;
;;
;;
;;
;;
;;
;;
;;
;;
;;
;;
;;
;;
;;
;;
;;
;;
;;
;;
;;
;;
;;
;;
;;
;;
;;
;;
;;
;;
;;
;;
;;
;;
;;
;;
;;
;;
;;
;;
;;
;;
;;
;;
;;
;;
;;
;;
;;
;;
;;
;;
;;
;;
;;
;;
;;
;;
;;
;;
;;
;;
;;
;;
;;
;;
;;
;;
;;
;;
;;
;;
;;
;;
;;
;;
;;
;;
;;
;;
;;
;;
;;
;;
;;
;;
;;
;;
;;
;;
;;
;;
;;
;;
;;
;;
;;
;;
;;
;;
;;
;;
;;
;;
;;
;;
;;
;;
;;
;;
;;
;;
;;
;;
;;
;;
;;
;;
;;
;;
;;
;;
;;
;;
;;
;;
;;
;;
;;
;;
;;
;;
;;
;;
;;
;;
;;
;;
;;
;;
;;
;;
;;
;;
;;
;;
;;
;;
;;
;;
;;
;;
;;
;;
;;
;;
;;
;;
;;
;;
;;
;;
;;
;;
;;
;;
;;
;;
;;
;;
;;
;;
;;
;;
;;
;;
;;
;;
;;
;;
;;
;;
;;
;;
;;
;;
;;
;;
;;
;;
;;
;;
;;
;;
;;
;;
;;
;;
;;
;;
;;
;;
;;
;;
;;
;;
;;
;;
;;
;;
;;
;;
;;
;;
;;
;;
;;
;;
;;
;;
;;
;;
;;
;;
;;
;;
;;
;;
;;
;;
;;
;;
;;
;;
;;
;;
;;
;;
;;
;;
;;
;;
;;
;;
;;
;;
;;
;;
;;
;;
;;
;;
;;
;;
;;
;;
;;
;;
;;
;;
;;
;;
;;
;;
;;
;;
;;
;;
;;
;;
;;
;;
;;
;;
;;
;;
;;
;;
;;
;;
;;
;;
;;
;;
;;
;;
;;
;;
;;
;;
;;
;;
;;
;;
;;
;;
;;
;;
;;
;;
;;
;;
;;
;;
;;
;;
;;
;;
;;
;;
;;
;;
;;
;;
;;
;;
;;
;;
;;
;;
;;
;;
;;
;;
;;
;;
;;
;;
;;
;;
;;
;;
;;
;;
;;
;;
;;
;;
;;
;;
;;
;;
;;
;;
;;
;;
;;
;;
;;
;;
;;
;;
;;
;;
;;
;;
;;
;;
;;
;;
;;
;;
;;
;;
;;
;;
;;
;;
;;
;;
;;
;;
;;
;;
;;
;;
;;
;;
;;
;;
;;
;;
;;
;;
;;
;;
;;
;;
;;
;;
;;
;;
;;
;;
;;
;;
;;
;;
;;
;;
;;
;;
;;
;;
;;
;;
;;
;;
;;
;;
;;
;;
;;
;;
;;
;;
;;
;;
;;
;;
;;
;;
;;
;;
;;
;;
;;
;;
;;
;;
;;
;;
;;
;;
;;
;;
;;
;;
;;
;;
;;
;;
;;
;;
;;
;;
;;
;;
;;
;;
;;
;;
;;
;;
;;
;;
;;
;;
;;
;;
;;
;;
;;
;;
;;
;;
;;
;;
;;
;;
;;
;;
;;
;;
;;
;;
;;
;;
;;
;;
;;
;;
;;
;;
;;
;;
;;
;;
;;
;;
;;
;;
;;
;;
;;
;;
;;
;;
;;
;;
;;
;;
;;
;;
;;
;;
;;
;;
;;
;;
;;
;;
;;
;;
;;
;;
;;
;;
;;
;;
;;
;;
;;
;;
;;
;;
;;
;;
;;
;;
;;
;;
;;
;;
;;
;;
;;
;;
;;
;;
;;
;;
;;
;;
;;
;;
;;
;;
;;
;;
;;
;;
;;
;;
;;
;;
;;
;;
;;
;;
;;
;;
;;
;;
;;
;;
;;
;;
;;
;;
;;
;;
;;
;;
;;
;;
;;
;;
;;
;;
;;
;;
;;
;;
;;
;;
;;
;;
;;
;;
;;
;;
;;
;;
;;
;;
;;
;;
;;
;;
;;
;;
;;
;;
;;
;;
;;
;;
;;
;;
;;
;;
;;
;;
;;
;;
;;
;;
;;
;;
;;
;;
;;
;;
;;
;;
;;
;;
;;
;;
;;
;;
;;
;;
;;
;;
;;
;;
;;
;;
;;
;;
;;
;;
;;
;;
;;
;;
;;
;;
;;
;;
;;
;;
;;
;;
;;
;;
;;
;;
;;
;;
;;
;;
;;
;;
;;
;;
;;
;;
;;
;;
;;
;;
;;
;;
;;
;;
;;
;;
;;
;;
;;
;;
;;
;;
;;
;;
;;
;;
;;
;;
;;
;;
;;
;;
;;
;;
;;
;;
;;
;;
;;
;;
;;
;;
;;
;;
;;
;;
;;
;;
;;
;;
;;
;;
;;
;;
;;
;;
;;
;;
;;
;;
;;
;;
;;
;;
;;
;;
;;
;;
;;
;;
;;
;;
;;
;;
;;
;;
;;
;;
;;
;;
;;
;;
;;
;;
;;
;;
;;
;;
;;
;;
;;
;;
;;
;;
;;
;;
;;
;;
;;
;;
;;
;;
;;
;;
;;
;;
;;
;;
;;
;;
;;
;;
;;
;;
;;
;;
;;
;;
;;
;;
;;
;;
;;
;;
;;
;;
;;
;;
;;
;;
;;
;;
;;
;;
;;
;;
;;
;;
;;
;;
;;
;;
;;
;;
;;
;;
;;
;;
;;
;;
;;
;;
;;
;;
;;
;;
;;
;;
;;
;;
;;
;;
;;
;;
;;
;;
;;
;;
;;
;;
;;
;;
;;
;;
;;
;;
;;
;;
;;
;;
;;
;;
;;
;;
;;
;;
;;
;;
;;
;;
;;
;;
;;
;;
;;
;;
;;
;;
;;
;;
;;
;;
;;
;;
;;
;;
;;
;;
;;
;;
;;
;;
;;
;;
;;
;;
;;
;;
;;
;;
;;
;;
;;
;;
;;
;;
;;
;;
;;
;;
;;
;;
;;
;;
;;
;;
;;
;;
;;
;;
;;
;;
;;
;;
;;
;;
;;
;;
;;
;;
;;
;;
;;
;;
;;
;;
;;
;;
;;
;;
;;
;;
;;
;;
;;
;;
;;
;;
;;
;;
;;
;;
;;
;;
;;
;;
;;
;;
;;
;;
;;
;;
;;
;;
;;
;;
;;
;;
;;
;;
;;
;;
;;
;;
;;
;;
;;
;;
;;
;;
;;
;;
;;
;;
;;
;;
;;
;;
;;
;;
;;
;;
;;
;;
;;
;;
;;
;;
;;
;;
;;
;;
;;
;;
;;
;;
;;
;;
;;
;;
;;
;;
;;
;;
;;
;;
;;
;;
;;
;;
;;
;;
;;
;;
;;
;;
;;
;;
;;
;;
;;
;;
;;
;;
;;
;;
;;
;;
;;
;;
;;
;;
;;
;;
;;
;;
;;
;;
;;
;;
;;
;;
;;
;;
;;
;;
;;
;;
;;
;;
;;
;;
;;
;;
;;
;;
;;
;;
;;
;;
;;
;;
;;
;;
;;
;;
;;
;;
;;
;;
;;
;;
;;
;;
;;
;;
;;
;;
;;
;;
;;
;;
;;
;;
;;
;;
;;
;;
;;
;;
;;
;;
;;
;;
;;
;;
;;
;;
;;
;;
;;
;;
;;
;;
;;
;;
;;
;;
;;
;;
;;
;;
;;
;;
;;
;;
;;
;;
;;
;;
;;
;;
;;
;;
;;
;;
;;
;;
;;
;;
;;
;;
;;
;;
;;
;;
;;
;;
;;
;;
;;
;;
;;
;;
;;
;;
;;
;;
;;
;;
;;
;;
;;
;;
;;
;;
;;
;;
;;
;;
;;
;;
;;
;;
;;
;;
;;
;;
;;
;;
;;
;;
;;
;;
;;
;;
;;
;;
;;
;;
;;
;;
;;
;;
;;
;;
;;
;;
;;
;;
;;
;;
;;
;;
;;
;;
;;
;;
;;
;;
;;
;;
;;
;;
;;
;;
;;
;;
;;
;;
;;
;;
;;
;;
;;
;;
;;
;;
;;
;;
;;
;;
;;
;;
;;
;;
;;
;;
;;
;;
;;
;;
;;
;;
;;
;;
;;
;;
;;
;;
;;
;;
;;
;;
;;
;;
;;
;;
;;
;;
;;
;;
;;
;;
;;
;;
;;
;;
;;
;;
;;
;;
;;
;;
;;
;;
;;
;;
;;
;;
;;
;;
;;
;;
;;
;;
;;
;;
;;
;;
;;
;;
;;
;;
;;
;;
;;
;;
;;
;;
;;
;;
;;
;;
;;
;;
;;
;;
;;
;;
;;
;;
;;
;;
;;
;;
;;
;;
;;
;;
;;
;;
;;
;;
;;
;;
;;
;;
;;
;;
;;
;;
;;
;;
;;
;;
;;
;;
;;
;;
;;
;;
;;
;;
;;
;;
;;
;;
;;
;;
;;
;;
;;
;;
;;
;;
;;
;;
;;
;;
;;
;;
;;
;;
;;
;;
;;
;;
;;
;;
;;
;;
;;
;;
;;
;;
;;
;;
;;
;;
;;
;;
;;
;;
;;
;;
;;
;;
;;
;;
;;
;;
;;
;;
;;
;;
;;
;;
;;
;;
;;
;;
;;
;;
;;
;;
;;
;;
;;
;;
;;
;;
;;
;;
;;
;;
;;
;;
;;
;;
;;
;;
;;
;;
;;
;;
;;
;;
;;
;;
;;
;;
;;
;;
;;
;;
;;
;;
;;
;;
;;
;;
;;
;;
;;
;;
;;
;;
;;
;;
;;
;;
;;
;;
;;
;;
;;
;;
;;
;;
;;
;;
;;
;;
;;
;;
;;
;;
;;
;;
;;
;;
;;
;;
;;
;;
;;
;;
;;
;;
;;
;;
;;
;;
;;
;;
;;
;;
;;
;;
;;
;;
;;
;;
;;
;;
;;
;;
;;
;;
;;
;;
;;
;;
;;
;;
;;
;;
;;
;;
;;
;;
;;
;;
;;
;;
;;
;;
;;
;;
;;
;;
;;
;;
;;
;;
;;
;;
;;
;;
;;
;;
;;
;;
;;
;;
;;
;;
;;
;;
;;
;;
;;
;;
;;
;;
;;
;;
;;
;;
;;
;;
;;
;;
;;
;;
;;
;;
;;
;;
;;
;;
;;
;;
;;
;;
;;
;;
;;
;;
;;
;;
;;
;;
;;
;;
;;
;;
;;
;;
;;
;;
;;
;;
;;
;;
;;
;;
;;
;;
;;
;;
;;
;;
;;
;;
;;
;;
;;
;;
;;
;;
;;
;;
;;
;;
;;
;;
;;
;;
;;
;;
;;
;;
;;
;;
;;
;;
;;
;;
;;
;;
;;
;;
;;
;;
;;
;;
;;
;;
;;
;;
;;
;;
;;
;;
;;
;;
;;
;;
;;
;;
;;
;;
;;
;;
;;
;;
;;
;;
;;
;;
;;
;;
;;
;;
;;
;;
;;
;;
;;
;;
;;
;;
;;
;;
;;
;;
;;
;;
;;
;;
;;
;;
;;
;;
;;
;;
;;
;;
;;
;;
;;
;;
;;
;;
;;
;;
;;
;;
;;
;;
;;
;;
;;
;;
;;
;;
;;
;;
;;
;;
;;
;;
;;
;;
;;
;;
;;
;;
;;
;;
;;
;;
;;
;;
;;
;;
;;
;;
;;
;;
;;
;;
;;
;;
;;
;;
;;
;;
;;
;;
;;
;;
;;
;;
;;
;;
;;
;;
;;
;;
;;
;;
;;
;;
;;
;;
;;
;;
;;
;;
;;
;;
;;
;;
;;
;;
;;
;;
;;
;;
;;
;;
;;
;;
